date,platform,product_id,category,state,sales,quantity
2023-10-01,Amazon,A6822,Accessories,Haryana,2481,3
2023-10-01,Amazon,A3646,Clothes,Madhya Pradesh,1074,2
2023-10-01,Amazon,A3962,Clothes,Bihar,1654,2
2023-10-01,Amazon,A3694,Home Decor,Telangana,5000,5
2023-10-01,Amazon,A4777,Accessories,Kerala,1932,3
2023-10-01,Amazon,A6020,Clothes,Karnataka,628,4
2023-10-01,Amazon,A6704,Accessories,Gujarat,604,2
2023-10-01,Amazon,A9458,Grocery,Bihar,1008,4
2023-10-01,Amazon,A3785,Home Decor,Gujarat,665,5
2023-10-01,Amazon,A7917,Home Decor,Gujarat,2596,4
2023-10-01,Amazon,A9441,Accessories,Chhattisgarh,656,4
2023-10-01,Amazon,A3492,Clothes,Assam,3580,4
2023-10-01,Amazon,A8106,Home Decor,Punjab,2619,3
2023-10-01,Amazon,A2182,Electronics,Odisha,1052,4
2023-10-01,Amazon,A2102,Grocery,Maharashtra,1149,3
2023-10-01,Amazon,A9455,Grocery,Rajasthan,4480,5
2023-10-01,Amazon,A3158,Electronics,Bihar,1440,2
2023-10-01,Amazon,A6092,Grocery,Rajasthan,760,4
2023-10-01,Amazon,A8549,Clothes,Andhra Pradesh,371,1
2023-10-01,Amazon,A9182,Home Decor,Odisha,1496,4
2023-10-02,Amazon,A2793,Home Decor,Tamil Nadu,2665,5
2023-10-02,Amazon,A4385,Electronics,Assam,697,1
2023-10-02,Amazon,A8260,Accessories,Rajasthan,390,1
2023-10-02,Amazon,A2924,Clothes,Odisha,2421,3
2023-10-02,Amazon,A8546,Grocery,Assam,1080,5
2023-10-02,Amazon,A7331,Accessories,Uttarakhand,2450,5
2023-10-02,Amazon,A6054,Clothes,Telangana,342,3
2023-10-02,Amazon,A6517,Accessories,Karnataka,212,2
2023-10-02,Amazon,A8844,Electronics,West Bengal,2995,5
2023-10-02,Amazon,A5764,Clothes,Punjab,1568,2
2023-10-02,Amazon,A2904,Grocery,Maharashtra,2901,3
2023-10-02,Amazon,A4096,Accessories,Uttarakhand,2535,3
2023-10-02,Amazon,A3421,Clothes,Kerala,3096,4
2023-10-02,Amazon,A1690,Home Decor,West Bengal,686,1
2023-10-02,Amazon,A3480,Home Decor,Tamil Nadu,2775,3
2023-10-02,Amazon,A2979,Home Decor,Rajasthan,1575,5
2023-10-02,Amazon,A8900,Home Decor,Assam,1356,4
2023-10-02,Amazon,A9580,Accessories,Odisha,1494,3
2023-10-02,Amazon,A7768,Clothes,West Bengal,1040,2
2023-10-02,Amazon,A5975,Clothes,Assam,747,1
2023-10-02,Amazon,A3035,Grocery,Maharashtra,1298,2
2023-10-02,Amazon,A8935,Grocery,Odisha,4955,5
2023-10-02,Amazon,A2551,Clothes,Odisha,2880,5
2023-10-02,Amazon,A2935,Accessories,Telangana,1432,2
2023-10-03,Amazon,A2377,Grocery,Uttarakhand,2200,5
2023-10-03,Amazon,A4342,Grocery,Kerala,1168,2
2023-10-03,Amazon,A9042,Clothes,Haryana,2600,5
2023-10-03,Amazon,A4580,Electronics,Odisha,1028,2
2023-10-03,Amazon,A7054,Electronics,Rajasthan,522,3
2023-10-03,Amazon,A9670,Accessories,Maharashtra,1490,5
2023-10-03,Amazon,A7993,Grocery,Uttar Pradesh,987,3
2023-10-03,Amazon,A6355,Grocery,West Bengal,2247,3
2023-10-03,Amazon,A7382,Clothes,Jharkhand,1532,2
2023-10-03,Amazon,A7222,Accessories,Telangana,3225,5
2023-10-03,Amazon,A1522,Clothes,Chhattisgarh,1884,4
2023-10-03,Amazon,A7699,Home Decor,Rajasthan,3412,4
2023-10-03,Amazon,A7960,Clothes,Uttar Pradesh,1899,3
2023-10-03,Amazon,A8658,Electronics,Uttar Pradesh,4185,5
2023-10-03,Amazon,A5440,Electronics,Telangana,2710,5
2023-10-03,Amazon,A2439,Clothes,Uttar Pradesh,3880,4
2023-10-03,Amazon,A2125,Electronics,Delhi,3252,4
2023-10-03,Amazon,A9977,Accessories,Uttarakhand,327,1
2023-10-03,Amazon,A8777,Electronics,Rajasthan,2976,4
2023-10-03,Amazon,A1299,Grocery,Punjab,1514,2
2023-10-03,Amazon,A6110,Home Decor,Uttarakhand,1479,3
2023-10-03,Amazon,A4397,Clothes,Karnataka,2212,4
2023-10-03,Amazon,A6370,Accessories,Haryana,1520,5
2023-10-03,Amazon,A5029,Clothes,Bihar,2870,5
2023-10-03,Amazon,A9715,Clothes,Uttarakhand,688,2
2023-10-03,Amazon,A4298,Home Decor,Jharkhand,1064,4
2023-10-03,Amazon,A7237,Clothes,Rajasthan,403,1
2023-10-03,Amazon,A3589,Electronics,Jharkhand,2676,4
2023-10-03,Amazon,A1989,Home Decor,Punjab,1635,5
2023-10-03,Amazon,A7474,Home Decor,Haryana,118,1
2023-10-03,Amazon,A6840,Clothes,Uttar Pradesh,339,3
2023-10-03,Amazon,A9607,Electronics,Chhattisgarh,910,1
2023-10-03,Amazon,A8553,Home Decor,Rajasthan,1888,4
2023-10-03,Amazon,A9919,Grocery,Uttarakhand,1994,2
2023-10-03,Amazon,A1115,Home Decor,Rajasthan,1015,5
2023-10-03,Amazon,A8471,Clothes,Odisha,3556,4
2023-10-03,Amazon,A6140,Clothes,Maharashtra,3855,5
2023-10-04,Amazon,A7349,Grocery,Rajasthan,792,1
2023-10-04,Amazon,A5066,Accessories,Jharkhand,870,1
2023-10-04,Amazon,A1531,Accessories,West Bengal,1280,4
2023-10-04,Amazon,A3155,Accessories,Karnataka,2874,3
2023-10-04,Amazon,A9131,Home Decor,Uttar Pradesh,648,2
2023-10-04,Amazon,A1048,Clothes,Punjab,3396,4
2023-10-04,Amazon,A7127,Accessories,Jharkhand,2348,4
2023-10-04,Amazon,A3949,Home Decor,Gujarat,1370,2
2023-10-04,Amazon,A3331,Home Decor,Maharashtra,1680,5
2023-10-04,Amazon,A6760,Accessories,Odisha,1574,2
2023-10-04,Amazon,A8898,Electronics,Haryana,400,2
2023-10-04,Amazon,A6180,Electronics,Haryana,828,2
2023-10-04,Amazon,A1326,Grocery,Punjab,1864,2
2023-10-04,Amazon,A9796,Accessories,Uttar Pradesh,3140,4
2023-10-04,Amazon,A1983,Home Decor,Bihar,374,1
2023-10-04,Amazon,A4778,Grocery,Chhattisgarh,2130,5
2023-10-04,Amazon,A9620,Home Decor,Andhra Pradesh,4260,5
2023-10-04,Amazon,A8470,Electronics,Bihar,792,3
2023-10-04,Amazon,A3689,Accessories,Karnataka,3515,5
2023-10-04,Amazon,A3698,Home Decor,Karnataka,2160,3
2023-10-04,Amazon,A2497,Home Decor,Maharashtra,414,1
2023-10-04,Amazon,A8357,Grocery,Telangana,1722,2
2023-10-04,Amazon,A6154,Electronics,West Bengal,640,2
2023-10-04,Amazon,A3563,Accessories,Madhya Pradesh,380,1
2023-10-04,Amazon,A3149,Clothes,Telangana,3815,5
2023-10-04,Amazon,A1845,Grocery,Bihar,952,1
2023-10-04,Amazon,A4376,Electronics,Chhattisgarh,2550,3
2023-10-04,Amazon,A9967,Electronics,West Bengal,1677,3
2023-10-04,Amazon,A4221,Grocery,Madhya Pradesh,562,1
2023-10-04,Amazon,A1001,Accessories,Madhya Pradesh,1354,2
2023-10-04,Amazon,A5966,Grocery,Punjab,3988,4
2023-10-04,Amazon,A3005,Clothes,Kerala,1535,5
2023-10-04,Amazon,A5177,Grocery,Karnataka,591,3
2023-10-04,Amazon,A5351,Grocery,Kerala,1182,2
2023-10-04,Amazon,A6650,Home Decor,Gujarat,2895,5
2023-10-04,Amazon,A3060,Clothes,West Bengal,1812,4
2023-10-04,Amazon,A1227,Accessories,Odisha,915,5
2023-10-04,Amazon,A1220,Grocery,Maharashtra,2925,5
2023-10-04,Amazon,A6511,Grocery,Gujarat,555,5
2023-10-04,Amazon,A6220,Accessories,Odisha,1185,3
2023-10-05,Amazon,A9724,Clothes,Bihar,692,1
2023-10-05,Amazon,A7633,Grocery,West Bengal,3080,5
2023-10-05,Amazon,A4709,Accessories,Punjab,1806,3
2023-10-05,Amazon,A1847,Grocery,Uttar Pradesh,840,2
2023-10-05,Amazon,A8511,Home Decor,Chhattisgarh,4065,5
2023-10-05,Amazon,A3504,Clothes,Jharkhand,2394,3
2023-10-05,Amazon,A6326,Grocery,Kerala,2210,5
2023-10-05,Amazon,A4238,Accessories,Karnataka,1287,3
2023-10-05,Amazon,A6559,Clothes,Rajasthan,819,3
2023-10-05,Amazon,A2273,Grocery,Haryana,4205,5
2023-10-05,Amazon,A2681,Home Decor,Chhattisgarh,3665,5
2023-10-05,Amazon,A8066,Home Decor,Madhya Pradesh,2715,5
2023-10-05,Amazon,A8589,Electronics,Jharkhand,1896,3
2023-10-05,Amazon,A3180,Grocery,Andhra Pradesh,1655,5
2023-10-05,Amazon,A3971,Clothes,Assam,1173,3
2023-10-05,Amazon,A4052,Clothes,Uttar Pradesh,2301,3
2023-10-05,Amazon,A9858,Accessories,Chhattisgarh,1574,2
2023-10-05,Amazon,A4631,Clothes,Bihar,932,1
2023-10-05,Amazon,A3136,Accessories,Uttar Pradesh,355,1
2023-10-05,Amazon,A9833,Home Decor,Uttarakhand,515,5
2023-10-05,Amazon,A7203,Grocery,Rajasthan,247,1
2023-10-05,Amazon,A8236,Clothes,Haryana,1257,3
2023-10-05,Amazon,A1550,Home Decor,Andhra Pradesh,302,2
2023-10-05,Amazon,A6577,Clothes,Kerala,1858,2
2023-10-05,Amazon,A5664,Accessories,Gujarat,1714,2
2023-10-05,Amazon,A3172,Grocery,Haryana,1365,3
2023-10-05,Amazon,A4665,Grocery,Bihar,908,4
2023-10-05,Amazon,A4870,Home Decor,Madhya Pradesh,3004,4
2023-10-05,Amazon,A6146,Electronics,Rajasthan,2505,5
2023-10-05,Amazon,A1018,Clothes,Haryana,1506,3
2023-10-06,Amazon,A9815,Accessories,Haryana,1899,3
2023-10-06,Amazon,A2926,Clothes,Gujarat,4950,5
2023-10-06,Amazon,A7984,Grocery,Delhi,262,1
2023-10-06,Amazon,A6962,Grocery,Kerala,969,3
2023-10-06,Amazon,A3810,Clothes,Chhattisgarh,437,1
2023-10-06,Amazon,A6312,Accessories,Maharashtra,2847,3
2023-10-06,Amazon,A8621,Electronics,Bihar,2324,4
2023-10-06,Amazon,A4373,Grocery,Kerala,634,1
2023-10-06,Amazon,A3105,Accessories,Assam,460,4
2023-10-06,Amazon,A4097,Grocery,Maharashtra,2994,3
2023-10-06,Amazon,A3315,Home Decor,Chhattisgarh,1251,3
2023-10-06,Amazon,A8718,Grocery,Punjab,2940,3
2023-10-06,Amazon,A3510,Electronics,Punjab,4405,5
2023-10-06,Amazon,A5932,Accessories,Jharkhand,2664,4
2023-10-06,Amazon,A7188,Electronics,Assam,1274,2
2023-10-06,Amazon,A8185,Electronics,Chhattisgarh,592,1
2023-10-06,Amazon,A4137,Accessories,Chhattisgarh,714,3
2023-10-06,Amazon,A1922,Clothes,Jharkhand,1262,2
2023-10-06,Amazon,A3179,Electronics,Maharashtra,364,1
2023-10-06,Amazon,A1070,Home Decor,Andhra Pradesh,3045,5
2023-10-06,Amazon,A7863,Electronics,Bihar,869,1
2023-10-06,Amazon,A3151,Grocery,Assam,2568,4
2023-10-06,Amazon,A6136,Electronics,Maharashtra,905,1
2023-10-06,Amazon,A9000,Grocery,Telangana,768,2
2023-10-06,Amazon,A7248,Home Decor,Delhi,1276,2
2023-10-06,Amazon,A5753,Home Decor,Gujarat,3360,4
2023-10-06,Amazon,A6920,Grocery,Andhra Pradesh,1930,2
2023-10-06,Amazon,A6476,Home Decor,Telangana,662,1
2023-10-06,Amazon,A1160,Electronics,Chhattisgarh,2080,5
2023-10-06,Amazon,A5936,Grocery,Rajasthan,1620,4
2023-10-06,Amazon,A7428,Electronics,Maharashtra,3688,4
2023-10-06,Amazon,A4944,Grocery,Assam,3095,5
2023-10-06,Amazon,A1948,Home Decor,Assam,864,2
2023-10-06,Amazon,A8781,Clothes,Punjab,829,1
2023-10-06,Amazon,A1136,Electronics,Chhattisgarh,690,2
2023-10-06,Amazon,A2584,Accessories,Haryana,542,1
2023-10-06,Amazon,A5570,Clothes,Gujarat,2424,4
2023-10-07,Amazon,A7325,Grocery,Rajasthan,169,1
2023-10-07,Amazon,A6093,Home Decor,Delhi,489,3
2023-10-07,Amazon,A9767,Electronics,West Bengal,1315,5
2023-10-07,Amazon,A3526,Clothes,Madhya Pradesh,542,2
2023-10-07,Amazon,A1509,Accessories,Odisha,472,1
2023-10-07,Amazon,A9749,Electronics,Gujarat,1996,2
2023-10-07,Amazon,A4466,Grocery,Odisha,326,1
2023-10-07,Amazon,A4747,Grocery,Delhi,1585,5
2023-10-07,Amazon,A5222,Accessories,Madhya Pradesh,1718,2
2023-10-07,Amazon,A7866,Accessories,Rajasthan,910,1
2023-10-07,Amazon,A9351,Home Decor,Punjab,3020,4
2023-10-07,Amazon,A8409,Clothes,Andhra Pradesh,1042,2
2023-10-07,Amazon,A6532,Home Decor,Uttarakhand,194,1
2023-10-07,Amazon,A8780,Electronics,Madhya Pradesh,668,4
2023-10-07,Amazon,A4125,Electronics,Tamil Nadu,2960,5
2023-10-07,Amazon,A2959,Home Decor,Assam,2586,3
2023-10-07,Amazon,A8114,Home Decor,Gujarat,4225,5
2023-10-07,Amazon,A5315,Grocery,Andhra Pradesh,2292,3
2023-10-07,Amazon,A2818,Clothes,Rajasthan,530,5
2023-10-07,Amazon,A4860,Electronics,Delhi,450,1
2023-10-07,Amazon,A9460,Home Decor,Delhi,2584,4
2023-10-07,Amazon,A9355,Electronics,Assam,3288,4
2023-10-07,Amazon,A1531,Electronics,West Bengal,882,2
2023-10-07,Amazon,A6180,Grocery,West Bengal,1752,4
2023-10-07,Amazon,A3463,Grocery,Karnataka,4405,5
2023-10-07,Amazon,A8185,Home Decor,Rajasthan,3788,4
2023-10-07,Amazon,A8921,Grocery,Tamil Nadu,530,1
2023-10-07,Amazon,A9077,Home Decor,Chhattisgarh,939,1
2023-10-07,Amazon,A9012,Electronics,Haryana,486,3
2023-10-07,Amazon,A8044,Electronics,Jharkhand,1285,5
2023-10-07,Amazon,A9931,Home Decor,Kerala,1908,2
2023-10-08,Amazon,A4258,Accessories,Uttar Pradesh,515,1
2023-10-08,Amazon,A4302,Grocery,West Bengal,2380,4
2023-10-08,Amazon,A9354,Grocery,Punjab,3364,4
2023-10-08,Amazon,A1354,Grocery,Delhi,4115,5
2023-10-08,Amazon,A2786,Clothes,Assam,837,1
2023-10-08,Amazon,A4791,Grocery,Gujarat,2784,3
2023-10-08,Amazon,A7103,Grocery,Andhra Pradesh,3545,5
2023-10-08,Amazon,A9375,Grocery,Madhya Pradesh,1945,5
2023-10-08,Amazon,A8902,Accessories,Bihar,2694,3
2023-10-08,Amazon,A7481,Clothes,Delhi,1500,2
2023-10-08,Amazon,A7772,Clothes,Uttarakhand,1728,3
2023-10-08,Amazon,A6289,Clothes,Punjab,1756,2
2023-10-08,Amazon,A8651,Grocery,Maharashtra,1358,2
2023-10-08,Amazon,A6802,Grocery,Tamil Nadu,3916,4
2023-10-08,Amazon,A7021,Home Decor,Jharkhand,1095,3
2023-10-08,Amazon,A1022,Grocery,Assam,3568,4
2023-10-08,Amazon,A9466,Clothes,Jharkhand,3028,4
2023-10-08,Amazon,A8934,Clothes,Delhi,1696,2
2023-10-08,Amazon,A1581,Grocery,West Bengal,1526,2
2023-10-08,Amazon,A2582,Clothes,Andhra Pradesh,624,3
2023-10-08,Amazon,A6427,Home Decor,Jharkhand,849,1
2023-10-08,Amazon,A1057,Clothes,Karnataka,3215,5
2023-10-08,Amazon,A3357,Grocery,Gujarat,2580,4
2023-10-08,Amazon,A2426,Clothes,West Bengal,741,1
2023-10-08,Amazon,A5745,Accessories,West Bengal,2690,5
2023-10-08,Amazon,A5273,Clothes,Tamil Nadu,444,4
2023-10-08,Amazon,A8389,Accessories,Assam,362,2
2023-10-08,Amazon,A8574,Clothes,Gujarat,1288,4
2023-10-08,Amazon,A9116,Grocery,Punjab,1842,3
2023-10-08,Amazon,A5917,Accessories,Assam,2545,5
2023-10-08,Amazon,A7289,Electronics,Maharashtra,1376,4
2023-10-08,Amazon,A4188,Grocery,Odisha,1548,3
2023-10-08,Amazon,A4080,Clothes,Tamil Nadu,872,1
2023-10-08,Amazon,A5958,Accessories,Delhi,687,3
2023-10-08,Amazon,A4574,Accessories,Bihar,843,3
2023-10-08,Amazon,A8194,Grocery,Jharkhand,2037,3
2023-10-09,Amazon,A6911,Accessories,Andhra Pradesh,517,1
2023-10-09,Amazon,A6772,Grocery,Telangana,2905,5
2023-10-09,Amazon,A4641,Clothes,Bihar,579,1
2023-10-09,Amazon,A8897,Home Decor,Assam,2313,3
2023-10-09,Amazon,A4671,Accessories,Jharkhand,346,1
2023-10-09,Amazon,A4334,Home Decor,Madhya Pradesh,692,4
2023-10-09,Amazon,A9968,Grocery,Bihar,920,2
2023-10-09,Amazon,A1544,Electronics,Delhi,2112,4
2023-10-09,Amazon,A7585,Accessories,Uttarakhand,841,1
2023-10-09,Amazon,A5582,Accessories,Assam,830,1
2023-10-09,Amazon,A7940,Grocery,Madhya Pradesh,1385,5
2023-10-09,Amazon,A1992,Clothes,Kerala,3096,4
2023-10-09,Amazon,A2131,Clothes,Jharkhand,206,1
2023-10-09,Amazon,A7348,Electronics,Odisha,440,1
2023-10-09,Amazon,A3230,Grocery,Delhi,1144,2
2023-10-09,Amazon,A9789,Clothes,Odisha,3492,4
2023-10-09,Amazon,A3712,Clothes,West Bengal,4445,5
2023-10-09,Amazon,A9335,Clothes,Uttarakhand,2676,3
2023-10-09,Amazon,A7568,Accessories,Rajasthan,844,2
2023-10-09,Amazon,A9072,Home Decor,Bihar,4410,5
2023-10-09,Amazon,A6820,Electronics,Jharkhand,1064,4
2023-10-09,Amazon,A1324,Clothes,Odisha,426,3
2023-10-09,Amazon,A6222,Grocery,West Bengal,848,1
2023-10-09,Amazon,A9661,Clothes,Jharkhand,772,1
2023-10-09,Amazon,A6067,Grocery,Maharashtra,2325,5
2023-10-09,Amazon,A8906,Accessories,Bihar,2148,4
2023-10-09,Amazon,A4843,Grocery,Tamil Nadu,500,1
2023-10-09,Amazon,A3557,Home Decor,Maharashtra,2811,3
2023-10-10,Amazon,A9951,Accessories,Assam,2620,5
2023-10-10,Amazon,A5694,Electronics,Maharashtra,3865,5
2023-10-10,Amazon,A4460,Clothes,Punjab,1450,5
2023-10-10,Amazon,A8274,Electronics,Maharashtra,1388,4
2023-10-10,Amazon,A4316,Accessories,Uttar Pradesh,1740,3
2023-10-10,Amazon,A3562,Electronics,Punjab,4550,5
2023-10-10,Amazon,A4858,Grocery,West Bengal,1812,4
2023-10-10,Amazon,A6786,Clothes,Uttar Pradesh,2250,3
2023-10-10,Amazon,A6602,Electronics,Bihar,2210,5
2023-10-10,Amazon,A4291,Home Decor,Kerala,1612,2
2023-10-10,Amazon,A4180,Home Decor,Haryana,1965,3
2023-10-10,Amazon,A2373,Grocery,Assam,1356,3
2023-10-10,Amazon,A3768,Accessories,Chhattisgarh,1400,5
2023-10-10,Amazon,A2913,Clothes,Jharkhand,2835,5
2023-10-10,Amazon,A5699,Electronics,Maharashtra,2778,3
2023-10-10,Amazon,A5948,Electronics,West Bengal,465,1
2023-10-10,Amazon,A2057,Grocery,Odisha,596,2
2023-10-10,Amazon,A6284,Clothes,Andhra Pradesh,746,1
2023-10-10,Amazon,A5417,Clothes,Tamil Nadu,3870,5
2023-10-10,Amazon,A7584,Grocery,West Bengal,391,1
2023-10-10,Amazon,A8200,Electronics,Uttarakhand,1113,3
2023-10-10,Amazon,A7243,Electronics,Haryana,372,2
2023-10-10,Amazon,A5413,Home Decor,Haryana,885,5
2023-10-10,Amazon,A9462,Grocery,Rajasthan,3650,5
2023-10-10,Amazon,A9567,Grocery,Uttar Pradesh,446,2
2023-10-10,Amazon,A5633,Clothes,Andhra Pradesh,255,1
2023-10-10,Amazon,A1273,Electronics,Karnataka,1360,2
2023-10-10,Amazon,A9977,Accessories,Chhattisgarh,363,1
2023-10-11,Amazon,A9511,Grocery,Delhi,3605,5
2023-10-11,Amazon,A7076,Electronics,Punjab,1400,4
2023-10-11,Amazon,A7889,Home Decor,Delhi,3036,4
2023-10-11,Amazon,A7590,Accessories,Maharashtra,655,1
2023-10-11,Amazon,A5715,Clothes,Assam,720,4
2023-10-11,Amazon,A4913,Electronics,West Bengal,2084,4
2023-10-11,Amazon,A5443,Home Decor,Punjab,1570,2
2023-10-11,Amazon,A2205,Grocery,Assam,1599,3
2023-10-11,Amazon,A7808,Accessories,Gujarat,2804,4
2023-10-11,Amazon,A9585,Home Decor,Haryana,2877,3
2023-10-11,Amazon,A5017,Home Decor,Uttarakhand,3692,4
2023-10-11,Amazon,A4427,Electronics,Odisha,1432,4
2023-10-11,Amazon,A8510,Grocery,Bihar,404,2
2023-10-11,Amazon,A3363,Clothes,Uttar Pradesh,1960,5
2023-10-11,Amazon,A4326,Clothes,Delhi,4530,5
2023-10-11,Amazon,A3943,Electronics,Kerala,4875,5
2023-10-11,Amazon,A8991,Clothes,Uttarakhand,1464,4
2023-10-11,Amazon,A2448,Clothes,Jharkhand,1167,3
2023-10-11,Amazon,A8555,Grocery,Telangana,870,2
2023-10-11,Amazon,A2952,Grocery,Assam,2379,3
2023-10-11,Amazon,A2876,Home Decor,Rajasthan,542,2
2023-10-11,Amazon,A6026,Grocery,Haryana,1290,5
2023-10-11,Amazon,A5433,Clothes,Haryana,1468,4
2023-10-11,Amazon,A4650,Grocery,Karnataka,4905,5
2023-10-11,Amazon,A6008,Grocery,Jharkhand,536,1
2023-10-11,Amazon,A6186,Clothes,Gujarat,436,1
2023-10-11,Amazon,A9943,Grocery,Jharkhand,1532,4
2023-10-11,Amazon,A7482,Home Decor,Haryana,1887,3
2023-10-11,Amazon,A5395,Clothes,Gujarat,908,1
2023-10-11,Amazon,A7734,Clothes,Assam,1820,5
2023-10-12,Amazon,A1746,Electronics,Uttar Pradesh,1647,3
2023-10-12,Amazon,A5445,Clothes,Rajasthan,336,1
2023-10-12,Amazon,A7331,Clothes,Assam,1460,5
2023-10-12,Amazon,A2473,Clothes,Madhya Pradesh,2600,4
2023-10-12,Amazon,A4279,Clothes,Haryana,2124,3
2023-10-12,Amazon,A6460,Home Decor,Delhi,1356,3
2023-10-12,Amazon,A2748,Accessories,Jharkhand,1104,2
2023-10-12,Amazon,A9595,Clothes,Odisha,996,1
2023-10-12,Amazon,A5994,Electronics,Tamil Nadu,1856,4
2023-10-12,Amazon,A9567,Accessories,Odisha,824,2
2023-10-12,Amazon,A3247,Grocery,Haryana,1158,2
2023-10-12,Amazon,A4666,Home Decor,Assam,688,2
2023-10-12,Amazon,A1348,Electronics,Telangana,747,3
2023-10-12,Amazon,A6495,Grocery,Haryana,894,1
2023-10-12,Amazon,A2386,Clothes,Madhya Pradesh,4995,5
2023-10-12,Amazon,A7327,Home Decor,Karnataka,1258,2
2023-10-12,Amazon,A2120,Clothes,Gujarat,574,2
2023-10-12,Amazon,A3794,Clothes,Madhya Pradesh,2312,4
2023-10-12,Amazon,A5986,Electronics,Assam,366,3
2023-10-12,Amazon,A6233,Clothes,Punjab,183,1
2023-10-12,Amazon,A5019,Electronics,Karnataka,2310,3
2023-10-12,Amazon,A8183,Accessories,Andhra Pradesh,1758,2
2023-10-12,Amazon,A7271,Clothes,Madhya Pradesh,450,3
2023-10-13,Amazon,A8233,Accessories,Kerala,1830,2
2023-10-13,Amazon,A6828,Accessories,Madhya Pradesh,2424,3
2023-10-13,Amazon,A6016,Clothes,Odisha,3940,4
2023-10-13,Amazon,A9726,Electronics,Delhi,1024,2
2023-10-13,Amazon,A8315,Home Decor,Bihar,2565,3
2023-10-13,Amazon,A9833,Electronics,Bihar,2667,3
2023-10-13,Amazon,A1258,Home Decor,Madhya Pradesh,1854,2
2023-10-13,Amazon,A1545,Accessories,Karnataka,933,1
2023-10-13,Amazon,A3401,Electronics,Chhattisgarh,3270,5
2023-10-13,Amazon,A4275,Electronics,Bihar,640,5
2023-10-13,Amazon,A6796,Clothes,Madhya Pradesh,315,1
2023-10-13,Amazon,A6921,Clothes,Rajasthan,952,4
2023-10-13,Amazon,A5998,Electronics,Maharashtra,1590,3
2023-10-13,Amazon,A5948,Electronics,Punjab,451,1
2023-10-13,Amazon,A7004,Clothes,Assam,1416,3
2023-10-13,Amazon,A4272,Clothes,Haryana,3044,4
2023-10-13,Amazon,A3513,Electronics,Rajasthan,622,1
2023-10-13,Amazon,A9187,Accessories,Haryana,1145,5
2023-10-13,Amazon,A9612,Accessories,Jharkhand,101,1
2023-10-13,Amazon,A9475,Accessories,Delhi,2211,3
2023-10-13,Amazon,A6421,Electronics,Kerala,3750,5
2023-10-13,Amazon,A8772,Electronics,Chhattisgarh,2187,3
2023-10-13,Amazon,A6833,Accessories,Punjab,1826,2
2023-10-13,Amazon,A5871,Clothes,Karnataka,2440,5
2023-10-13,Amazon,A1455,Grocery,Assam,1629,3
2023-10-13,Amazon,A5432,Electronics,Delhi,159,1
2023-10-13,Amazon,A7382,Electronics,Punjab,408,4
2023-10-13,Amazon,A1398,Electronics,Andhra Pradesh,684,3
2023-10-13,Amazon,A5186,Electronics,Punjab,3364,4
2023-10-13,Amazon,A3533,Accessories,Gujarat,1810,5
2023-10-13,Amazon,A1736,Grocery,Tamil Nadu,2442,3
2023-10-13,Amazon,A2122,Grocery,Karnataka,4395,5
2023-10-13,Amazon,A8413,Clothes,Tamil Nadu,1023,3
2023-10-13,Amazon,A9433,Accessories,Odisha,752,1
2023-10-14,Amazon,A4930,Electronics,Uttarakhand,2860,4
2023-10-14,Amazon,A8798,Accessories,Rajasthan,1978,2
2023-10-14,Amazon,A5088,Home Decor,Uttar Pradesh,1185,3
2023-10-14,Amazon,A6357,Grocery,Maharashtra,2000,4
2023-10-14,Amazon,A8239,Accessories,Assam,984,2
2023-10-14,Amazon,A3428,Clothes,Odisha,2592,4
2023-10-14,Amazon,A5234,Home Decor,Punjab,2544,4
2023-10-14,Amazon,A6731,Electronics,Punjab,917,1
2023-10-14,Amazon,A2510,Electronics,Jharkhand,1900,5
2023-10-14,Amazon,A9635,Home Decor,Telangana,1332,4
2023-10-14,Amazon,A5575,Grocery,Odisha,1395,3
2023-10-14,Amazon,A5755,Clothes,Jharkhand,872,4
2023-10-14,Amazon,A3041,Accessories,Uttarakhand,3172,4
2023-10-14,Amazon,A5480,Grocery,Rajasthan,1910,2
2023-10-14,Amazon,A6627,Home Decor,Madhya Pradesh,4215,5
2023-10-14,Amazon,A1551,Home Decor,Chhattisgarh,240,1
2023-10-14,Amazon,A6689,Grocery,Uttar Pradesh,1389,3
2023-10-14,Amazon,A5348,Grocery,West Bengal,2745,3
2023-10-14,Amazon,A9000,Accessories,Maharashtra,1498,2
2023-10-14,Amazon,A4196,Grocery,Chhattisgarh,1784,2
2023-10-14,Amazon,A6934,Grocery,Chhattisgarh,1888,2
2023-10-14,Amazon,A2022,Accessories,Haryana,2310,5
2023-10-14,Amazon,A8347,Electronics,Madhya Pradesh,2394,3
2023-10-15,Amazon,A4693,Accessories,Assam,993,3
2023-10-15,Amazon,A7337,Electronics,Uttarakhand,3650,5
2023-10-15,Amazon,A9952,Accessories,Madhya Pradesh,2935,5
2023-10-15,Amazon,A3637,Grocery,Karnataka,1468,4
2023-10-15,Amazon,A6555,Home Decor,Tamil Nadu,347,1
2023-10-15,Amazon,A8374,Grocery,Madhya Pradesh,1172,4
2023-10-15,Amazon,A6028,Grocery,Karnataka,2732,4
2023-10-15,Amazon,A2704,Accessories,Uttar Pradesh,2256,3
2023-10-15,Amazon,A9282,Grocery,Tamil Nadu,342,2
2023-10-15,Amazon,A8070,Accessories,Haryana,1521,3
2023-10-15,Amazon,A3713,Accessories,Chhattisgarh,318,1
2023-10-15,Amazon,A7303,Electronics,Madhya Pradesh,1272,4
2023-10-15,Amazon,A6073,Grocery,Kerala,1329,3
2023-10-15,Amazon,A1199,Accessories,Madhya Pradesh,2664,4
2023-10-15,Amazon,A1931,Grocery,Tamil Nadu,2108,4
2023-10-15,Amazon,A6759,Grocery,Karnataka,424,1
2023-10-15,Amazon,A7262,Accessories,Tamil Nadu,774,3
2023-10-15,Amazon,A7220,Clothes,Uttarakhand,409,1
2023-10-15,Amazon,A2703,Clothes,Rajasthan,1786,2
2023-10-15,Amazon,A4905,Clothes,Gujarat,1722,2
2023-10-15,Amazon,A4424,Clothes,Uttarakhand,393,1
2023-10-15,Amazon,A5624,Home Decor,Kerala,1012,2
2023-10-15,Amazon,A2078,Electronics,Bihar,2220,3
2023-10-15,Amazon,A3762,Electronics,Maharashtra,1018,2
2023-10-15,Amazon,A1999,Grocery,West Bengal,2136,4
2023-10-15,Amazon,A1322,Clothes,Andhra Pradesh,1416,4
2023-10-15,Amazon,A4050,Home Decor,Telangana,984,4
2023-10-15,Amazon,A7826,Grocery,Uttarakhand,693,1
2023-10-16,Amazon,A5415,Accessories,West Bengal,1030,2
2023-10-16,Amazon,A1237,Electronics,Bihar,1815,3
2023-10-16,Amazon,A4270,Grocery,Uttar Pradesh,949,1
2023-10-16,Amazon,A8326,Clothes,Andhra Pradesh,2730,3
2023-10-16,Amazon,A1795,Electronics,Gujarat,635,5
2023-10-16,Amazon,A6568,Accessories,Tamil Nadu,3110,5
2023-10-16,Amazon,A6649,Electronics,Haryana,4770,5
2023-10-16,Amazon,A4388,Clothes,Tamil Nadu,801,1
2023-10-16,Amazon,A8890,Accessories,Delhi,712,4
2023-10-16,Amazon,A4645,Accessories,Tamil Nadu,519,1
2023-10-16,Amazon,A1874,Clothes,Uttarakhand,3056,4
2023-10-16,Amazon,A6161,Accessories,Rajasthan,1902,3
2023-10-16,Amazon,A8788,Electronics,Delhi,276,2
2023-10-16,Amazon,A5349,Home Decor,Odisha,3656,4
2023-10-16,Amazon,A8625,Home Decor,Kerala,373,1
2023-10-16,Amazon,A4680,Electronics,Punjab,1806,2
2023-10-16,Amazon,A7793,Clothes,Bihar,292,2
2023-10-16,Amazon,A1308,Grocery,Haryana,2433,3
2023-10-16,Amazon,A1337,Clothes,Karnataka,1770,3
2023-10-16,Amazon,A2995,Accessories,West Bengal,276,1
2023-10-16,Amazon,A7003,Electronics,Chhattisgarh,1758,2
2023-10-16,Amazon,A1766,Clothes,Madhya Pradesh,1710,5
2023-10-16,Amazon,A8473,Electronics,Uttar Pradesh,134,1
2023-10-16,Amazon,A4699,Electronics,Odisha,342,2
2023-10-16,Amazon,A9087,Accessories,Andhra Pradesh,668,1
2023-10-16,Amazon,A2065,Home Decor,Tamil Nadu,2040,5
2023-10-16,Amazon,A5746,Grocery,Madhya Pradesh,1390,2
2023-10-16,Amazon,A7048,Accessories,Andhra Pradesh,1098,3
2023-10-16,Amazon,A8892,Grocery,Bihar,1176,3
2023-10-16,Amazon,A9009,Electronics,Odisha,1364,4
2023-10-16,Amazon,A6773,Accessories,Andhra Pradesh,872,4
2023-10-16,Amazon,A5882,Grocery,Uttar Pradesh,104,1
2023-10-16,Amazon,A9470,Accessories,Delhi,690,2
2023-10-16,Amazon,A3300,Clothes,Bihar,750,3
2023-10-17,Amazon,A1391,Accessories,West Bengal,261,1
2023-10-17,Amazon,A7808,Clothes,Gujarat,725,5
2023-10-17,Amazon,A2131,Accessories,Jharkhand,1960,5
2023-10-17,Amazon,A1645,Electronics,Andhra Pradesh,1023,3
2023-10-17,Amazon,A8283,Home Decor,Jharkhand,607,1
2023-10-17,Amazon,A4691,Grocery,Telangana,3265,5
2023-10-17,Amazon,A6283,Clothes,Madhya Pradesh,178,1
2023-10-17,Amazon,A2364,Electronics,Jharkhand,2356,4
2023-10-17,Amazon,A9515,Clothes,Gujarat,1917,3
2023-10-17,Amazon,A8685,Clothes,Punjab,1950,3
2023-10-17,Amazon,A3740,Accessories,Gujarat,1610,5
2023-10-17,Amazon,A8031,Grocery,Telangana,3664,4
2023-10-17,Amazon,A7879,Grocery,Punjab,2465,5
2023-10-17,Amazon,A8587,Home Decor,Uttarakhand,3084,4
2023-10-17,Amazon,A4307,Clothes,Odisha,2600,4
2023-10-17,Amazon,A1349,Electronics,Jharkhand,356,2
2023-10-17,Amazon,A2445,Grocery,Chhattisgarh,2680,4
2023-10-17,Amazon,A2921,Grocery,Madhya Pradesh,2886,3
2023-10-17,Amazon,A3647,Clothes,Delhi,2004,3
2023-10-17,Amazon,A5062,Home Decor,Punjab,2202,3
2023-10-17,Amazon,A5029,Home Decor,Jharkhand,616,2
2023-10-17,Amazon,A3135,Home Decor,Andhra Pradesh,2463,3
2023-10-17,Amazon,A7099,Clothes,Maharashtra,775,1
2023-10-18,Amazon,A4994,Grocery,Delhi,1346,2
2023-10-18,Amazon,A2392,Electronics,Jharkhand,400,1
2023-10-18,Amazon,A6702,Home Decor,Chhattisgarh,627,1
2023-10-18,Amazon,A9696,Home Decor,Haryana,4175,5
2023-10-18,Amazon,A5252,Grocery,West Bengal,3580,5
2023-10-18,Amazon,A2239,Accessories,Assam,3816,4
2023-10-18,Amazon,A6400,Electronics,Andhra Pradesh,3196,4
2023-10-18,Amazon,A3601,Clothes,Haryana,802,2
2023-10-18,Amazon,A8562,Accessories,West Bengal,530,5
2023-10-18,Amazon,A6424,Accessories,Kerala,1004,2
2023-10-18,Amazon,A4643,Grocery,Assam,1616,4
2023-10-18,Amazon,A1137,Electronics,Delhi,1860,4
2023-10-18,Amazon,A2224,Grocery,West Bengal,880,2
2023-10-18,Amazon,A8847,Home Decor,Uttarakhand,543,3
2023-10-18,Amazon,A5789,Home Decor,Kerala,2464,4
2023-10-18,Amazon,A7617,Accessories,Andhra Pradesh,1672,2
2023-10-18,Amazon,A9646,Accessories,Kerala,726,2
2023-10-18,Amazon,A9826,Electronics,Punjab,4365,5
2023-10-18,Amazon,A6196,Electronics,Bihar,3488,4
2023-10-18,Amazon,A7174,Electronics,Maharashtra,942,3
2023-10-18,Amazon,A1365,Electronics,Telangana,1276,4
2023-10-18,Amazon,A1006,Grocery,West Bengal,2688,3
2023-10-18,Amazon,A3333,Clothes,Delhi,1328,4
2023-10-18,Amazon,A7311,Grocery,Gujarat,956,1
2023-10-18,Amazon,A9990,Home Decor,Punjab,1474,2
2023-10-18,Amazon,A9907,Clothes,Uttar Pradesh,645,1
2023-10-18,Amazon,A3862,Electronics,Chhattisgarh,3476,4
2023-10-18,Amazon,A3791,Grocery,Maharashtra,2720,4
2023-10-19,Amazon,A7695,Accessories,Gujarat,2520,4
2023-10-19,Amazon,A7470,Accessories,Odisha,2385,3
2023-10-19,Amazon,A7140,Electronics,Uttarakhand,710,1
2023-10-19,Amazon,A4485,Home Decor,Uttar Pradesh,3280,4
2023-10-19,Amazon,A6255,Accessories,Uttar Pradesh,2613,3
2023-10-19,Amazon,A5430,Home Decor,Rajasthan,1132,2
2023-10-19,Amazon,A7173,Grocery,Kerala,776,1
2023-10-19,Amazon,A6141,Electronics,Karnataka,829,1
2023-10-19,Amazon,A6205,Electronics,Delhi,1272,3
2023-10-19,Amazon,A7344,Home Decor,Jharkhand,722,2
2023-10-19,Amazon,A5031,Home Decor,West Bengal,103,1
2023-10-19,Amazon,A8880,Electronics,Maharashtra,643,1
2023-10-19,Amazon,A8063,Home Decor,Kerala,3268,4
2023-10-19,Amazon,A5358,Electronics,Karnataka,3855,5
2023-10-19,Amazon,A6716,Accessories,Madhya Pradesh,1818,3
2023-10-19,Amazon,A6117,Grocery,Uttarakhand,145,1
2023-10-19,Amazon,A4150,Home Decor,Uttarakhand,982,2
2023-10-19,Amazon,A9942,Clothes,Assam,2660,5
2023-10-19,Amazon,A8294,Clothes,Maharashtra,1692,4
2023-10-19,Amazon,A1136,Grocery,Punjab,1368,4
2023-10-19,Amazon,A3347,Home Decor,Delhi,1865,5
2023-10-19,Amazon,A3072,Grocery,Delhi,2070,3
2023-10-19,Amazon,A5486,Home Decor,Odisha,3836,4
2023-10-19,Amazon,A3687,Electronics,Jharkhand,3512,4
2023-10-19,Amazon,A8535,Accessories,Kerala,2736,3
2023-10-19,Amazon,A5397,Accessories,Delhi,2331,3
2023-10-19,Amazon,A8598,Home Decor,Odisha,1926,2
2023-10-19,Amazon,A2430,Home Decor,Bihar,724,4
2023-10-19,Amazon,A4941,Electronics,Karnataka,616,1
2023-10-19,Amazon,A2427,Home Decor,Maharashtra,195,1
2023-10-19,Amazon,A6472,Electronics,Uttarakhand,1809,3
2023-10-19,Amazon,A3822,Electronics,West Bengal,1582,2
2023-10-19,Amazon,A1020,Accessories,Maharashtra,3930,5
2023-10-19,Amazon,A7936,Clothes,Odisha,949,1
2023-10-19,Amazon,A6052,Accessories,Madhya Pradesh,728,2
2023-10-19,Amazon,A3398,Home Decor,Assam,2980,5
2023-10-19,Amazon,A9951,Electronics,Karnataka,344,2
2023-10-19,Amazon,A8974,Electronics,Maharashtra,192,1
2023-10-19,Amazon,A3376,Accessories,Uttarakhand,4115,5
2023-10-19,Amazon,A9059,Accessories,Telangana,3425,5
2023-10-20,Amazon,A6284,Grocery,Telangana,4860,5
2023-10-20,Amazon,A5564,Home Decor,Madhya Pradesh,1600,5
2023-10-20,Amazon,A2185,Home Decor,Chhattisgarh,670,1
2023-10-20,Amazon,A2217,Home Decor,Tamil Nadu,2215,5
2023-10-20,Amazon,A3414,Grocery,Punjab,2970,3
2023-10-20,Amazon,A3395,Accessories,Haryana,526,1
2023-10-20,Amazon,A2848,Electronics,Gujarat,2703,3
2023-10-20,Amazon,A5395,Home Decor,Uttarakhand,2295,3
2023-10-20,Amazon,A1916,Clothes,Telangana,821,1
2023-10-20,Amazon,A3251,Clothes,Bihar,782,1
2023-10-20,Amazon,A5606,Grocery,Chhattisgarh,675,3
2023-10-20,Amazon,A4987,Clothes,Haryana,2472,4
2023-10-20,Amazon,A2654,Electronics,Rajasthan,3192,4
2023-10-20,Amazon,A6225,Home Decor,Gujarat,1692,3
2023-10-20,Amazon,A1144,Home Decor,Chhattisgarh,2949,3
2023-10-20,Amazon,A5888,Electronics,Uttar Pradesh,716,4
2023-10-20,Amazon,A3830,Accessories,Uttarakhand,133,1
2023-10-20,Amazon,A7384,Clothes,Tamil Nadu,157,1
2023-10-20,Amazon,A1441,Home Decor,Andhra Pradesh,184,1
2023-10-20,Amazon,A9199,Accessories,Telangana,1786,2
2023-10-20,Amazon,A1677,Home Decor,Assam,2067,3
2023-10-20,Amazon,A6511,Electronics,Maharashtra,2862,3
2023-10-20,Amazon,A4102,Grocery,Andhra Pradesh,1720,4
2023-10-20,Amazon,A4212,Electronics,Maharashtra,441,1
2023-10-20,Amazon,A6205,Grocery,Chhattisgarh,976,4
2023-10-21,Amazon,A5359,Clothes,Punjab,451,1
2023-10-21,Amazon,A7405,Home Decor,Gujarat,3805,5
2023-10-21,Amazon,A1718,Home Decor,West Bengal,4690,5
2023-10-21,Amazon,A1745,Electronics,Punjab,929,1
2023-10-21,Amazon,A9198,Grocery,Madhya Pradesh,1896,3
2023-10-21,Amazon,A8402,Electronics,Tamil Nadu,756,3
2023-10-21,Amazon,A6984,Grocery,Haryana,3635,5
2023-10-21,Amazon,A6654,Electronics,Odisha,323,1
2023-10-21,Amazon,A7028,Clothes,Bihar,898,1
2023-10-21,Amazon,A6879,Home Decor,Jharkhand,549,1
2023-10-21,Amazon,A2335,Home Decor,Uttar Pradesh,1812,4
2023-10-21,Amazon,A8302,Clothes,Gujarat,656,4
2023-10-21,Amazon,A3538,Grocery,Odisha,552,4
2023-10-21,Amazon,A1164,Accessories,Maharashtra,3380,4
2023-10-21,Amazon,A2470,Accessories,Uttarakhand,1558,2
2023-10-21,Amazon,A3496,Clothes,West Bengal,1195,5
2023-10-21,Amazon,A6542,Grocery,Uttar Pradesh,404,1
2023-10-21,Amazon,A4739,Home Decor,Kerala,510,5
2023-10-21,Amazon,A1746,Clothes,Maharashtra,3592,4
2023-10-21,Amazon,A3530,Accessories,Andhra Pradesh,2612,4
2023-10-21,Amazon,A5239,Grocery,Bihar,1170,2
2023-10-21,Amazon,A2151,Home Decor,Delhi,807,3
2023-10-21,Amazon,A5675,Accessories,Kerala,3615,5
2023-10-21,Amazon,A7005,Clothes,Assam,3436,4
2023-10-21,Amazon,A6479,Clothes,Kerala,1966,2
2023-10-21,Amazon,A8833,Clothes,Jharkhand,956,1
2023-10-21,Amazon,A7439,Clothes,Rajasthan,4105,5
2023-10-21,Amazon,A8258,Home Decor,West Bengal,2673,3
2023-10-21,Amazon,A1253,Home Decor,Kerala,2875,5
2023-10-21,Amazon,A5189,Electronics,Telangana,877,1
2023-10-21,Amazon,A8066,Electronics,Uttarakhand,941,1
2023-10-21,Amazon,A8119,Home Decor,Telangana,1138,2
2023-10-21,Amazon,A6661,Accessories,Andhra Pradesh,2400,5
2023-10-21,Amazon,A9568,Clothes,Tamil Nadu,2574,3
2023-10-21,Amazon,A6075,Electronics,Kerala,675,1
2023-10-21,Amazon,A4509,Accessories,Delhi,1332,3
2023-10-22,Amazon,A9100,Electronics,Bihar,2900,5
2023-10-22,Amazon,A5743,Accessories,Haryana,645,5
2023-10-22,Amazon,A7406,Clothes,Assam,2364,4
2023-10-22,Amazon,A8421,Electronics,Gujarat,800,1
2023-10-22,Amazon,A8571,Home Decor,Delhi,3940,5
2023-10-22,Amazon,A7805,Accessories,Rajasthan,1640,4
2023-10-22,Amazon,A1876,Clothes,Gujarat,566,2
2023-10-22,Amazon,A5068,Accessories,Madhya Pradesh,1020,5
2023-10-22,Amazon,A2822,Clothes,Maharashtra,2645,5
2023-10-22,Amazon,A2934,Grocery,Telangana,2816,4
2023-10-22,Amazon,A9420,Accessories,Telangana,4480,5
2023-10-22,Amazon,A9561,Accessories,West Bengal,1594,2
2023-10-22,Amazon,A2241,Clothes,Gujarat,696,2
2023-10-22,Amazon,A3886,Grocery,Karnataka,617,1
2023-10-22,Amazon,A4971,Clothes,Bihar,2730,3
2023-10-22,Amazon,A4335,Electronics,Punjab,2600,4
2023-10-22,Amazon,A4978,Electronics,Odisha,4845,5
2023-10-22,Amazon,A4286,Electronics,Tamil Nadu,2575,5
2023-10-22,Amazon,A1345,Home Decor,Uttarakhand,796,4
2023-10-22,Amazon,A8551,Electronics,Jharkhand,1500,3
2023-10-22,Amazon,A7589,Grocery,Rajasthan,380,2
2023-10-22,Amazon,A5533,Accessories,Uttarakhand,2740,5
2023-10-22,Amazon,A9319,Clothes,Rajasthan,2215,5
2023-10-22,Amazon,A2223,Accessories,Andhra Pradesh,4705,5
2023-10-22,Amazon,A6378,Home Decor,Rajasthan,4355,5
2023-10-22,Amazon,A3408,Electronics,Jharkhand,3970,5
2023-10-23,Amazon,A1505,Accessories,Telangana,1432,2
2023-10-23,Amazon,A8431,Home Decor,Rajasthan,158,1
2023-10-23,Amazon,A9441,Grocery,Tamil Nadu,3056,4
2023-10-23,Amazon,A9804,Accessories,Uttarakhand,2275,5
2023-10-23,Amazon,A4534,Accessories,Madhya Pradesh,679,1
2023-10-23,Amazon,A8288,Accessories,Rajasthan,2235,5
2023-10-23,Amazon,A8864,Electronics,West Bengal,2480,5
2023-10-23,Amazon,A4796,Electronics,Punjab,592,4
2023-10-23,Amazon,A1138,Home Decor,Tamil Nadu,2583,3
2023-10-23,Amazon,A2298,Clothes,Haryana,1540,4
2023-10-23,Amazon,A4637,Grocery,Andhra Pradesh,2727,3
2023-10-23,Amazon,A6542,Home Decor,Uttarakhand,2128,4
2023-10-23,Amazon,A8161,Home Decor,Madhya Pradesh,1564,4
2023-10-23,Amazon,A7693,Accessories,Uttarakhand,2523,3
2023-10-23,Amazon,A2191,Home Decor,Rajasthan,1116,4
2023-10-23,Amazon,A9945,Grocery,West Bengal,111,1
2023-10-23,Amazon,A4147,Clothes,West Bengal,2505,3
2023-10-23,Amazon,A3125,Grocery,Tamil Nadu,1398,3
2023-10-23,Amazon,A3426,Electronics,Gujarat,1475,5
2023-10-23,Amazon,A6761,Accessories,Telangana,1115,5
2023-10-23,Amazon,A1224,Electronics,Karnataka,2790,5
2023-10-23,Amazon,A5899,Accessories,Tamil Nadu,960,1
2023-10-23,Amazon,A1761,Grocery,Punjab,1312,2
2023-10-23,Amazon,A2316,Grocery,Tamil Nadu,360,1
2023-10-23,Amazon,A5339,Home Decor,Tamil Nadu,2151,3
2023-10-23,Amazon,A9595,Accessories,Telangana,583,1
2023-10-23,Amazon,A9085,Electronics,Karnataka,1530,5
2023-10-23,Amazon,A5871,Electronics,Karnataka,1560,5
2023-10-23,Amazon,A3985,Clothes,Gujarat,2710,5
2023-10-23,Amazon,A5035,Electronics,Kerala,2913,3
2023-10-23,Amazon,A9951,Accessories,Jharkhand,1830,5
2023-10-24,Amazon,A8106,Home Decor,Tamil Nadu,1500,5
2023-10-24,Amazon,A7872,Clothes,Tamil Nadu,1865,5
2023-10-24,Amazon,A3740,Accessories,Uttarakhand,1685,5
2023-10-24,Amazon,A9319,Clothes,Jharkhand,1292,4
2023-10-24,Amazon,A1338,Clothes,Kerala,1945,5
2023-10-24,Amazon,A3935,Clothes,Maharashtra,3056,4
2023-10-24,Amazon,A8635,Grocery,Madhya Pradesh,4230,5
2023-10-24,Amazon,A2306,Electronics,Rajasthan,650,5
2023-10-24,Amazon,A4673,Home Decor,Maharashtra,2928,3
2023-10-24,Amazon,A3459,Home Decor,Maharashtra,2985,3
2023-10-24,Amazon,A7984,Electronics,Odisha,996,2
2023-10-24,Amazon,A9650,Grocery,Kerala,453,1
2023-10-24,Amazon,A1559,Electronics,Uttar Pradesh,602,1
2023-10-24,Amazon,A3199,Accessories,Karnataka,2145,5
2023-10-24,Amazon,A9577,Home Decor,Maharashtra,876,3
2023-10-24,Amazon,A1007,Grocery,Andhra Pradesh,500,4
2023-10-24,Amazon,A9645,Home Decor,Gujarat,780,3
2023-10-24,Amazon,A2251,Clothes,Madhya Pradesh,4670,5
2023-10-24,Amazon,A4029,Clothes,Rajasthan,1306,2
2023-10-24,Amazon,A8774,Home Decor,Telangana,3320,5
2023-10-24,Amazon,A4763,Grocery,Tamil Nadu,350,1
2023-10-24,Amazon,A8401,Home Decor,Delhi,1052,4
2023-10-24,Amazon,A8757,Accessories,West Bengal,562,1
2023-10-24,Amazon,A3075,Grocery,Haryana,2272,4
2023-10-24,Amazon,A4940,Clothes,Uttar Pradesh,655,1
2023-10-24,Amazon,A8239,Accessories,Haryana,1448,4
2023-10-24,Amazon,A6565,Grocery,Tamil Nadu,324,3
2023-10-24,Amazon,A1134,Grocery,Madhya Pradesh,1660,2
2023-10-24,Amazon,A2917,Grocery,Punjab,776,2
2023-10-24,Amazon,A3003,Grocery,Uttarakhand,960,5
2023-10-24,Amazon,A4047,Home Decor,Karnataka,2802,3
2023-10-24,Amazon,A6472,Home Decor,Uttarakhand,1960,2
2023-10-24,Amazon,A2900,Accessories,Uttarakhand,3000,4
2023-10-24,Amazon,A4927,Accessories,Gujarat,1994,2
2023-10-24,Amazon,A6813,Accessories,West Bengal,3235,5
2023-10-24,Amazon,A5465,Electronics,West Bengal,970,2
2023-10-24,Amazon,A8122,Electronics,Haryana,220,1
2023-10-24,Amazon,A6003,Electronics,Rajasthan,2688,3
2023-10-24,Amazon,A2728,Grocery,Jharkhand,612,3
2023-10-24,Amazon,A6947,Electronics,West Bengal,423,1
2023-10-25,Amazon,A9541,Electronics,Madhya Pradesh,3600,4
2023-10-25,Amazon,A6670,Clothes,Telangana,1173,3
2023-10-25,Amazon,A9995,Electronics,Karnataka,1802,2
2023-10-25,Amazon,A7527,Home Decor,Haryana,404,2
2023-10-25,Amazon,A5849,Clothes,Assam,557,1
2023-10-25,Amazon,A2610,Clothes,Odisha,1620,2
2023-10-25,Amazon,A4503,Electronics,West Bengal,2859,3
2023-10-25,Amazon,A2457,Clothes,Kerala,708,4
2023-10-25,Amazon,A1176,Clothes,Rajasthan,3050,5
2023-10-25,Amazon,A7923,Electronics,Telangana,1914,2
2023-10-25,Amazon,A8585,Electronics,Punjab,424,4
2023-10-25,Amazon,A4839,Clothes,West Bengal,1188,3
2023-10-25,Amazon,A8847,Electronics,Tamil Nadu,460,1
2023-10-25,Amazon,A4294,Accessories,Madhya Pradesh,301,1
2023-10-25,Amazon,A7706,Grocery,Karnataka,4795,5
2023-10-25,Amazon,A6976,Home Decor,West Bengal,652,4
2023-10-25,Amazon,A4863,Electronics,Telangana,711,3
2023-10-25,Amazon,A7170,Home Decor,Punjab,466,2
2023-10-25,Amazon,A4290,Electronics,Chhattisgarh,1180,5
2023-10-25,Amazon,A5524,Home Decor,West Bengal,3232,4
2023-10-25,Amazon,A6670,Home Decor,Odisha,874,2
2023-10-25,Amazon,A2970,Electronics,Andhra Pradesh,3290,5
2023-10-25,Amazon,A8822,Accessories,Karnataka,1668,2
2023-10-25,Amazon,A4208,Grocery,Gujarat,139,1
2023-10-25,Amazon,A8134,Clothes,Punjab,212,1
2023-10-25,Amazon,A9827,Electronics,Uttar Pradesh,242,2
2023-10-25,Amazon,A6096,Clothes,Andhra Pradesh,903,3
2023-10-25,Amazon,A8852,Home Decor,Haryana,856,2
2023-10-25,Amazon,A9390,Grocery,Telangana,1527,3
2023-10-25,Amazon,A2292,Home Decor,Karnataka,488,1
2023-10-25,Amazon,A9162,Home Decor,Assam,510,1
2023-10-25,Amazon,A1354,Grocery,Assam,189,1
2023-10-25,Amazon,A9862,Accessories,Jharkhand,2655,3
2023-10-25,Amazon,A6613,Accessories,Rajasthan,1835,5
2023-10-25,Amazon,A1602,Electronics,Gujarat,648,2
2023-10-25,Amazon,A9442,Electronics,Uttarakhand,258,2
2023-10-25,Amazon,A9234,Grocery,Tamil Nadu,1359,3
2023-10-25,Amazon,A6191,Electronics,Odisha,1384,2
2023-10-26,Amazon,A7853,Home Decor,Uttarakhand,702,2
2023-10-26,Amazon,A7879,Electronics,Tamil Nadu,851,1
2023-10-26,Amazon,A5631,Accessories,Haryana,4950,5
2023-10-26,Amazon,A6683,Clothes,Haryana,922,1
2023-10-26,Amazon,A9780,Electronics,Jharkhand,250,2
2023-10-26,Amazon,A3204,Clothes,Chhattisgarh,999,1
2023-10-26,Amazon,A3766,Accessories,Telangana,588,4
2023-10-26,Amazon,A4093,Grocery,Odisha,934,1
2023-10-26,Amazon,A3919,Grocery,Bihar,3932,4
2023-10-26,Amazon,A6013,Electronics,Gujarat,1640,4
2023-10-26,Amazon,A7747,Clothes,Telangana,1778,2
2023-10-26,Amazon,A9821,Accessories,Chhattisgarh,486,3
2023-10-26,Amazon,A1817,Electronics,Maharashtra,338,1
2023-10-26,Amazon,A8451,Home Decor,Kerala,996,3
2023-10-26,Amazon,A2690,Accessories,Jharkhand,2990,5
2023-10-26,Amazon,A8992,Grocery,Assam,2358,3
2023-10-26,Amazon,A1679,Electronics,Gujarat,1300,5
2023-10-26,Amazon,A5018,Home Decor,Chhattisgarh,3576,4
2023-10-26,Amazon,A3596,Grocery,Telangana,1052,4
2023-10-26,Amazon,A3551,Home Decor,Tamil Nadu,414,3
2023-10-27,Amazon,A3004,Accessories,Odisha,3580,5
2023-10-27,Amazon,A2079,Accessories,Karnataka,2370,3
2023-10-27,Amazon,A1859,Clothes,Gujarat,359,1
2023-10-27,Amazon,A9989,Clothes,Bihar,2292,3
2023-10-27,Amazon,A4061,Home Decor,West Bengal,831,1
2023-10-27,Amazon,A6288,Grocery,Maharashtra,3616,4
2023-10-27,Amazon,A4038,Clothes,Bihar,328,1
2023-10-27,Amazon,A6305,Grocery,Jharkhand,1113,3
2023-10-27,Amazon,A4529,Electronics,Telangana,3340,4
2023-10-27,Amazon,A6450,Clothes,Telangana,620,5
2023-10-27,Amazon,A2245,Accessories,Bihar,1956,3
2023-10-27,Amazon,A8310,Clothes,Delhi,490,2
2023-10-27,Amazon,A1050,Clothes,Madhya Pradesh,1778,2
2023-10-27,Amazon,A4235,Home Decor,Delhi,1856,2
2023-10-27,Amazon,A5226,Clothes,Rajasthan,914,2
2023-10-27,Amazon,A5841,Home Decor,Jharkhand,3060,5
2023-10-27,Amazon,A7730,Electronics,Uttar Pradesh,761,1
2023-10-27,Amazon,A6287,Grocery,Bihar,2630,5
2023-10-27,Amazon,A8928,Clothes,Gujarat,334,2
2023-10-27,Amazon,A5742,Electronics,Rajasthan,1844,2
2023-10-27,Amazon,A4239,Grocery,Jharkhand,696,1
2023-10-27,Amazon,A3587,Clothes,Uttar Pradesh,999,1
2023-10-27,Amazon,A9032,Clothes,Andhra Pradesh,1803,3
2023-10-27,Amazon,A6897,Home Decor,Punjab,459,1
2023-10-28,Amazon,A9596,Home Decor,Haryana,3605,5
2023-10-28,Amazon,A6681,Accessories,Andhra Pradesh,1665,5
2023-10-28,Amazon,A3358,Home Decor,Jharkhand,1565,5
2023-10-28,Amazon,A5370,Electronics,Rajasthan,686,2
2023-10-28,Amazon,A9720,Electronics,Maharashtra,534,3
2023-10-28,Amazon,A3422,Home Decor,Rajasthan,730,1
2023-10-28,Amazon,A9820,Home Decor,Gujarat,643,1
2023-10-28,Amazon,A3133,Electronics,Punjab,3000,5
2023-10-28,Amazon,A9032,Home Decor,Gujarat,1500,2
2023-10-28,Amazon,A5644,Accessories,Odisha,2204,4
2023-10-28,Amazon,A2021,Clothes,Gujarat,3460,4
2023-10-28,Amazon,A8872,Clothes,Uttarakhand,886,1
2023-10-28,Amazon,A6322,Home Decor,Tamil Nadu,3400,4
2023-10-28,Amazon,A8129,Clothes,Andhra Pradesh,1235,5
2023-10-28,Amazon,A8341,Grocery,Haryana,2106,3
2023-10-28,Amazon,A4946,Accessories,Karnataka,844,4
2023-10-28,Amazon,A5039,Electronics,Haryana,1562,2
2023-10-28,Amazon,A6529,Clothes,Gujarat,850,2
2023-10-28,Amazon,A3794,Electronics,Delhi,2085,5
2023-10-28,Amazon,A2946,Home Decor,Rajasthan,692,1
2023-10-28,Amazon,A6550,Grocery,Andhra Pradesh,1872,3
2023-10-28,Amazon,A1236,Clothes,Maharashtra,1486,2
2023-10-28,Amazon,A7477,Grocery,Tamil Nadu,786,3
2023-10-29,Amazon,A3215,Grocery,Uttar Pradesh,351,3
2023-10-29,Amazon,A9954,Electronics,Haryana,300,2
2023-10-29,Amazon,A6010,Accessories,Jharkhand,3290,5
2023-10-29,Amazon,A8456,Accessories,Rajasthan,583,1
2023-10-29,Amazon,A1554,Grocery,Uttar Pradesh,1684,2
2023-10-29,Amazon,A3897,Grocery,Kerala,952,2
2023-10-29,Amazon,A7155,Clothes,Karnataka,2568,4
2023-10-29,Amazon,A3403,Grocery,Maharashtra,1978,2
2023-10-29,Amazon,A4078,Clothes,Bihar,171,1
2023-10-29,Amazon,A7598,Home Decor,Jharkhand,1532,2
2023-10-29,Amazon,A9328,Home Decor,Maharashtra,3592,4
2023-10-29,Amazon,A6535,Accessories,Assam,2420,5
2023-10-29,Amazon,A3691,Grocery,Madhya Pradesh,2763,3
2023-10-29,Amazon,A1943,Home Decor,Madhya Pradesh,1119,3
2023-10-29,Amazon,A7948,Electronics,Andhra Pradesh,1506,3
2023-10-29,Amazon,A4518,Clothes,West Bengal,340,1
2023-10-29,Amazon,A1532,Accessories,Tamil Nadu,1036,2
2023-10-29,Amazon,A4151,Home Decor,Haryana,2424,4
2023-10-29,Amazon,A6279,Electronics,Madhya Pradesh,1414,2
2023-10-29,Amazon,A9310,Grocery,Jharkhand,121,1
2023-10-29,Amazon,A1360,Home Decor,Assam,970,2
2023-10-29,Amazon,A9951,Electronics,West Bengal,1266,2
2023-10-29,Amazon,A3675,Grocery,Madhya Pradesh,3036,4
2023-10-29,Amazon,A5629,Grocery,Punjab,356,1
2023-10-29,Amazon,A8292,Accessories,Odisha,3375,5
2023-10-29,Amazon,A3479,Electronics,West Bengal,512,2
2023-10-29,Amazon,A3063,Electronics,Odisha,1030,5
2023-10-29,Amazon,A7630,Clothes,Assam,3928,4
2023-10-29,Amazon,A9177,Clothes,Telangana,890,1
2023-10-29,Amazon,A8682,Grocery,Rajasthan,1524,3
2023-10-29,Amazon,A2091,Accessories,Punjab,3296,4
2023-10-29,Amazon,A1247,Electronics,Chhattisgarh,418,1
2023-10-29,Amazon,A7434,Grocery,Tamil Nadu,1160,2
2023-10-29,Amazon,A7515,Home Decor,Madhya Pradesh,3080,4
2023-10-29,Amazon,A5405,Home Decor,Telangana,3232,4
2023-10-29,Amazon,A7501,Clothes,Uttar Pradesh,4430,5
2023-10-29,Amazon,A6313,Electronics,Andhra Pradesh,700,4
2023-10-29,Amazon,A3971,Grocery,Punjab,2592,3
2023-10-30,Amazon,A7748,Clothes,Maharashtra,4415,5
2023-10-30,Amazon,A8172,Electronics,Kerala,1224,4
2023-10-30,Amazon,A4250,Grocery,Punjab,535,5
2023-10-30,Amazon,A1210,Electronics,Haryana,2130,3
2023-10-30,Amazon,A4312,Accessories,Chhattisgarh,252,1
2023-10-30,Amazon,A5261,Grocery,Maharashtra,856,2
2023-10-30,Amazon,A5216,Electronics,Punjab,442,1
2023-10-30,Amazon,A9569,Clothes,Andhra Pradesh,802,1
2023-10-30,Amazon,A1869,Accessories,Telangana,392,2
2023-10-30,Amazon,A8771,Grocery,Assam,2244,4
2023-10-30,Amazon,A1622,Clothes,Bihar,1044,4
2023-10-30,Amazon,A7687,Electronics,Punjab,940,2
2023-10-30,Amazon,A9586,Electronics,Haryana,636,1
2023-10-30,Amazon,A9249,Clothes,Gujarat,152,1
2023-10-30,Amazon,A6286,Electronics,Andhra Pradesh,729,3
2023-10-30,Amazon,A6010,Home Decor,Telangana,270,2
2023-10-30,Amazon,A1175,Home Decor,Chhattisgarh,2740,4
2023-10-30,Amazon,A7126,Clothes,Gujarat,1734,3
2023-10-30,Amazon,A4571,Electronics,Karnataka,1244,2
2023-10-30,Amazon,A7141,Grocery,West Bengal,2788,4
2023-10-30,Amazon,A9888,Electronics,Bihar,756,2
2023-10-30,Amazon,A8059,Clothes,Odisha,645,1
2023-10-30,Amazon,A2080,Clothes,Jharkhand,915,3
2023-10-30,Amazon,A7329,Clothes,Telangana,2648,4
2023-10-30,Amazon,A7305,Grocery,Kerala,1096,4
2023-10-30,Amazon,A7254,Accessories,Rajasthan,560,5
2023-10-30,Amazon,A1431,Clothes,Jharkhand,1210,2
2023-10-30,Amazon,A7488,Grocery,Punjab,2265,5
2023-10-30,Amazon,A4897,Electronics,Rajasthan,2215,5
2023-10-30,Amazon,A2599,Clothes,Chhattisgarh,801,1
2023-10-30,Amazon,A4056,Grocery,Delhi,537,1
2023-10-31,Amazon,A7167,Grocery,Madhya Pradesh,1940,5
2023-10-31,Amazon,A8238,Electronics,Gujarat,800,4
2023-10-31,Amazon,A6936,Clothes,Karnataka,952,1
2023-10-31,Amazon,A4366,Grocery,Bihar,414,1
2023-10-31,Amazon,A1619,Grocery,Bihar,2913,3
2023-10-31,Amazon,A4975,Electronics,Tamil Nadu,329,1
2023-10-31,Amazon,A7400,Electronics,Bihar,3180,5
2023-10-31,Amazon,A2685,Grocery,Rajasthan,490,1
2023-10-31,Amazon,A8258,Grocery,Uttar Pradesh,315,1
2023-10-31,Amazon,A8892,Clothes,Telangana,2121,3
2023-10-31,Amazon,A2403,Home Decor,Uttarakhand,2844,3
2023-10-31,Amazon,A9705,Grocery,Delhi,1618,2
2023-10-31,Amazon,A9771,Electronics,Uttarakhand,1995,3
2023-10-31,Amazon,A9841,Clothes,Delhi,1342,2
2023-10-31,Amazon,A3373,Accessories,West Bengal,663,3
2023-10-31,Amazon,A4605,Clothes,Haryana,881,1
2023-10-31,Amazon,A5272,Clothes,Delhi,1086,2
2023-10-31,Amazon,A1496,Accessories,Tamil Nadu,2855,5
2023-10-31,Amazon,A5395,Accessories,Tamil Nadu,2350,5
2023-10-31,Amazon,A9542,Grocery,Maharashtra,2076,4
2023-10-31,Amazon,A3265,Accessories,Delhi,1827,3
2023-10-31,Amazon,A9596,Electronics,Chhattisgarh,915,1
2023-10-31,Amazon,A2428,Home Decor,Rajasthan,1576,4
2023-10-31,Amazon,A5693,Clothes,Madhya Pradesh,1620,2
2023-11-01,Amazon,A8268,Accessories,Uttar Pradesh,297,1
2023-11-01,Amazon,A7370,Grocery,Odisha,2450,5
2023-11-01,Amazon,A1171,Clothes,Bihar,3080,5
2023-11-01,Amazon,A8972,Electronics,Odisha,400,4
2023-11-01,Amazon,A4602,Home Decor,Gujarat,240,1
2023-11-01,Amazon,A3517,Clothes,Rajasthan,536,1
2023-11-01,Amazon,A6671,Clothes,Andhra Pradesh,921,3
2023-11-01,Amazon,A7974,Grocery,Gujarat,1985,5
2023-11-01,Amazon,A6671,Home Decor,Odisha,1176,3
2023-11-01,Amazon,A4420,Grocery,Assam,3204,4
2023-11-01,Amazon,A1825,Accessories,Kerala,702,2
2023-11-01,Amazon,A5509,Electronics,Madhya Pradesh,233,1
2023-11-01,Amazon,A3612,Clothes,Haryana,3895,5
2023-11-01,Amazon,A9909,Clothes,Chhattisgarh,4970,5
2023-11-01,Amazon,A3344,Home Decor,Gujarat,3216,4
2023-11-01,Amazon,A2917,Clothes,Maharashtra,2250,3
2023-11-01,Amazon,A9328,Electronics,Kerala,1628,2
2023-11-01,Amazon,A4553,Electronics,Telangana,784,1
2023-11-01,Amazon,A3643,Electronics,Bihar,2529,3
2023-11-01,Amazon,A4166,Accessories,Punjab,800,5
2023-11-01,Amazon,A5151,Grocery,Odisha,2535,3
2023-11-02,Amazon,A4799,Clothes,Tamil Nadu,2937,3
2023-11-02,Amazon,A3369,Home Decor,West Bengal,833,1
2023-11-02,Amazon,A1828,Accessories,Andhra Pradesh,2876,4
2023-11-02,Amazon,A5327,Electronics,Maharashtra,927,1
2023-11-02,Amazon,A1510,Home Decor,Gujarat,1448,4
2023-11-02,Amazon,A6188,Grocery,Assam,2616,3
2023-11-02,Amazon,A7398,Accessories,West Bengal,1059,3
2023-11-02,Amazon,A8785,Home Decor,Delhi,4455,5
2023-11-02,Amazon,A2466,Home Decor,Punjab,710,2
2023-11-02,Amazon,A9844,Clothes,Kerala,2855,5
2023-11-02,Amazon,A3662,Clothes,Madhya Pradesh,2559,3
2023-11-02,Amazon,A4875,Grocery,Bihar,3780,4
2023-11-02,Amazon,A5543,Home Decor,Andhra Pradesh,2211,3
2023-11-02,Amazon,A2728,Grocery,Punjab,1062,2
2023-11-02,Amazon,A2497,Electronics,Uttar Pradesh,3440,4
2023-11-02,Amazon,A8469,Home Decor,Andhra Pradesh,475,1
2023-11-02,Amazon,A9342,Clothes,Gujarat,1332,2
2023-11-02,Amazon,A5053,Home Decor,West Bengal,954,1
2023-11-02,Amazon,A3260,Clothes,Assam,2604,4
2023-11-02,Amazon,A8276,Grocery,Punjab,784,4
2023-11-02,Amazon,A6801,Grocery,Uttar Pradesh,4020,5
2023-11-02,Amazon,A5330,Grocery,Delhi,3392,4
2023-11-02,Amazon,A3880,Home Decor,Andhra Pradesh,342,3
2023-11-02,Amazon,A2809,Home Decor,Maharashtra,268,1
2023-11-02,Amazon,A5528,Electronics,Tamil Nadu,2355,3
2023-11-02,Amazon,A4773,Electronics,Haryana,2400,3
2023-11-03,Amazon,A9548,Electronics,Punjab,870,2
2023-11-03,Amazon,A7329,Grocery,Bihar,1600,4
2023-11-03,Amazon,A5579,Electronics,West Bengal,499,1
2023-11-03,Amazon,A4692,Clothes,Karnataka,740,2
2023-11-03,Amazon,A8170,Accessories,Telangana,2945,5
2023-11-03,Amazon,A2530,Accessories,Tamil Nadu,536,4
2023-11-03,Amazon,A8004,Electronics,Jharkhand,3816,4
2023-11-03,Amazon,A7222,Clothes,Karnataka,2445,3
2023-11-03,Amazon,A8829,Accessories,Uttarakhand,565,5
2023-11-03,Amazon,A1016,Grocery,Assam,4990,5
2023-11-03,Amazon,A2528,Electronics,Assam,1210,5
2023-11-03,Amazon,A6539,Accessories,Tamil Nadu,336,3
2023-11-03,Amazon,A3019,Clothes,Delhi,495,3
2023-11-03,Amazon,A7382,Clothes,Madhya Pradesh,1170,5
2023-11-03,Amazon,A6484,Clothes,Jharkhand,3800,5
2023-11-03,Amazon,A3577,Electronics,Chhattisgarh,1104,2
2023-11-03,Amazon,A5524,Clothes,Punjab,4330,5
2023-11-03,Amazon,A6424,Clothes,Assam,1176,4
2023-11-03,Amazon,A8013,Home Decor,Uttarakhand,1726,2
2023-11-03,Amazon,A9662,Grocery,Andhra Pradesh,635,1
2023-11-03,Amazon,A2277,Grocery,Uttar Pradesh,4965,5
2023-11-03,Amazon,A5482,Home Decor,Gujarat,898,1
2023-11-03,Amazon,A3691,Electronics,Tamil Nadu,2085,5
2023-11-03,Amazon,A9973,Electronics,Odisha,2730,3
2023-11-03,Amazon,A2680,Home Decor,Telangana,1818,2
2023-11-04,Amazon,A5520,Accessories,Madhya Pradesh,2208,4
2023-11-04,Amazon,A7478,Accessories,Rajasthan,1065,3
2023-11-04,Amazon,A6407,Grocery,Chhattisgarh,922,1
2023-11-04,Amazon,A2997,Grocery,Telangana,1617,3
2023-11-04,Amazon,A2418,Clothes,Andhra Pradesh,3972,4
2023-11-04,Amazon,A4120,Accessories,Uttarakhand,468,3
2023-11-04,Amazon,A3713,Electronics,Maharashtra,1440,3
2023-11-04,Amazon,A9601,Electronics,Haryana,2936,4
2023-11-04,Amazon,A7539,Grocery,Kerala,1404,3
2023-11-04,Amazon,A2980,Accessories,Gujarat,4705,5
2023-11-04,Amazon,A7925,Home Decor,Assam,1176,4
2023-11-04,Amazon,A2056,Clothes,Uttarakhand,3485,5
2023-11-04,Amazon,A8336,Grocery,West Bengal,900,1
2023-11-04,Amazon,A2028,Grocery,West Bengal,360,2
2023-11-04,Amazon,A6682,Clothes,Maharashtra,1970,2
2023-11-04,Amazon,A4461,Home Decor,Bihar,1334,2
2023-11-04,Amazon,A5246,Clothes,Bihar,424,4
2023-11-04,Amazon,A2890,Clothes,Uttar Pradesh,1752,2
2023-11-04,Amazon,A3549,Electronics,Maharashtra,1575,5
2023-11-04,Amazon,A6898,Electronics,Haryana,3620,5
2023-11-04,Amazon,A4426,Clothes,Tamil Nadu,1212,2
2023-11-04,Amazon,A5227,Clothes,Bihar,1444,4
2023-11-04,Amazon,A9843,Accessories,Maharashtra,1144,4
2023-11-04,Amazon,A7563,Electronics,Karnataka,462,1
2023-11-05,Amazon,A5644,Grocery,Kerala,150,1
2023-11-05,Amazon,A4935,Grocery,Odisha,473,1
2023-11-05,Amazon,A8466,Home Decor,Jharkhand,481,1
2023-11-05,Amazon,A2857,Clothes,Telangana,1044,2
2023-11-05,Amazon,A9070,Accessories,Andhra Pradesh,584,2
2023-11-05,Amazon,A6684,Home Decor,Andhra Pradesh,654,1
2023-11-05,Amazon,A4596,Electronics,Haryana,2120,4
2023-11-05,Amazon,A4475,Electronics,Tamil Nadu,1551,3
2023-11-05,Amazon,A5029,Grocery,West Bengal,242,2
2023-11-05,Amazon,A3243,Home Decor,Andhra Pradesh,4940,5
2023-11-05,Amazon,A5096,Grocery,Uttar Pradesh,4160,5
2023-11-05,Amazon,A6525,Home Decor,Madhya Pradesh,512,4
2023-11-05,Amazon,A5583,Electronics,Haryana,2340,3
2023-11-05,Amazon,A2621,Grocery,Punjab,546,3
2023-11-05,Amazon,A7819,Clothes,Tamil Nadu,1768,2
2023-11-05,Amazon,A2809,Grocery,Delhi,1659,3
2023-11-05,Amazon,A8105,Clothes,Telangana,328,1
2023-11-05,Amazon,A3074,Home Decor,Rajasthan,1575,3
2023-11-05,Amazon,A2614,Home Decor,Madhya Pradesh,468,4
2023-11-05,Amazon,A7668,Accessories,Haryana,1968,2
2023-11-05,Amazon,A6644,Electronics,Madhya Pradesh,1740,2
2023-11-05,Amazon,A7671,Clothes,Madhya Pradesh,1782,3
2023-11-05,Amazon,A5504,Clothes,Maharashtra,2470,5
2023-11-05,Amazon,A2094,Accessories,Kerala,4090,5
2023-11-05,Amazon,A6116,Grocery,West Bengal,1146,2
2023-11-05,Amazon,A6159,Clothes,Jharkhand,475,1
2023-11-05,Amazon,A3971,Accessories,Andhra Pradesh,1076,2
2023-11-05,Amazon,A6987,Grocery,Chhattisgarh,568,1
2023-11-05,Amazon,A4386,Accessories,Telangana,2661,3
2023-11-06,Amazon,A2670,Electronics,West Bengal,1890,2
2023-11-06,Amazon,A9910,Grocery,Punjab,1764,2
2023-11-06,Amazon,A6776,Home Decor,Kerala,747,3
2023-11-06,Amazon,A6207,Clothes,West Bengal,1542,2
2023-11-06,Amazon,A3057,Grocery,Uttarakhand,339,3
2023-11-06,Amazon,A6891,Clothes,Uttarakhand,3192,4
2023-11-06,Amazon,A9384,Electronics,Kerala,998,2
2023-11-06,Amazon,A6231,Accessories,Assam,3425,5
2023-11-06,Amazon,A5435,Clothes,Andhra Pradesh,2685,3
2023-11-06,Amazon,A5554,Accessories,Madhya Pradesh,1064,4
2023-11-06,Amazon,A6980,Electronics,Rajasthan,2435,5
2023-11-06,Amazon,A7658,Grocery,Uttar Pradesh,587,1
2023-11-06,Amazon,A2721,Clothes,Madhya Pradesh,913,1
2023-11-06,Amazon,A8050,Grocery,Bihar,677,1
2023-11-06,Amazon,A3181,Clothes,Rajasthan,664,1
2023-11-06,Amazon,A7122,Electronics,Punjab,950,5
2023-11-06,Amazon,A2803,Electronics,Assam,792,4
2023-11-06,Amazon,A8246,Grocery,West Bengal,780,2
2023-11-06,Amazon,A1840,Home Decor,Uttar Pradesh,416,1
2023-11-06,Amazon,A2446,Electronics,Odisha,1329,3
2023-11-06,Amazon,A2876,Grocery,Jharkhand,101,1
2023-11-06,Amazon,A9765,Clothes,Chhattisgarh,1216,2
2023-11-06,Amazon,A4817,Home Decor,Gujarat,770,2
2023-11-06,Amazon,A7136,Clothes,Kerala,1308,2
2023-11-06,Amazon,A8151,Accessories,Delhi,1128,3
2023-11-06,Amazon,A4891,Clothes,Uttar Pradesh,2778,3
2023-11-06,Amazon,A4290,Electronics,Haryana,1635,3
2023-11-07,Amazon,A2496,Home Decor,Kerala,3920,4
2023-11-07,Amazon,A7982,Clothes,Uttar Pradesh,1977,3
2023-11-07,Amazon,A7804,Clothes,Haryana,807,3
2023-11-07,Amazon,A4802,Home Decor,Andhra Pradesh,972,3
2023-11-07,Amazon,A8480,Clothes,West Bengal,857,1
2023-11-07,Amazon,A1564,Accessories,Uttarakhand,1065,3
2023-11-07,Amazon,A3812,Home Decor,Gujarat,2160,4
2023-11-07,Amazon,A2958,Grocery,Bihar,531,3
2023-11-07,Amazon,A6094,Home Decor,Maharashtra,1226,2
2023-11-07,Amazon,A3119,Home Decor,Rajasthan,1386,2
2023-11-07,Amazon,A5348,Home Decor,Tamil Nadu,2556,4
2023-11-07,Amazon,A8219,Home Decor,Maharashtra,1070,2
2023-11-07,Amazon,A6461,Accessories,Karnataka,2370,3
2023-11-07,Amazon,A7461,Grocery,Kerala,4875,5
2023-11-07,Amazon,A9512,Home Decor,West Bengal,2600,5
2023-11-07,Amazon,A8952,Grocery,Karnataka,573,1
2023-11-07,Amazon,A1143,Electronics,Haryana,376,1
2023-11-07,Amazon,A5885,Grocery,Odisha,2455,5
2023-11-07,Amazon,A4148,Accessories,Andhra Pradesh,2502,3
2023-11-07,Amazon,A7288,Grocery,Jharkhand,2040,3
2023-11-07,Amazon,A4457,Electronics,Bihar,3890,5
2023-11-07,Amazon,A5860,Electronics,Haryana,539,1
2023-11-07,Amazon,A4236,Clothes,Uttar Pradesh,1870,5
2023-11-07,Amazon,A5253,Home Decor,Uttar Pradesh,1236,3
2023-11-07,Amazon,A9015,Home Decor,Rajasthan,396,3
2023-11-07,Amazon,A5817,Accessories,Assam,775,1
2023-11-07,Amazon,A5071,Home Decor,Gujarat,2952,3
2023-11-07,Amazon,A1203,Home Decor,Rajasthan,1920,5
2023-11-07,Amazon,A3355,Home Decor,Uttar Pradesh,3176,4
2023-11-07,Amazon,A9901,Electronics,Punjab,1302,2
2023-11-07,Amazon,A5679,Electronics,Karnataka,1518,2
2023-11-07,Amazon,A8172,Home Decor,Delhi,3916,4
2023-11-07,Amazon,A9457,Clothes,Punjab,1876,4
2023-11-07,Amazon,A3149,Clothes,Gujarat,1452,3
2023-11-07,Amazon,A4728,Grocery,Bihar,788,4
2023-11-07,Amazon,A6740,Accessories,Uttarakhand,431,1
2023-11-07,Amazon,A4431,Grocery,Haryana,133,1
2023-11-07,Amazon,A8014,Electronics,Delhi,1680,5
2023-11-07,Amazon,A7751,Electronics,Gujarat,270,2
2023-11-08,Amazon,A2599,Home Decor,Bihar,810,1
2023-11-08,Amazon,A2650,Electronics,Telangana,2574,3
2023-11-08,Amazon,A8266,Home Decor,Maharashtra,1926,2
2023-11-08,Amazon,A4662,Accessories,Bihar,452,2
2023-11-08,Amazon,A7001,Clothes,Gujarat,273,1
2023-11-08,Amazon,A2551,Electronics,Bihar,760,4
2023-11-08,Amazon,A8732,Grocery,Punjab,312,1
2023-11-08,Amazon,A8609,Electronics,West Bengal,1164,4
2023-11-08,Amazon,A4483,Accessories,Rajasthan,465,1
2023-11-08,Amazon,A4836,Accessories,West Bengal,138,1
2023-11-08,Amazon,A4194,Electronics,Andhra Pradesh,964,4
2023-11-08,Amazon,A8771,Clothes,Karnataka,4760,5
2023-11-08,Amazon,A2661,Clothes,Andhra Pradesh,1701,3
2023-11-08,Amazon,A2923,Home Decor,Haryana,637,1
2023-11-08,Amazon,A3113,Home Decor,Delhi,1203,3
2023-11-08,Amazon,A9073,Home Decor,Andhra Pradesh,828,3
2023-11-08,Amazon,A8075,Clothes,Kerala,680,5
2023-11-08,Amazon,A7671,Home Decor,Tamil Nadu,535,1
2023-11-08,Amazon,A3609,Clothes,Tamil Nadu,865,1
2023-11-08,Amazon,A4111,Accessories,Jharkhand,464,2
2023-11-08,Amazon,A2454,Grocery,Maharashtra,1792,4
2023-11-08,Amazon,A7875,Accessories,Tamil Nadu,2565,5
2023-11-09,Amazon,A2769,Accessories,Tamil Nadu,1506,3
2023-11-09,Amazon,A4637,Clothes,Kerala,1281,3
2023-11-09,Amazon,A3890,Grocery,Chhattisgarh,1850,5
2023-11-09,Amazon,A8419,Clothes,Kerala,468,3
2023-11-09,Amazon,A3833,Grocery,Kerala,887,1
2023-11-09,Amazon,A4704,Grocery,Karnataka,1848,3
2023-11-09,Amazon,A5019,Home Decor,Rajasthan,3712,4
2023-11-09,Amazon,A8429,Home Decor,Rajasthan,2896,4
2023-11-09,Amazon,A4499,Grocery,Kerala,1128,4
2023-11-09,Amazon,A3083,Clothes,Assam,2368,4
2023-11-09,Amazon,A4257,Grocery,Rajasthan,1452,3
2023-11-09,Amazon,A5494,Accessories,Maharashtra,2166,3
2023-11-09,Amazon,A8453,Accessories,Telangana,695,5
2023-11-09,Amazon,A5228,Grocery,Punjab,339,3
2023-11-09,Amazon,A5849,Grocery,Uttarakhand,2532,3
2023-11-09,Amazon,A8297,Accessories,Assam,1500,5
2023-11-09,Amazon,A9109,Electronics,Telangana,2728,4
2023-11-09,Amazon,A4833,Home Decor,Chhattisgarh,340,1
2023-11-09,Amazon,A2957,Grocery,Chhattisgarh,1971,3
2023-11-09,Amazon,A2562,Home Decor,Haryana,3912,4
2023-11-09,Amazon,A2772,Grocery,Jharkhand,438,1
2023-11-09,Amazon,A2152,Grocery,Assam,1520,2
2023-11-09,Amazon,A3640,Electronics,Rajasthan,3100,4
2023-11-09,Amazon,A4922,Clothes,Madhya Pradesh,2675,5
2023-11-09,Amazon,A4236,Electronics,Uttarakhand,1298,2
2023-11-09,Amazon,A1865,Clothes,Odisha,1080,2
2023-11-09,Amazon,A7666,Grocery,Chhattisgarh,859,1
2023-11-09,Amazon,A8322,Home Decor,Delhi,1250,5
2023-11-09,Amazon,A2963,Home Decor,Punjab,1420,4
2023-11-09,Amazon,A7912,Grocery,Maharashtra,1497,3
2023-11-09,Amazon,A5778,Electronics,Telangana,2648,4
2023-11-09,Amazon,A6313,Clothes,Haryana,665,1
2023-11-09,Amazon,A3652,Accessories,Uttar Pradesh,1606,2
2023-11-09,Amazon,A6020,Clothes,Delhi,1046,2
2023-11-09,Amazon,A6570,Grocery,Assam,877,1
2023-11-09,Amazon,A7866,Grocery,Odisha,570,3
2023-11-10,Amazon,A2904,Home Decor,Assam,738,1
2023-11-10,Amazon,A8547,Home Decor,Kerala,1432,4
2023-11-10,Amazon,A6761,Grocery,Chhattisgarh,3340,4
2023-11-10,Amazon,A7447,Home Decor,Odisha,823,1
2023-11-10,Amazon,A7825,Grocery,West Bengal,250,1
2023-11-10,Amazon,A9079,Accessories,Punjab,4785,5
2023-11-10,Amazon,A9125,Clothes,Uttar Pradesh,214,2
2023-11-10,Amazon,A1784,Grocery,Kerala,740,5
2023-11-10,Amazon,A7256,Home Decor,Delhi,3508,4
2023-11-10,Amazon,A3675,Grocery,Delhi,1304,4
2023-11-10,Amazon,A3456,Home Decor,Madhya Pradesh,516,2
2023-11-10,Amazon,A9441,Grocery,Haryana,775,1
2023-11-10,Amazon,A1152,Electronics,Odisha,224,1
2023-11-10,Amazon,A1958,Electronics,Jharkhand,2452,4
2023-11-10,Amazon,A9489,Accessories,Telangana,3585,5
2023-11-10,Amazon,A2107,Electronics,Chhattisgarh,699,1
2023-11-10,Amazon,A9926,Clothes,Jharkhand,675,3
2023-11-10,Amazon,A8978,Grocery,Karnataka,479,1
2023-11-10,Amazon,A8523,Home Decor,Jharkhand,1668,3
2023-11-10,Amazon,A7663,Home Decor,Madhya Pradesh,1005,5
2023-11-10,Amazon,A2052,Grocery,Haryana,656,2
2023-11-11,Amazon,A2274,Grocery,Haryana,2082,3
2023-11-11,Amazon,A3124,Electronics,Andhra Pradesh,546,3
2023-11-11,Amazon,A5330,Home Decor,Chhattisgarh,1172,2
2023-11-11,Amazon,A8098,Accessories,Karnataka,1030,5
2023-11-11,Amazon,A7522,Electronics,West Bengal,1336,4
2023-11-11,Amazon,A2547,Clothes,West Bengal,1564,4
2023-11-11,Amazon,A1283,Grocery,Madhya Pradesh,1204,4
2023-11-11,Amazon,A8884,Home Decor,Jharkhand,2994,3
2023-11-11,Amazon,A3694,Accessories,Bihar,2315,5
2023-11-11,Amazon,A4155,Electronics,Odisha,863,1
2023-11-11,Amazon,A1470,Accessories,Kerala,3130,5
2023-11-11,Amazon,A3743,Grocery,Uttar Pradesh,1635,5
2023-11-11,Amazon,A2655,Grocery,Maharashtra,2200,5
2023-11-11,Amazon,A7167,Accessories,Uttar Pradesh,438,2
2023-11-11,Amazon,A1075,Accessories,Rajasthan,1200,2
2023-11-11,Amazon,A2928,Clothes,Chhattisgarh,1425,3
2023-11-11,Amazon,A7269,Accessories,Karnataka,3676,4
2023-11-11,Amazon,A3496,Grocery,Karnataka,256,2
2023-11-11,Amazon,A1327,Clothes,Andhra Pradesh,884,2
2023-11-11,Amazon,A4316,Accessories,Uttarakhand,762,2
2023-11-11,Amazon,A8564,Grocery,Maharashtra,3885,5
2023-11-11,Amazon,A8221,Electronics,Haryana,1640,4
2023-11-11,Amazon,A5961,Electronics,Bihar,1538,2
2023-11-11,Amazon,A2864,Accessories,Telangana,666,1
2023-11-11,Amazon,A1862,Electronics,Madhya Pradesh,441,1
2023-11-11,Amazon,A6553,Accessories,Madhya Pradesh,336,1
2023-11-11,Amazon,A5731,Grocery,Delhi,1616,2
2023-11-11,Amazon,A3175,Accessories,Andhra Pradesh,1344,3
2023-11-11,Amazon,A5041,Clothes,Punjab,696,4
2023-11-12,Amazon,A3529,Clothes,Chhattisgarh,737,1
2023-11-12,Amazon,A5661,Clothes,Haryana,558,1
2023-11-12,Amazon,A1564,Grocery,Kerala,2352,3
2023-11-12,Amazon,A3247,Clothes,Telangana,618,2
2023-11-12,Amazon,A5593,Home Decor,Chhattisgarh,1023,3
2023-11-12,Amazon,A2176,Grocery,Tamil Nadu,1980,2
2023-11-12,Amazon,A3246,Grocery,Delhi,644,1
2023-11-12,Amazon,A8214,Grocery,Madhya Pradesh,4925,5
2023-11-12,Amazon,A5722,Electronics,West Bengal,726,1
2023-11-12,Amazon,A4433,Home Decor,Assam,1410,5
2023-11-12,Amazon,A9238,Grocery,Madhya Pradesh,855,5
2023-11-12,Amazon,A2182,Home Decor,West Bengal,1760,5
2023-11-12,Amazon,A5245,Accessories,Gujarat,2265,3
2023-11-12,Amazon,A6760,Accessories,Bihar,777,3
2023-11-12,Amazon,A1928,Grocery,Haryana,1255,5
2023-11-12,Amazon,A2889,Electronics,Assam,3816,4
2023-11-12,Amazon,A3226,Electronics,Chhattisgarh,3588,4
2023-11-12,Amazon,A2811,Home Decor,Kerala,964,2
2023-11-12,Amazon,A2371,Home Decor,Uttarakhand,1866,2
2023-11-12,Amazon,A6312,Electronics,Uttarakhand,1318,2
2023-11-12,Amazon,A2988,Grocery,West Bengal,935,1
2023-11-12,Amazon,A5143,Grocery,Tamil Nadu,1736,2
2023-11-12,Amazon,A2076,Clothes,Tamil Nadu,895,1
2023-11-12,Amazon,A6315,Grocery,Chhattisgarh,696,3
2023-11-12,Amazon,A7844,Electronics,Chhattisgarh,3935,5
2023-11-12,Amazon,A2697,Grocery,West Bengal,2864,4
2023-11-12,Amazon,A1178,Accessories,Tamil Nadu,714,2
2023-11-12,Amazon,A2240,Home Decor,Telangana,1666,2
2023-11-12,Amazon,A2902,Grocery,Assam,373,1
2023-11-12,Amazon,A4704,Clothes,Odisha,970,5
2023-11-12,Amazon,A9529,Accessories,Kerala,2898,3
2023-11-12,Amazon,A3453,Clothes,Telangana,892,4
2023-11-12,Amazon,A6699,Home Decor,Bihar,1689,3
2023-11-12,Amazon,A1278,Clothes,Tamil Nadu,1188,2
2023-11-12,Amazon,A9898,Electronics,Punjab,1232,4
2023-11-12,Amazon,A5070,Home Decor,Chhattisgarh,387,3
2023-11-13,Amazon,A1385,Electronics,Maharashtra,1262,2
2023-11-13,Amazon,A6623,Clothes,West Bengal,833,1
2023-11-13,Amazon,A1517,Clothes,Kerala,1485,5
2023-11-13,Amazon,A3817,Accessories,Odisha,840,3
2023-11-13,Amazon,A6140,Grocery,Andhra Pradesh,2895,3
2023-11-13,Amazon,A7106,Grocery,Bihar,670,5
2023-11-13,Amazon,A1750,Grocery,Punjab,2112,3
2023-11-13,Amazon,A5210,Home Decor,Madhya Pradesh,238,2
2023-11-13,Amazon,A5886,Electronics,Gujarat,2448,4
2023-11-13,Amazon,A2008,Grocery,Haryana,1350,3
2023-11-13,Amazon,A2113,Clothes,Chhattisgarh,1952,2
2023-11-13,Amazon,A8933,Home Decor,Rajasthan,434,2
2023-11-13,Amazon,A4940,Electronics,West Bengal,3670,5
2023-11-13,Amazon,A9768,Home Decor,Uttarakhand,3576,4
2023-11-13,Amazon,A4185,Electronics,Madhya Pradesh,572,4
2023-11-13,Amazon,A7380,Grocery,Madhya Pradesh,3012,4
2023-11-13,Amazon,A8342,Electronics,Andhra Pradesh,512,4
2023-11-13,Amazon,A7655,Electronics,Karnataka,1186,2
2023-11-13,Amazon,A5147,Electronics,Punjab,1692,2
2023-11-13,Amazon,A7151,Home Decor,Andhra Pradesh,2034,3
2023-11-13,Amazon,A7557,Electronics,Uttarakhand,915,1
2023-11-13,Amazon,A4178,Grocery,Haryana,1776,4
2023-11-13,Amazon,A2979,Home Decor,Uttar Pradesh,894,3
2023-11-13,Amazon,A6428,Grocery,Uttar Pradesh,2260,5
2023-11-13,Amazon,A1515,Clothes,Jharkhand,546,1
2023-11-13,Amazon,A2153,Home Decor,Madhya Pradesh,657,1
2023-11-13,Amazon,A7631,Home Decor,Tamil Nadu,530,2
2023-11-13,Amazon,A5217,Accessories,West Bengal,732,2
2023-11-13,Amazon,A4845,Grocery,Telangana,684,4
2023-11-13,Amazon,A5841,Clothes,Kerala,2480,5
2023-11-13,Amazon,A7962,Electronics,Gujarat,476,2
2023-11-13,Amazon,A8071,Home Decor,Uttarakhand,3752,4
2023-11-13,Amazon,A8244,Grocery,Punjab,2248,4
2023-11-13,Amazon,A2758,Accessories,Gujarat,774,1
2023-11-13,Amazon,A3841,Clothes,Rajasthan,1614,3
2023-11-13,Amazon,A2105,Clothes,Haryana,187,1
2023-11-13,Amazon,A3360,Home Decor,Haryana,1293,3
2023-11-13,Amazon,A5151,Clothes,Karnataka,912,2
2023-11-13,Amazon,A9841,Clothes,Maharashtra,3685,5
2023-11-13,Amazon,A3509,Clothes,Karnataka,1240,4
2023-11-14,Amazon,A4595,Accessories,Telangana,2388,3
2023-11-14,Amazon,A9417,Home Decor,Gujarat,1514,2
2023-11-14,Amazon,A7199,Accessories,Gujarat,1539,3
2023-11-14,Amazon,A8705,Grocery,Karnataka,456,1
2023-11-14,Amazon,A7682,Home Decor,Odisha,1528,2
2023-11-14,Amazon,A6525,Electronics,Punjab,1575,3
2023-11-14,Amazon,A2656,Clothes,Delhi,689,1
2023-11-14,Amazon,A9167,Home Decor,Delhi,992,4
2023-11-14,Amazon,A2293,Electronics,Jharkhand,488,1
2023-11-14,Amazon,A6411,Home Decor,Punjab,1160,4
2023-11-14,Amazon,A5770,Electronics,Rajasthan,192,1
2023-11-14,Amazon,A1600,Accessories,Bihar,879,1
2023-11-14,Amazon,A7061,Accessories,Rajasthan,1256,2
2023-11-14,Amazon,A5397,Accessories,Odisha,116,1
2023-11-14,Amazon,A1770,Clothes,Madhya Pradesh,442,1
2023-11-14,Amazon,A8701,Accessories,Madhya Pradesh,2307,3
2023-11-14,Amazon,A3463,Electronics,Rajasthan,753,3
2023-11-14,Amazon,A3145,Clothes,Chhattisgarh,665,1
2023-11-14,Amazon,A7728,Electronics,Delhi,892,2
2023-11-14,Amazon,A2263,Electronics,Rajasthan,2912,4
2023-11-15,Amazon,A3909,Grocery,Jharkhand,4000,4
2023-11-15,Amazon,A8373,Home Decor,Rajasthan,1148,4
2023-11-15,Amazon,A6196,Accessories,Kerala,4640,5
2023-11-15,Amazon,A6220,Accessories,Gujarat,1192,4
2023-11-15,Amazon,A4589,Home Decor,Uttar Pradesh,948,4
2023-11-15,Amazon,A2628,Home Decor,Assam,1036,2
2023-11-15,Amazon,A1650,Grocery,Uttarakhand,276,1
2023-11-15,Amazon,A9185,Grocery,Jharkhand,888,2
2023-11-15,Amazon,A9067,Accessories,Tamil Nadu,2905,5
2023-11-15,Amazon,A3729,Grocery,Bihar,3036,4
2023-11-15,Amazon,A7864,Home Decor,Odisha,1532,4
2023-11-15,Amazon,A7655,Electronics,Odisha,1552,4
2023-11-15,Amazon,A2167,Clothes,Andhra Pradesh,2524,4
2023-11-15,Amazon,A8413,Electronics,Madhya Pradesh,3740,4
2023-11-15,Amazon,A4450,Electronics,West Bengal,900,1
2023-11-15,Amazon,A7765,Grocery,Madhya Pradesh,630,1
2023-11-15,Amazon,A6452,Grocery,Telangana,545,1
2023-11-15,Amazon,A9905,Clothes,Uttar Pradesh,332,1
2023-11-15,Amazon,A8653,Electronics,Haryana,840,2
2023-11-15,Amazon,A4171,Accessories,Karnataka,2190,5
2023-11-15,Amazon,A5820,Grocery,Maharashtra,2328,3
2023-11-15,Amazon,A5639,Clothes,Chhattisgarh,1236,2
2023-11-15,Amazon,A4741,Home Decor,Maharashtra,3044,4
2023-11-15,Amazon,A6511,Electronics,Odisha,307,1
2023-11-15,Amazon,A8462,Home Decor,Andhra Pradesh,3064,4
2023-11-16,Amazon,A4112,Home Decor,Tamil Nadu,1360,5
2023-11-16,Amazon,A8878,Home Decor,Odisha,1353,3
2023-11-16,Amazon,A7926,Grocery,Telangana,890,1
2023-11-16,Amazon,A8721,Accessories,Madhya Pradesh,1418,2
2023-11-16,Amazon,A5654,Electronics,Uttar Pradesh,2664,3
2023-11-16,Amazon,A3885,Accessories,Karnataka,1890,5
2023-11-16,Amazon,A6957,Home Decor,West Bengal,1220,2
2023-11-16,Amazon,A3251,Electronics,Rajasthan,540,3
2023-11-16,Amazon,A4670,Electronics,Rajasthan,2635,5
2023-11-16,Amazon,A8828,Electronics,Kerala,780,1
2023-11-16,Amazon,A5632,Electronics,Andhra Pradesh,2100,4
2023-11-16,Amazon,A6732,Electronics,Assam,861,1
2023-11-16,Amazon,A7937,Home Decor,Gujarat,1928,2
2023-11-16,Amazon,A9512,Clothes,Bihar,2322,3
2023-11-16,Amazon,A1510,Electronics,Kerala,835,5
2023-11-16,Amazon,A8269,Clothes,Gujarat,3156,4
2023-11-16,Amazon,A1123,Accessories,West Bengal,458,1
2023-11-16,Amazon,A9469,Clothes,Bihar,478,1
2023-11-16,Amazon,A1211,Accessories,West Bengal,600,5
2023-11-16,Amazon,A5034,Home Decor,Assam,598,2
2023-11-16,Amazon,A3847,Electronics,Chhattisgarh,630,2
2023-11-16,Amazon,A5090,Electronics,Rajasthan,516,4
2023-11-16,Amazon,A9999,Accessories,Punjab,546,3
2023-11-16,Amazon,A2632,Electronics,Kerala,127,1
2023-11-16,Amazon,A6042,Clothes,Gujarat,1275,5
2023-11-16,Amazon,A9765,Accessories,Rajasthan,992,4
2023-11-16,Amazon,A5950,Clothes,Uttar Pradesh,2667,3
2023-11-16,Amazon,A9194,Clothes,Assam,864,2
2023-11-16,Amazon,A6707,Electronics,Rajasthan,1554,3
2023-11-16,Amazon,A1101,Clothes,Andhra Pradesh,975,1
2023-11-16,Amazon,A8681,Home Decor,Andhra Pradesh,1500,3
2023-11-16,Amazon,A4472,Electronics,Gujarat,240,2
2023-11-16,Amazon,A3659,Electronics,Punjab,3036,4
2023-11-16,Amazon,A3453,Grocery,Odisha,1880,5
2023-11-16,Amazon,A5844,Accessories,Haryana,2050,5
2023-11-16,Amazon,A2628,Grocery,Delhi,540,4
2023-11-17,Amazon,A8397,Clothes,Tamil Nadu,120,1
2023-11-17,Amazon,A9942,Accessories,Odisha,1355,5
2023-11-17,Amazon,A9272,Clothes,Punjab,1290,3
2023-11-17,Amazon,A4886,Electronics,Gujarat,1518,2
2023-11-17,Amazon,A6507,Accessories,Rajasthan,1599,3
2023-11-17,Amazon,A3566,Grocery,Gujarat,277,1
2023-11-17,Amazon,A9210,Clothes,Punjab,1152,4
2023-11-17,Amazon,A5845,Home Decor,Maharashtra,558,1
2023-11-17,Amazon,A2746,Home Decor,Odisha,645,3
2023-11-17,Amazon,A8275,Accessories,Kerala,620,1
2023-11-17,Amazon,A2508,Accessories,Kerala,136,1
2023-11-17,Amazon,A1655,Grocery,Uttar Pradesh,606,1
2023-11-17,Amazon,A8547,Electronics,Chhattisgarh,178,1
2023-11-17,Amazon,A7229,Clothes,Tamil Nadu,595,5
2023-11-17,Amazon,A1593,Grocery,Haryana,3980,5
2023-11-17,Amazon,A3869,Accessories,West Bengal,941,1
2023-11-17,Amazon,A3157,Electronics,West Bengal,1145,5
2023-11-17,Amazon,A2899,Electronics,Uttar Pradesh,1719,3
2023-11-17,Amazon,A6169,Grocery,Tamil Nadu,118,1
2023-11-17,Amazon,A9634,Home Decor,Odisha,2000,5
2023-11-17,Amazon,A2972,Home Decor,Madhya Pradesh,1274,2
2023-11-17,Amazon,A8542,Home Decor,West Bengal,3125,5
2023-11-17,Amazon,A5341,Home Decor,West Bengal,1985,5
2023-11-17,Amazon,A4505,Accessories,West Bengal,756,2
2023-11-17,Amazon,A5061,Home Decor,Uttarakhand,970,2
2023-11-17,Amazon,A9080,Electronics,Haryana,873,3
2023-11-17,Amazon,A5843,Home Decor,West Bengal,2319,3
2023-11-17,Amazon,A8651,Home Decor,Tamil Nadu,614,2
2023-11-17,Amazon,A1448,Accessories,Punjab,2769,3
2023-11-17,Amazon,A9533,Home Decor,Assam,780,3
2023-11-17,Amazon,A6591,Electronics,Odisha,3600,5
2023-11-17,Amazon,A2442,Accessories,West Bengal,972,4
2023-11-18,Amazon,A9851,Clothes,Bihar,1566,3
2023-11-18,Amazon,A5556,Electronics,Bihar,972,2
2023-11-18,Amazon,A9596,Home Decor,Maharashtra,1540,5
2023-11-18,Amazon,A6791,Electronics,Madhya Pradesh,464,1
2023-11-18,Amazon,A7361,Clothes,Punjab,2382,3
2023-11-18,Amazon,A3059,Grocery,Jharkhand,3690,5
2023-11-18,Amazon,A1501,Accessories,Madhya Pradesh,2673,3
2023-11-18,Amazon,A8807,Accessories,Odisha,820,4
2023-11-18,Amazon,A6593,Accessories,Rajasthan,456,4
2023-11-18,Amazon,A7828,Electronics,Madhya Pradesh,2826,3
2023-11-18,Amazon,A1059,Accessories,Gujarat,2916,4
2023-11-18,Amazon,A7118,Accessories,Punjab,1252,2
2023-11-18,Amazon,A7056,Accessories,Chhattisgarh,3208,4
2023-11-18,Amazon,A8427,Clothes,Haryana,3420,4
2023-11-18,Amazon,A6432,Electronics,Delhi,2576,4
2023-11-18,Amazon,A6404,Grocery,Tamil Nadu,3352,4
2023-11-18,Amazon,A6232,Clothes,Gujarat,1152,2
2023-11-18,Amazon,A8519,Accessories,Rajasthan,664,4
2023-11-18,Amazon,A2750,Clothes,Uttarakhand,409,1
2023-11-18,Amazon,A4701,Clothes,West Bengal,1422,2
2023-11-18,Amazon,A8575,Grocery,Uttar Pradesh,3256,4
2023-11-18,Amazon,A4193,Grocery,Chhattisgarh,1988,2
2023-11-18,Amazon,A7560,Clothes,Rajasthan,1107,3
2023-11-18,Amazon,A4759,Electronics,Delhi,2735,5
2023-11-18,Amazon,A4809,Accessories,Kerala,440,4
2023-11-18,Amazon,A7085,Electronics,Maharashtra,649,1
2023-11-18,Amazon,A9380,Electronics,Uttarakhand,245,1
2023-11-18,Amazon,A5224,Home Decor,Kerala,1612,2
2023-11-18,Amazon,A2336,Clothes,Madhya Pradesh,2106,3
2023-11-18,Amazon,A8630,Grocery,Bihar,291,1
2023-11-18,Amazon,A2873,Electronics,Jharkhand,4770,5
2023-11-18,Amazon,A1419,Accessories,Punjab,2985,3
2023-11-18,Amazon,A8164,Home Decor,Delhi,1830,5
2023-11-18,Amazon,A5320,Electronics,Maharashtra,2133,3
2023-11-19,Amazon,A4743,Home Decor,Punjab,1444,4
2023-11-19,Amazon,A6196,Accessories,Chhattisgarh,897,3
2023-11-19,Amazon,A6954,Clothes,Uttarakhand,2665,5
2023-11-19,Amazon,A6251,Electronics,Madhya Pradesh,3172,4
2023-11-19,Amazon,A4641,Accessories,Haryana,772,1
2023-11-19,Amazon,A7453,Accessories,Madhya Pradesh,1428,2
2023-11-19,Amazon,A9906,Clothes,Odisha,772,4
2023-11-19,Amazon,A1676,Electronics,Karnataka,2700,4
2023-11-19,Amazon,A1235,Grocery,Kerala,1678,2
2023-11-19,Amazon,A1063,Electronics,Jharkhand,2180,5
2023-11-19,Amazon,A8142,Home Decor,Punjab,3752,4
2023-11-19,Amazon,A9721,Home Decor,Odisha,2404,4
2023-11-19,Amazon,A5637,Grocery,Madhya Pradesh,4010,5
2023-11-19,Amazon,A2924,Accessories,Chhattisgarh,1865,5
2023-11-19,Amazon,A5339,Grocery,Gujarat,584,2
2023-11-19,Amazon,A8010,Grocery,Kerala,101,1
2023-11-19,Amazon,A4718,Home Decor,Uttarakhand,1158,2
2023-11-19,Amazon,A7389,Electronics,West Bengal,2100,4
2023-11-19,Amazon,A8235,Home Decor,Gujarat,984,3
2023-11-19,Amazon,A3002,Home Decor,Bihar,1682,2
2023-11-19,Amazon,A2575,Clothes,Karnataka,941,1
2023-11-19,Amazon,A2968,Grocery,Assam,1988,4
2023-11-19,Amazon,A4090,Grocery,West Bengal,1180,4
2023-11-19,Amazon,A2542,Electronics,Delhi,852,1
2023-11-19,Amazon,A3090,Electronics,Assam,2992,4
2023-11-20,Amazon,A2754,Home Decor,Telangana,1692,4
2023-11-20,Amazon,A2923,Grocery,West Bengal,306,2
2023-11-20,Amazon,A8240,Clothes,Rajasthan,1224,3
2023-11-20,Amazon,A3882,Electronics,Jharkhand,3704,4
2023-11-20,Amazon,A3168,Clothes,Jharkhand,647,1
2023-11-20,Amazon,A8375,Accessories,Madhya Pradesh,452,4
2023-11-20,Amazon,A8066,Electronics,Bihar,645,5
2023-11-20,Amazon,A8334,Grocery,Andhra Pradesh,1662,3
2023-11-20,Amazon,A4221,Electronics,Chhattisgarh,2274,3
2023-11-20,Amazon,A8657,Accessories,Assam,3312,4
2023-11-20,Amazon,A9818,Electronics,Haryana,2735,5
2023-11-20,Amazon,A2298,Home Decor,Maharashtra,2877,3
2023-11-20,Amazon,A6268,Electronics,Jharkhand,550,2
2023-11-20,Amazon,A6129,Clothes,Rajasthan,4455,5
2023-11-20,Amazon,A6795,Electronics,Jharkhand,1314,2
2023-11-20,Amazon,A7004,Home Decor,Madhya Pradesh,295,1
2023-11-20,Amazon,A8275,Home Decor,West Bengal,1074,2
2023-11-20,Amazon,A3255,Home Decor,West Bengal,1640,5
2023-11-20,Amazon,A8005,Grocery,Chhattisgarh,115,1
2023-11-20,Amazon,A7057,Accessories,Uttarakhand,1116,4
2023-11-20,Amazon,A1333,Electronics,Maharashtra,3980,4
2023-11-20,Amazon,A3589,Grocery,Gujarat,2124,4
2023-11-20,Amazon,A2274,Clothes,West Bengal,1784,4
2023-11-20,Amazon,A4810,Electronics,Haryana,1548,2
2023-11-20,Amazon,A3605,Home Decor,Rajasthan,1356,2
2023-11-20,Amazon,A3011,Electronics,Jharkhand,2856,3
2023-11-20,Amazon,A7160,Accessories,Uttarakhand,308,1
2023-11-21,Amazon,A6500,Electronics,Madhya Pradesh,623,1
2023-11-21,Amazon,A7405,Grocery,Odisha,370,1
2023-11-21,Amazon,A4962,Accessories,Maharashtra,861,3
2023-11-21,Amazon,A1415,Grocery,Jharkhand,220,2
2023-11-21,Amazon,A3817,Clothes,Uttarakhand,3320,5
2023-11-21,Amazon,A2832,Accessories,Bihar,438,1
2023-11-21,Amazon,A3537,Clothes,Punjab,1893,3
2023-11-21,Amazon,A1008,Grocery,Rajasthan,2217,3
2023-11-21,Amazon,A4291,Accessories,Telangana,1988,2
2023-11-21,Amazon,A5664,Accessories,Rajasthan,334,2
2023-11-21,Amazon,A4118,Accessories,Andhra Pradesh,2244,4
2023-11-21,Amazon,A1675,Electronics,Madhya Pradesh,4750,5
2023-11-21,Amazon,A1516,Grocery,Kerala,2151,3
2023-11-21,Amazon,A8221,Grocery,Telangana,1146,3
2023-11-21,Amazon,A6872,Grocery,Tamil Nadu,1328,2
2023-11-21,Amazon,A7517,Electronics,Delhi,4470,5
2023-11-21,Amazon,A4825,Clothes,Bihar,1794,2
2023-11-21,Amazon,A3920,Electronics,Haryana,3180,4
2023-11-21,Amazon,A9899,Grocery,Karnataka,3235,5
2023-11-21,Amazon,A7726,Accessories,Haryana,3385,5
2023-11-21,Amazon,A4244,Home Decor,Gujarat,507,1
2023-11-21,Amazon,A3252,Grocery,Delhi,258,2
2023-11-21,Amazon,A1349,Accessories,Andhra Pradesh,701,1
2023-11-21,Amazon,A2579,Grocery,Madhya Pradesh,2320,5
2023-11-21,Amazon,A7681,Home Decor,Maharashtra,2523,3
2023-11-21,Amazon,A7220,Home Decor,Delhi,1200,5
2023-11-21,Amazon,A3691,Accessories,Uttar Pradesh,2031,3
2023-11-21,Amazon,A8618,Home Decor,Jharkhand,2930,5
2023-11-22,Amazon,A7763,Clothes,Punjab,2916,3
2023-11-22,Amazon,A5643,Home Decor,Tamil Nadu,2292,4
2023-11-22,Amazon,A7994,Clothes,Uttar Pradesh,4475,5
2023-11-22,Amazon,A4793,Accessories,Andhra Pradesh,2934,3
2023-11-22,Amazon,A1457,Electronics,Haryana,500,5
2023-11-22,Amazon,A1193,Grocery,Delhi,2910,5
2023-11-22,Amazon,A8901,Electronics,Uttar Pradesh,1779,3
2023-11-22,Amazon,A1716,Clothes,Punjab,424,2
2023-11-22,Amazon,A7239,Clothes,Uttarakhand,2060,4
2023-11-22,Amazon,A8391,Grocery,Assam,712,4
2023-11-22,Amazon,A4922,Accessories,Kerala,2220,4
2023-11-22,Amazon,A8833,Electronics,Tamil Nadu,2871,3
2023-11-22,Amazon,A2289,Electronics,Rajasthan,494,1
2023-11-22,Amazon,A8133,Electronics,Chhattisgarh,2619,3
2023-11-22,Amazon,A4593,Home Decor,Andhra Pradesh,1094,2
2023-11-22,Amazon,A9184,Home Decor,Andhra Pradesh,2564,4
2023-11-22,Amazon,A5388,Accessories,Jharkhand,2200,4
2023-11-22,Amazon,A4273,Home Decor,Gujarat,227,1
2023-11-22,Amazon,A7888,Electronics,West Bengal,1764,4
2023-11-22,Amazon,A6714,Electronics,Telangana,456,2
2023-11-22,Amazon,A4310,Accessories,Assam,1728,4
2023-11-22,Amazon,A9404,Grocery,Uttarakhand,2733,3
2023-11-22,Amazon,A8446,Home Decor,Chhattisgarh,756,3
2023-11-22,Amazon,A9942,Grocery,Punjab,2463,3
2023-11-22,Amazon,A6392,Accessories,Madhya Pradesh,4750,5
2023-11-22,Amazon,A8869,Clothes,Rajasthan,2718,3
2023-11-23,Amazon,A9649,Grocery,Assam,880,5
2023-11-23,Amazon,A4066,Home Decor,Gujarat,242,2
2023-11-23,Amazon,A1064,Clothes,Maharashtra,1608,2
2023-11-23,Amazon,A6836,Accessories,Odisha,2172,4
2023-11-23,Amazon,A1084,Home Decor,Rajasthan,414,2
2023-11-23,Amazon,A7443,Clothes,Bihar,2718,3
2023-11-23,Amazon,A2907,Home Decor,West Bengal,680,1
2023-11-23,Amazon,A4756,Electronics,Maharashtra,2124,3
2023-11-23,Amazon,A7070,Grocery,Tamil Nadu,567,1
2023-11-23,Amazon,A4452,Home Decor,Telangana,884,2
2023-11-23,Amazon,A5332,Home Decor,Telangana,2973,3
2023-11-23,Amazon,A6778,Grocery,Kerala,1766,2
2023-11-23,Amazon,A8349,Accessories,Chhattisgarh,508,2
2023-11-23,Amazon,A2989,Accessories,Chhattisgarh,3545,5
2023-11-23,Amazon,A7525,Electronics,Delhi,2015,5
2023-11-23,Amazon,A4047,Electronics,Bihar,3744,4
2023-11-23,Amazon,A1142,Grocery,Uttar Pradesh,1315,5
2023-11-23,Amazon,A1913,Accessories,Bihar,272,2
2023-11-23,Amazon,A1429,Home Decor,Assam,896,1
2023-11-23,Amazon,A5238,Accessories,Andhra Pradesh,316,2
2023-11-23,Amazon,A6051,Grocery,Assam,1905,5
2023-11-24,Amazon,A7160,Electronics,Uttarakhand,3080,5
2023-11-24,Amazon,A9017,Clothes,Jharkhand,342,1
2023-11-24,Amazon,A7540,Electronics,Madhya Pradesh,329,1
2023-11-24,Amazon,A6398,Accessories,Karnataka,616,4
2023-11-24,Amazon,A7881,Accessories,Haryana,1032,2
2023-11-24,Amazon,A4869,Clothes,Rajasthan,2630,5
2023-11-24,Amazon,A9493,Grocery,West Bengal,1916,4
2023-11-24,Amazon,A6177,Clothes,Bihar,4455,5
2023-11-24,Amazon,A8907,Clothes,Karnataka,384,1
2023-11-24,Amazon,A9614,Electronics,Andhra Pradesh,2880,5
2023-11-24,Amazon,A4937,Electronics,Uttarakhand,4855,5
2023-11-24,Amazon,A4565,Accessories,Uttar Pradesh,938,1
2023-11-24,Amazon,A7649,Grocery,Jharkhand,3496,4
2023-11-24,Amazon,A4754,Home Decor,Punjab,2990,5
2023-11-24,Amazon,A1007,Grocery,Haryana,4945,5
2023-11-24,Amazon,A4467,Home Decor,West Bengal,1766,2
2023-11-24,Amazon,A8655,Grocery,Tamil Nadu,2214,3
2023-11-24,Amazon,A5792,Home Decor,Punjab,2596,4
2023-11-24,Amazon,A3414,Accessories,Haryana,1260,3
2023-11-24,Amazon,A4271,Home Decor,Assam,671,1
2023-11-25,Amazon,A3425,Clothes,Rajasthan,940,2
2023-11-25,Amazon,A9622,Electronics,Tamil Nadu,366,3
2023-11-25,Amazon,A4755,Clothes,Madhya Pradesh,930,1
2023-11-25,Amazon,A7460,Home Decor,Karnataka,3030,5
2023-11-25,Amazon,A4240,Grocery,Uttar Pradesh,3680,5
2023-11-25,Amazon,A6463,Home Decor,Andhra Pradesh,2652,3
2023-11-25,Amazon,A4696,Accessories,Punjab,2649,3
2023-11-25,Amazon,A2317,Home Decor,Bihar,404,2
2023-11-25,Amazon,A8001,Accessories,Karnataka,680,5
2023-11-25,Amazon,A4413,Home Decor,Bihar,376,2
2023-11-25,Amazon,A2796,Electronics,Uttarakhand,605,5
2023-11-25,Amazon,A4867,Grocery,Haryana,1509,3
2023-11-25,Amazon,A8978,Accessories,Tamil Nadu,1076,2
2023-11-25,Amazon,A6139,Grocery,Delhi,603,3
2023-11-25,Amazon,A6749,Grocery,Jharkhand,3540,4
2023-11-25,Amazon,A5628,Home Decor,Punjab,1708,4
2023-11-25,Amazon,A7731,Clothes,Maharashtra,945,1
2023-11-25,Amazon,A9885,Grocery,Andhra Pradesh,1128,3
2023-11-25,Amazon,A1106,Grocery,Bihar,1098,3
2023-11-25,Amazon,A5383,Electronics,Tamil Nadu,2108,4
2023-11-25,Amazon,A9127,Home Decor,Karnataka,1384,2
2023-11-25,Amazon,A3214,Accessories,West Bengal,1836,2
2023-11-25,Amazon,A5258,Grocery,Uttarakhand,648,1
2023-11-25,Amazon,A9492,Accessories,Tamil Nadu,864,1
2023-11-25,Amazon,A4863,Home Decor,Madhya Pradesh,1662,3
2023-11-25,Amazon,A8766,Grocery,Punjab,2721,3
2023-11-25,Amazon,A4210,Accessories,Punjab,1550,2
2023-11-25,Amazon,A1225,Clothes,Andhra Pradesh,647,1
2023-11-25,Amazon,A6591,Electronics,Punjab,2805,3
2023-11-25,Amazon,A9889,Home Decor,Maharashtra,1396,2
2023-11-25,Amazon,A1122,Clothes,Karnataka,1615,5
2023-11-25,Amazon,A9245,Clothes,Punjab,4910,5
2023-11-25,Amazon,A3186,Home Decor,Kerala,3305,5
2023-11-25,Amazon,A3221,Home Decor,Maharashtra,2448,3
2023-11-25,Amazon,A9851,Grocery,Jharkhand,2155,5
2023-11-25,Amazon,A2141,Accessories,Assam,388,1
2023-11-25,Amazon,A8324,Accessories,Chhattisgarh,1302,3
2023-11-25,Amazon,A2731,Clothes,Assam,4515,5
2023-11-25,Amazon,A7090,Grocery,Andhra Pradesh,3396,4
2023-11-25,Amazon,A1888,Electronics,Gujarat,1682,2
2023-11-26,Amazon,A8331,Home Decor,Jharkhand,3060,5
2023-11-26,Amazon,A9863,Accessories,Rajasthan,462,2
2023-11-26,Amazon,A5496,Home Decor,Assam,2835,3
2023-11-26,Amazon,A1435,Electronics,Assam,1263,3
2023-11-26,Amazon,A6314,Grocery,Assam,2760,5
2023-11-26,Amazon,A1609,Home Decor,Delhi,514,1
2023-11-26,Amazon,A9754,Electronics,Telangana,1930,2
2023-11-26,Amazon,A2186,Clothes,Delhi,1398,2
2023-11-26,Amazon,A9861,Home Decor,Tamil Nadu,3752,4
2023-11-26,Amazon,A6877,Clothes,Kerala,943,1
2023-11-26,Amazon,A3122,Grocery,Jharkhand,547,1
2023-11-26,Amazon,A9422,Clothes,Kerala,358,1
2023-11-26,Amazon,A8288,Accessories,Assam,1233,3
2023-11-26,Amazon,A9869,Grocery,West Bengal,851,1
2023-11-26,Amazon,A9547,Home Decor,Telangana,676,1
2023-11-26,Amazon,A4123,Grocery,Bihar,266,1
2023-11-26,Amazon,A2344,Accessories,Chhattisgarh,463,1
2023-11-26,Amazon,A8109,Grocery,Uttar Pradesh,785,1
2023-11-26,Amazon,A3454,Grocery,Odisha,271,1
2023-11-26,Amazon,A8626,Grocery,Madhya Pradesh,700,5
2023-11-26,Amazon,A8437,Accessories,Jharkhand,734,2
2023-11-26,Amazon,A6101,Clothes,Haryana,1323,3
2023-11-26,Amazon,A7600,Home Decor,Delhi,658,1
2023-11-26,Amazon,A1675,Home Decor,Uttar Pradesh,2574,3
2023-11-26,Amazon,A4780,Grocery,Rajasthan,1040,4
2023-11-26,Amazon,A7209,Grocery,Bihar,4270,5
2023-11-26,Amazon,A5678,Clothes,Delhi,2560,4
2023-11-26,Amazon,A3004,Electronics,Kerala,1008,4
2023-11-26,Amazon,A5446,Clothes,West Bengal,858,2
2023-11-26,Amazon,A1210,Accessories,Rajasthan,432,1
2023-11-26,Amazon,A3259,Grocery,Gujarat,4280,5
2023-11-26,Amazon,A4532,Accessories,Andhra Pradesh,552,1
2023-11-26,Amazon,A8232,Accessories,Uttarakhand,4460,5
2023-11-26,Amazon,A1346,Clothes,Jharkhand,3540,4
2023-11-26,Amazon,A9450,Grocery,Maharashtra,1636,4
2023-11-26,Amazon,A2914,Electronics,Punjab,3344,4
2023-11-26,Amazon,A3841,Clothes,Kerala,2139,3
2023-11-27,Amazon,A7865,Accessories,Uttar Pradesh,2280,5
2023-11-27,Amazon,A1200,Accessories,Kerala,2016,3
2023-11-27,Amazon,A4939,Home Decor,Andhra Pradesh,762,2
2023-11-27,Amazon,A7194,Electronics,Chhattisgarh,242,2
2023-11-27,Amazon,A6593,Electronics,Kerala,4030,5
2023-11-27,Amazon,A5295,Accessories,Jharkhand,920,4
2023-11-27,Amazon,A8615,Home Decor,Jharkhand,2499,3
2023-11-27,Amazon,A8912,Clothes,Kerala,2463,3
2023-11-27,Amazon,A3427,Electronics,Madhya Pradesh,4525,5
2023-11-27,Amazon,A8876,Electronics,Andhra Pradesh,1348,2
2023-11-27,Amazon,A5608,Electronics,Delhi,3500,4
2023-11-27,Amazon,A1775,Clothes,Telangana,2660,4
2023-11-27,Amazon,A4484,Home Decor,Telangana,5000,5
2023-11-27,Amazon,A1784,Accessories,Andhra Pradesh,2364,3
2023-11-27,Amazon,A2852,Clothes,Maharashtra,342,1
2023-11-27,Amazon,A6760,Grocery,Bihar,738,3
2023-11-27,Amazon,A5733,Clothes,Gujarat,2637,3
2023-11-27,Amazon,A8913,Accessories,Madhya Pradesh,284,1
2023-11-27,Amazon,A1787,Home Decor,Jharkhand,509,1
2023-11-27,Amazon,A2220,Electronics,Delhi,1266,3
2023-11-27,Amazon,A4020,Clothes,Karnataka,1292,2
2023-11-27,Amazon,A1377,Home Decor,Telangana,103,1
2023-11-27,Amazon,A6928,Clothes,Madhya Pradesh,266,2
2023-11-28,Amazon,A8272,Grocery,Jharkhand,620,4
2023-11-28,Amazon,A5423,Accessories,Chhattisgarh,425,1
2023-11-28,Amazon,A4215,Grocery,Andhra Pradesh,2538,3
2023-11-28,Amazon,A8671,Grocery,Chhattisgarh,1332,4
2023-11-28,Amazon,A5320,Home Decor,Odisha,355,1
2023-11-28,Amazon,A4780,Clothes,Madhya Pradesh,227,1
2023-11-28,Amazon,A2130,Grocery,Bihar,1232,4
2023-11-28,Amazon,A1455,Clothes,Rajasthan,1266,2
2023-11-28,Amazon,A9178,Clothes,Kerala,4515,5
2023-11-28,Amazon,A4501,Clothes,Madhya Pradesh,1202,2
2023-11-28,Amazon,A6289,Home Decor,Punjab,2516,4
2023-11-28,Amazon,A2781,Electronics,Kerala,184,1
2023-11-28,Amazon,A2808,Electronics,Bihar,236,1
2023-11-28,Amazon,A1970,Electronics,Uttar Pradesh,605,1
2023-11-28,Amazon,A4484,Home Decor,Andhra Pradesh,1628,2
2023-11-28,Amazon,A4745,Accessories,West Bengal,1475,5
2023-11-28,Amazon,A7983,Electronics,West Bengal,1176,3
2023-11-28,Amazon,A8421,Grocery,Telangana,584,2
2023-11-28,Amazon,A2243,Accessories,Madhya Pradesh,361,1
2023-11-28,Amazon,A5213,Electronics,West Bengal,1778,2
2023-11-28,Amazon,A4750,Grocery,Punjab,1920,3
2023-11-28,Amazon,A7406,Accessories,Delhi,1368,3
2023-11-28,Amazon,A2296,Clothes,Madhya Pradesh,958,2
2023-11-28,Amazon,A1982,Clothes,Punjab,863,1
2023-11-28,Amazon,A1493,Home Decor,Uttar Pradesh,3296,4
2023-11-29,Amazon,A1240,Home Decor,Gujarat,1128,4
2023-11-29,Amazon,A6499,Accessories,Delhi,582,3
2023-11-29,Amazon,A1218,Home Decor,Telangana,708,2
2023-11-29,Amazon,A4495,Clothes,Andhra Pradesh,3744,4
2023-11-29,Amazon,A3038,Electronics,Odisha,2475,3
2023-11-29,Amazon,A3583,Electronics,Odisha,906,3
2023-11-29,Amazon,A9060,Grocery,Haryana,711,1
2023-11-29,Amazon,A9126,Accessories,Rajasthan,456,2
2023-11-29,Amazon,A4181,Clothes,Bihar,806,1
2023-11-29,Amazon,A6471,Home Decor,Rajasthan,1962,3
2023-11-29,Amazon,A2303,Accessories,Haryana,328,1
2023-11-29,Amazon,A6259,Accessories,Kerala,3544,4
2023-11-29,Amazon,A1927,Clothes,Rajasthan,3504,4
2023-11-29,Amazon,A5614,Grocery,Andhra Pradesh,2580,5
2023-11-29,Amazon,A8111,Home Decor,Gujarat,670,1
2023-11-29,Amazon,A3572,Accessories,Maharashtra,2172,4
2023-11-29,Amazon,A5353,Electronics,Odisha,339,3
2023-11-29,Amazon,A4347,Accessories,Uttarakhand,555,3
2023-11-29,Amazon,A1676,Clothes,Telangana,640,2
2023-11-29,Amazon,A3724,Accessories,Rajasthan,1452,3
2023-11-29,Amazon,A6770,Home Decor,Gujarat,662,2
2023-11-30,Amazon,A8994,Clothes,Gujarat,2404,4
2023-11-30,Amazon,A1424,Clothes,Andhra Pradesh,1220,2
2023-11-30,Amazon,A5843,Grocery,Bihar,4705,5
2023-11-30,Amazon,A6352,Electronics,Kerala,1684,2
2023-11-30,Amazon,A1510,Home Decor,Uttar Pradesh,228,1
2023-11-30,Amazon,A3249,Home Decor,Assam,2350,5
2023-11-30,Amazon,A7530,Clothes,Odisha,2394,3
2023-11-30,Amazon,A7071,Grocery,Uttarakhand,596,2
2023-11-30,Amazon,A2338,Electronics,Chhattisgarh,1590,3
2023-11-30,Amazon,A5666,Grocery,Gujarat,2685,3
2023-11-30,Amazon,A8256,Clothes,Odisha,480,3
2023-11-30,Amazon,A8685,Home Decor,Chhattisgarh,990,5
2023-11-30,Amazon,A1775,Grocery,Delhi,677,1
2023-11-30,Amazon,A9223,Home Decor,Jharkhand,360,2
2023-11-30,Amazon,A8659,Accessories,Karnataka,1164,4
2023-11-30,Amazon,A6236,Accessories,West Bengal,808,4
2023-11-30,Amazon,A8742,Grocery,Telangana,3720,4
2023-11-30,Amazon,A1680,Clothes,Andhra Pradesh,2130,3
2023-11-30,Amazon,A3494,Electronics,Odisha,2652,4
2023-11-30,Amazon,A4477,Home Decor,Andhra Pradesh,422,1
2023-11-30,Amazon,A6446,Accessories,Karnataka,4690,5
2023-11-30,Amazon,A1748,Electronics,Punjab,261,1
2023-11-30,Amazon,A1554,Home Decor,Chhattisgarh,2031,3
2023-11-30,Amazon,A4706,Electronics,Maharashtra,389,1
2023-11-30,Amazon,A9298,Grocery,Gujarat,676,2
2023-11-30,Amazon,A7326,Grocery,Assam,2184,4
2023-11-30,Amazon,A6821,Electronics,Maharashtra,183,1
2023-11-30,Amazon,A1724,Electronics,Uttarakhand,430,2
2023-11-30,Amazon,A8194,Grocery,Rajasthan,456,3
2023-11-30,Amazon,A1531,Grocery,Tamil Nadu,3804,4
2023-11-30,Amazon,A4408,Electronics,Madhya Pradesh,258,1
2023-11-30,Amazon,A4574,Accessories,Uttarakhand,425,1
2023-11-30,Amazon,A9860,Clothes,Jharkhand,2589,3
2023-11-30,Amazon,A5373,Grocery,Uttarakhand,110,1
2023-11-30,Amazon,A5646,Home Decor,Delhi,290,2
2023-11-30,Amazon,A5315,Grocery,Uttar Pradesh,1422,2
2023-11-30,Amazon,A6434,Grocery,Bihar,1576,4
2023-11-30,Amazon,A2204,Clothes,West Bengal,918,3
2023-11-30,Amazon,A9446,Electronics,Punjab,515,5
2023-11-30,Amazon,A4425,Electronics,West Bengal,2061,3
2023-12-01,Amazon,A6235,Grocery,Gujarat,1905,3
2023-12-01,Amazon,A8267,Electronics,Rajasthan,2660,5
2023-12-01,Amazon,A3269,Accessories,Karnataka,1088,2
2023-12-01,Amazon,A5383,Accessories,Rajasthan,967,1
2023-12-01,Amazon,A8011,Clothes,Maharashtra,909,3
2023-12-01,Amazon,A4870,Home Decor,Telangana,687,1
2023-12-01,Amazon,A3771,Electronics,Tamil Nadu,1920,5
2023-12-01,Amazon,A1094,Home Decor,Jharkhand,1040,2
2023-12-01,Amazon,A1940,Electronics,Bihar,2955,3
2023-12-01,Amazon,A7703,Grocery,West Bengal,1470,2
2023-12-01,Amazon,A7912,Home Decor,Odisha,2085,5
2023-12-01,Amazon,A8820,Clothes,Gujarat,1172,2
2023-12-01,Amazon,A5663,Clothes,Delhi,672,3
2023-12-01,Amazon,A4506,Electronics,Tamil Nadu,2780,4
2023-12-01,Amazon,A9196,Electronics,Jharkhand,3476,4
2023-12-01,Amazon,A3270,Grocery,Andhra Pradesh,3560,4
2023-12-01,Amazon,A8134,Clothes,West Bengal,2860,4
2023-12-01,Amazon,A5014,Clothes,Maharashtra,838,1
2023-12-01,Amazon,A6465,Grocery,Punjab,756,4
2023-12-01,Amazon,A3026,Electronics,West Bengal,4820,5
2023-12-01,Amazon,A5163,Accessories,Kerala,1410,3
2023-12-01,Amazon,A7108,Home Decor,Karnataka,1186,2
2023-12-01,Amazon,A9188,Clothes,Maharashtra,1480,5
2023-12-01,Amazon,A9163,Clothes,Delhi,2096,4
2023-12-01,Amazon,A2070,Home Decor,Odisha,4445,5
2023-12-02,Amazon,A8425,Grocery,Uttar Pradesh,109,1
2023-12-02,Amazon,A8727,Home Decor,Karnataka,4860,5
2023-12-02,Amazon,A9760,Clothes,Tamil Nadu,3940,5
2023-12-02,Amazon,A2036,Grocery,Kerala,1445,5
2023-12-02,Amazon,A9329,Clothes,Karnataka,294,2
2023-12-02,Amazon,A3806,Clothes,West Bengal,774,3
2023-12-02,Amazon,A1527,Accessories,Rajasthan,3445,5
2023-12-02,Amazon,A8931,Home Decor,Jharkhand,2395,5
2023-12-02,Amazon,A7919,Home Decor,Gujarat,1790,5
2023-12-02,Amazon,A5833,Electronics,Chhattisgarh,1281,3
2023-12-02,Amazon,A9003,Clothes,Assam,486,2
2023-12-02,Amazon,A5734,Electronics,Assam,1767,3
2023-12-02,Amazon,A8163,Home Decor,Uttarakhand,241,1
2023-12-02,Amazon,A1068,Home Decor,Tamil Nadu,2367,3
2023-12-02,Amazon,A3196,Clothes,Karnataka,2652,3
2023-12-02,Amazon,A1106,Accessories,Odisha,979,1
2023-12-02,Amazon,A7974,Clothes,Rajasthan,934,2
2023-12-02,Amazon,A7535,Accessories,Haryana,4410,5
2023-12-02,Amazon,A9458,Home Decor,Jharkhand,1155,5
2023-12-02,Amazon,A1288,Clothes,Tamil Nadu,1419,3
2023-12-02,Amazon,A3346,Accessories,Bihar,3465,5
2023-12-02,Amazon,A4227,Clothes,Gujarat,1455,5
2023-12-02,Amazon,A1330,Accessories,Odisha,480,3
2023-12-02,Amazon,A6148,Clothes,Karnataka,1270,2
2023-12-02,Amazon,A5947,Clothes,Madhya Pradesh,766,2
2023-12-02,Amazon,A1382,Accessories,Delhi,2390,5
2023-12-02,Amazon,A8843,Home Decor,Bihar,210,1
2023-12-02,Amazon,A6115,Accessories,Delhi,1314,2
2023-12-02,Amazon,A2038,Clothes,Odisha,2444,4
2023-12-02,Amazon,A5747,Electronics,Andhra Pradesh,125,1
2023-12-02,Amazon,A5798,Grocery,Haryana,2785,5
2023-12-02,Amazon,A9953,Accessories,Haryana,642,2
2023-12-02,Amazon,A9272,Clothes,Maharashtra,2960,4
2023-12-02,Amazon,A3551,Electronics,Maharashtra,1424,2
2023-12-02,Amazon,A2537,Home Decor,Uttar Pradesh,1446,3
2023-12-02,Amazon,A4532,Clothes,Bihar,700,2
2023-12-02,Amazon,A4987,Accessories,Gujarat,1496,2
2023-12-03,Amazon,A1889,Electronics,Madhya Pradesh,1518,2
2023-12-03,Amazon,A8149,Grocery,Chhattisgarh,1582,2
2023-12-03,Amazon,A4724,Electronics,Haryana,594,2
2023-12-03,Amazon,A6902,Grocery,Karnataka,800,5
2023-12-03,Amazon,A5066,Accessories,Jharkhand,326,1
2023-12-03,Amazon,A1918,Home Decor,Jharkhand,1590,3
2023-12-03,Amazon,A7230,Electronics,Uttarakhand,2045,5
2023-12-03,Amazon,A3061,Electronics,Andhra Pradesh,842,2
2023-12-03,Amazon,A2871,Clothes,Uttar Pradesh,1150,2
2023-12-03,Amazon,A5127,Accessories,Uttar Pradesh,2463,3
2023-12-03,Amazon,A2033,Grocery,Rajasthan,2324,4
2023-12-03,Amazon,A4604,Accessories,Uttarakhand,1557,3
2023-12-03,Amazon,A4493,Grocery,Kerala,1155,5
2023-12-03,Amazon,A8652,Home Decor,Andhra Pradesh,2916,4
2023-12-03,Amazon,A1605,Home Decor,Maharashtra,846,1
2023-12-03,Amazon,A3922,Home Decor,Telangana,891,3
2023-12-03,Amazon,A6740,Clothes,Madhya Pradesh,1689,3
2023-12-03,Amazon,A9372,Grocery,West Bengal,685,1
2023-12-03,Amazon,A8057,Clothes,Madhya Pradesh,216,1
2023-12-03,Amazon,A6030,Clothes,Gujarat,4460,5
2023-12-03,Amazon,A5716,Accessories,Tamil Nadu,2172,3
2023-12-03,Amazon,A8510,Grocery,West Bengal,914,2
2023-12-03,Amazon,A2791,Electronics,Kerala,1388,4
2023-12-03,Amazon,A4607,Electronics,Maharashtra,564,4
2023-12-03,Amazon,A2311,Accessories,Kerala,2884,4
2023-12-03,Amazon,A8437,Home Decor,Bihar,4330,5
2023-12-03,Amazon,A1489,Accessories,Assam,3920,4
2023-12-03,Amazon,A8754,Clothes,Telangana,3496,4
2023-12-03,Amazon,A5174,Clothes,Punjab,3496,4
2023-12-03,Amazon,A9093,Home Decor,Karnataka,335,1
2023-12-03,Amazon,A3753,Home Decor,Tamil Nadu,520,2
2023-12-03,Amazon,A9240,Clothes,Jharkhand,406,1
2023-12-03,Amazon,A9762,Clothes,Jharkhand,2232,3
2023-12-03,Amazon,A9258,Clothes,Bihar,4685,5
2023-12-03,Amazon,A7856,Grocery,Delhi,706,2
2023-12-04,Amazon,A3177,Grocery,Kerala,832,2
2023-12-04,Amazon,A3585,Grocery,Telangana,207,1
2023-12-04,Amazon,A1306,Home Decor,Assam,519,1
2023-12-04,Amazon,A5553,Accessories,Telangana,197,1
2023-12-04,Amazon,A3760,Grocery,Delhi,3768,4
2023-12-04,Amazon,A5341,Electronics,Uttar Pradesh,1132,2
2023-12-04,Amazon,A2844,Home Decor,Chhattisgarh,848,2
2023-12-04,Amazon,A1860,Electronics,Assam,838,2
2023-12-04,Amazon,A9573,Grocery,Punjab,1754,2
2023-12-04,Amazon,A2686,Grocery,Karnataka,1458,3
2023-12-04,Amazon,A6667,Accessories,Bihar,166,1
2023-12-04,Amazon,A9355,Grocery,Uttarakhand,495,1
2023-12-04,Amazon,A2969,Electronics,Andhra Pradesh,547,1
2023-12-04,Amazon,A4706,Home Decor,Punjab,424,1
2023-12-04,Amazon,A2357,Grocery,Uttar Pradesh,257,1
2023-12-04,Amazon,A3639,Grocery,Maharashtra,2770,5
2023-12-04,Amazon,A8310,Home Decor,Telangana,2240,5
2023-12-04,Amazon,A8915,Home Decor,Telangana,1452,3
2023-12-04,Amazon,A7125,Electronics,Kerala,126,1
2023-12-04,Amazon,A4477,Accessories,Telangana,284,1
2023-12-04,Amazon,A3830,Electronics,Maharashtra,1224,2
2023-12-04,Amazon,A3455,Accessories,Kerala,2195,5
2023-12-05,Amazon,A1051,Accessories,Rajasthan,2672,4
2023-12-05,Amazon,A7112,Accessories,Bihar,3110,5
2023-12-05,Amazon,A8070,Clothes,Punjab,519,1
2023-12-05,Amazon,A9002,Grocery,Madhya Pradesh,573,3
2023-12-05,Amazon,A1443,Electronics,Karnataka,1866,2
2023-12-05,Amazon,A3752,Home Decor,Punjab,1896,3
2023-12-05,Amazon,A1348,Clothes,Jharkhand,1122,2
2023-12-05,Amazon,A1390,Home Decor,Odisha,2320,4
2023-12-05,Amazon,A6278,Home Decor,West Bengal,3240,5
2023-12-05,Amazon,A2912,Home Decor,West Bengal,1452,2
2023-12-05,Amazon,A3409,Accessories,Punjab,1347,3
2023-12-05,Amazon,A8840,Clothes,Telangana,1533,3
2023-12-05,Amazon,A2104,Accessories,Karnataka,1916,4
2023-12-05,Amazon,A7867,Clothes,Jharkhand,3630,5
2023-12-05,Amazon,A4654,Grocery,Uttar Pradesh,3890,5
2023-12-05,Amazon,A2989,Clothes,Karnataka,922,2
2023-12-05,Amazon,A1698,Clothes,Gujarat,302,1
2023-12-05,Amazon,A4896,Grocery,Madhya Pradesh,1065,5
2023-12-05,Amazon,A1862,Electronics,Assam,968,2
2023-12-05,Amazon,A4926,Home Decor,Telangana,2271,3
2023-12-05,Amazon,A1291,Electronics,Madhya Pradesh,1735,5
2023-12-05,Amazon,A8145,Clothes,Tamil Nadu,1548,2
2023-12-05,Amazon,A8963,Clothes,Chhattisgarh,2868,3
2023-12-05,Amazon,A3752,Electronics,West Bengal,1256,4
2023-12-05,Amazon,A5540,Accessories,Gujarat,1485,5
2023-12-05,Amazon,A7720,Grocery,Kerala,2007,3
2023-12-06,Amazon,A4569,Clothes,Uttar Pradesh,1458,2
2023-12-06,Amazon,A7683,Accessories,Uttar Pradesh,551,1
2023-12-06,Amazon,A9140,Accessories,Delhi,3344,4
2023-12-06,Amazon,A2193,Grocery,Uttar Pradesh,210,2
2023-12-06,Amazon,A5693,Accessories,Telangana,1048,2
2023-12-06,Amazon,A9431,Home Decor,Kerala,3236,4
2023-12-06,Amazon,A1928,Accessories,Chhattisgarh,2776,4
2023-12-06,Amazon,A7353,Electronics,Jharkhand,2004,3
2023-12-06,Amazon,A7857,Clothes,Punjab,144,1
2023-12-06,Amazon,A3089,Clothes,West Bengal,1020,5
2023-12-06,Amazon,A9236,Clothes,Jharkhand,3732,4
2023-12-06,Amazon,A8745,Electronics,Jharkhand,1827,3
2023-12-06,Amazon,A1533,Accessories,Andhra Pradesh,842,2
2023-12-06,Amazon,A1673,Electronics,Haryana,270,1
2023-12-06,Amazon,A3168,Clothes,Punjab,752,4
2023-12-06,Amazon,A7571,Clothes,Madhya Pradesh,1410,2
2023-12-06,Amazon,A4898,Clothes,Madhya Pradesh,1408,2
2023-12-06,Amazon,A6849,Grocery,Gujarat,750,1
2023-12-06,Amazon,A3761,Grocery,Punjab,380,2
2023-12-06,Amazon,A8489,Clothes,Rajasthan,256,1
2023-12-06,Amazon,A2539,Home Decor,West Bengal,1650,2
2023-12-07,Amazon,A9417,Home Decor,Jharkhand,1274,2
2023-12-07,Amazon,A9748,Home Decor,Telangana,1156,2
2023-12-07,Amazon,A8424,Accessories,Chhattisgarh,1655,5
2023-12-07,Amazon,A1858,Grocery,Uttar Pradesh,1758,3
2023-12-07,Amazon,A1698,Grocery,Kerala,442,2
2023-12-07,Amazon,A2057,Grocery,Bihar,540,2
2023-12-07,Amazon,A7962,Home Decor,West Bengal,3070,5
2023-12-07,Amazon,A2799,Grocery,Maharashtra,1804,4
2023-12-07,Amazon,A9242,Accessories,Rajasthan,2856,4
2023-12-07,Amazon,A3401,Home Decor,Madhya Pradesh,540,4
2023-12-07,Amazon,A9622,Grocery,Haryana,606,1
2023-12-07,Amazon,A1887,Electronics,Gujarat,3368,4
2023-12-07,Amazon,A5146,Accessories,Maharashtra,1470,5
2023-12-07,Amazon,A2810,Accessories,Uttarakhand,1852,2
2023-12-07,Amazon,A9942,Home Decor,Uttarakhand,1070,5
2023-12-07,Amazon,A1972,Grocery,Delhi,1648,4
2023-12-07,Amazon,A5508,Grocery,Telangana,2504,4
2023-12-07,Amazon,A2194,Electronics,Haryana,4735,5
2023-12-07,Amazon,A3142,Electronics,Madhya Pradesh,800,4
2023-12-07,Amazon,A7770,Electronics,Maharashtra,3864,4
2023-12-07,Amazon,A1188,Grocery,Delhi,2664,4
2023-12-07,Amazon,A6698,Clothes,Bihar,2241,3
2023-12-07,Amazon,A8326,Accessories,Assam,4730,5
2023-12-07,Amazon,A9279,Accessories,Punjab,1724,2
2023-12-07,Amazon,A5159,Home Decor,Chhattisgarh,2860,5
2023-12-07,Amazon,A8382,Grocery,Assam,532,2
2023-12-07,Amazon,A1214,Clothes,Karnataka,1360,5
2023-12-07,Amazon,A4971,Electronics,West Bengal,1446,3
2023-12-07,Amazon,A4674,Home Decor,Kerala,1926,3
2023-12-07,Amazon,A9381,Grocery,Bihar,2740,5
2023-12-08,Amazon,A6496,Electronics,Uttarakhand,1026,2
2023-12-08,Amazon,A5024,Grocery,Haryana,2391,3
2023-12-08,Amazon,A5536,Clothes,Madhya Pradesh,2900,5
2023-12-08,Amazon,A1984,Home Decor,West Bengal,2250,3
2023-12-08,Amazon,A9485,Home Decor,Uttar Pradesh,4350,5
2023-12-08,Amazon,A7484,Accessories,Madhya Pradesh,2284,4
2023-12-08,Amazon,A1366,Accessories,Kerala,4000,5
2023-12-08,Amazon,A1263,Electronics,Uttar Pradesh,1715,5
2023-12-08,Amazon,A4060,Grocery,Telangana,372,1
2023-12-08,Amazon,A5287,Home Decor,Delhi,916,2
2023-12-08,Amazon,A1233,Clothes,Gujarat,2115,5
2023-12-08,Amazon,A9735,Electronics,Odisha,1284,2
2023-12-08,Amazon,A2915,Home Decor,Punjab,1222,2
2023-12-08,Amazon,A2447,Home Decor,Assam,1060,4
2023-12-08,Amazon,A7673,Accessories,Rajasthan,913,1
2023-12-08,Amazon,A5322,Accessories,Uttar Pradesh,1203,3
2023-12-08,Amazon,A5397,Accessories,Chhattisgarh,894,3
2023-12-08,Amazon,A8961,Grocery,Andhra Pradesh,382,2
2023-12-08,Amazon,A4966,Accessories,Madhya Pradesh,1635,3
2023-12-08,Amazon,A6261,Grocery,Haryana,1252,2
2023-12-08,Amazon,A8917,Clothes,Punjab,1710,3
2023-12-08,Amazon,A2315,Clothes,Gujarat,664,1
2023-12-08,Amazon,A1203,Clothes,Delhi,2292,4
2023-12-08,Amazon,A6821,Accessories,Andhra Pradesh,2445,5
2023-12-09,Amazon,A9927,Grocery,West Bengal,1038,3
2023-12-09,Amazon,A4256,Accessories,Jharkhand,2055,3
2023-12-09,Amazon,A2502,Clothes,Bihar,2865,5
2023-12-09,Amazon,A8566,Grocery,Uttar Pradesh,281,1
2023-12-09,Amazon,A7797,Clothes,Telangana,1910,2
2023-12-09,Amazon,A4381,Clothes,Punjab,835,1
2023-12-09,Amazon,A3755,Electronics,Uttarakhand,600,2
2023-12-09,Amazon,A7197,Accessories,Tamil Nadu,1302,3
2023-12-09,Amazon,A9356,Home Decor,Maharashtra,169,1
2023-12-09,Amazon,A8434,Accessories,Kerala,2952,4
2023-12-09,Amazon,A8717,Grocery,Bihar,2210,5
2023-12-09,Amazon,A2599,Grocery,Karnataka,3605,5
2023-12-09,Amazon,A8750,Electronics,West Bengal,1376,4
2023-12-09,Amazon,A2261,Accessories,Chhattisgarh,4650,5
2023-12-09,Amazon,A8950,Clothes,Maharashtra,333,3
2023-12-09,Amazon,A9593,Accessories,Karnataka,1017,3
2023-12-09,Amazon,A9064,Electronics,Punjab,1680,4
2023-12-09,Amazon,A9690,Accessories,Rajasthan,534,2
2023-12-09,Amazon,A3907,Home Decor,Madhya Pradesh,486,1
2023-12-09,Amazon,A3073,Clothes,Bihar,1629,3
2023-12-09,Amazon,A4839,Accessories,Bihar,3090,5
2023-12-09,Amazon,A6126,Accessories,Odisha,836,4
2023-12-09,Amazon,A1363,Clothes,Maharashtra,260,2
2023-12-09,Amazon,A8774,Clothes,Tamil Nadu,1236,3
2023-12-09,Amazon,A5085,Home Decor,Telangana,3005,5
2023-12-09,Amazon,A2107,Grocery,Gujarat,2229,3
2023-12-09,Amazon,A4218,Grocery,Delhi,1965,3
2023-12-09,Amazon,A6438,Home Decor,Uttar Pradesh,1386,3
2023-12-09,Amazon,A4209,Electronics,Madhya Pradesh,2020,5
2023-12-09,Amazon,A5947,Grocery,Andhra Pradesh,115,1
2023-12-09,Amazon,A2608,Electronics,Jharkhand,867,3
2023-12-09,Amazon,A7889,Accessories,Kerala,222,2
2023-12-10,Amazon,A8846,Clothes,Odisha,1935,5
2023-12-10,Amazon,A3124,Grocery,Delhi,3796,4
2023-12-10,Amazon,A1224,Grocery,Maharashtra,3680,5
2023-12-10,Amazon,A1335,Home Decor,Tamil Nadu,1830,2
2023-12-10,Amazon,A9148,Home Decor,Maharashtra,142,1
2023-12-10,Amazon,A1750,Clothes,Assam,4215,5
2023-12-10,Amazon,A7326,Clothes,Chhattisgarh,442,1
2023-12-10,Amazon,A1658,Grocery,Telangana,2910,5
2023-12-10,Amazon,A8419,Home Decor,Kerala,592,1
2023-12-10,Amazon,A2520,Accessories,Telangana,320,2
2023-12-10,Amazon,A9574,Home Decor,Karnataka,333,3
2023-12-10,Amazon,A3472,Electronics,West Bengal,1592,2
2023-12-10,Amazon,A2368,Accessories,Gujarat,476,1
2023-12-10,Amazon,A9511,Grocery,Andhra Pradesh,2492,4
2023-12-10,Amazon,A7574,Clothes,Tamil Nadu,2676,3
2023-12-10,Amazon,A2660,Accessories,Punjab,1002,2
2023-12-10,Amazon,A3555,Home Decor,Uttarakhand,1154,2
2023-12-10,Amazon,A4420,Accessories,Telangana,869,1
2023-12-10,Amazon,A1750,Electronics,Andhra Pradesh,2328,4
2023-12-10,Amazon,A9383,Accessories,Uttar Pradesh,541,1
2023-12-10,Amazon,A5029,Accessories,Telangana,2885,5
2023-12-10,Amazon,A7901,Home Decor,Maharashtra,909,1
2023-12-10,Amazon,A7947,Accessories,Chhattisgarh,169,1
2023-12-10,Amazon,A9552,Electronics,Chhattisgarh,1566,3
2023-12-11,Amazon,A1040,Electronics,Assam,1374,2
2023-12-11,Amazon,A7011,Grocery,Maharashtra,3372,4
2023-12-11,Amazon,A4031,Home Decor,Haryana,243,1
2023-12-11,Amazon,A8489,Electronics,Chhattisgarh,940,5
2023-12-11,Amazon,A2415,Electronics,Punjab,1288,2
2023-12-11,Amazon,A4919,Accessories,Delhi,2397,3
2023-12-11,Amazon,A4610,Home Decor,Punjab,1196,4
2023-12-11,Amazon,A9965,Home Decor,Chhattisgarh,1232,4
2023-12-11,Amazon,A9915,Electronics,Odisha,1792,4
2023-12-11,Amazon,A7163,Clothes,Haryana,3076,4
2023-12-11,Amazon,A7031,Home Decor,Jharkhand,1940,4
2023-12-11,Amazon,A3013,Grocery,Assam,748,4
2023-12-11,Amazon,A6896,Accessories,Uttar Pradesh,1695,3
2023-12-11,Amazon,A4047,Home Decor,Tamil Nadu,1442,2
2023-12-11,Amazon,A4065,Electronics,Telangana,1404,3
2023-12-11,Amazon,A7375,Home Decor,Jharkhand,592,2
2023-12-11,Amazon,A5033,Grocery,Kerala,1320,3
2023-12-11,Amazon,A5268,Accessories,Andhra Pradesh,2439,3
2023-12-11,Amazon,A4182,Clothes,Maharashtra,1716,3
2023-12-11,Amazon,A4820,Home Decor,Uttar Pradesh,951,1
2023-12-12,Amazon,A6881,Home Decor,Punjab,1440,3
2023-12-12,Amazon,A6203,Home Decor,Kerala,846,3
2023-12-12,Amazon,A3750,Clothes,Assam,957,1
2023-12-12,Amazon,A6048,Clothes,Gujarat,738,3
2023-12-12,Amazon,A3024,Home Decor,Uttar Pradesh,3272,4
2023-12-12,Amazon,A8236,Electronics,Telangana,1032,4
2023-12-12,Amazon,A2646,Clothes,Maharashtra,1035,5
2023-12-12,Amazon,A2546,Accessories,Tamil Nadu,1500,2
2023-12-12,Amazon,A9549,Home Decor,Gujarat,2205,3
2023-12-12,Amazon,A8008,Home Decor,Telangana,1719,3
2023-12-12,Amazon,A8867,Clothes,Uttar Pradesh,2925,3
2023-12-12,Amazon,A8623,Clothes,Haryana,1390,5
2023-12-12,Amazon,A9136,Electronics,Jharkhand,335,1
2023-12-12,Amazon,A2251,Clothes,Gujarat,728,4
2023-12-12,Amazon,A1044,Clothes,Kerala,2245,5
2023-12-12,Amazon,A1479,Grocery,Delhi,538,1
2023-12-12,Amazon,A1296,Electronics,Karnataka,500,4
2023-12-12,Amazon,A4196,Grocery,Uttarakhand,668,1
2023-12-12,Amazon,A1847,Grocery,Uttar Pradesh,489,1
2023-12-12,Amazon,A3117,Clothes,Uttarakhand,1700,2
2023-12-12,Amazon,A2732,Electronics,Gujarat,2948,4
2023-12-12,Amazon,A7038,Electronics,Haryana,437,1
2023-12-12,Amazon,A5608,Clothes,West Bengal,3615,5
2023-12-12,Amazon,A1768,Clothes,Bihar,880,5
2023-12-12,Amazon,A3573,Home Decor,Rajasthan,465,3
2023-12-12,Amazon,A1191,Clothes,Madhya Pradesh,159,1
2023-12-12,Amazon,A2172,Accessories,Chhattisgarh,4850,5
2023-12-12,Amazon,A1672,Home Decor,West Bengal,1475,5
2023-12-12,Amazon,A1289,Home Decor,Chhattisgarh,2452,4
2023-12-12,Amazon,A3531,Grocery,Kerala,1400,5
2023-12-12,Amazon,A3646,Accessories,West Bengal,2215,5
2023-12-12,Amazon,A5669,Accessories,Delhi,700,2
2023-12-12,Amazon,A5583,Grocery,Telangana,664,2
2023-12-12,Amazon,A4482,Electronics,Bihar,932,2
2023-12-12,Amazon,A6493,Home Decor,Jharkhand,550,1
2023-12-12,Amazon,A3100,Home Decor,Assam,2380,5
2023-12-12,Amazon,A7445,Accessories,Karnataka,1305,5
2023-12-13,Amazon,A1556,Electronics,Rajasthan,510,5
2023-12-13,Amazon,A5006,Electronics,Tamil Nadu,976,2
2023-12-13,Amazon,A5802,Home Decor,Rajasthan,262,2
2023-12-13,Amazon,A9827,Electronics,Chhattisgarh,3968,4
2023-12-13,Amazon,A4146,Electronics,Jharkhand,2635,5
2023-12-13,Amazon,A7904,Home Decor,Odisha,2785,5
2023-12-13,Amazon,A4259,Electronics,Delhi,330,2
2023-12-13,Amazon,A7403,Home Decor,Madhya Pradesh,184,1
2023-12-13,Amazon,A4719,Accessories,Gujarat,1776,3
2023-12-13,Amazon,A7367,Accessories,Jharkhand,1325,5
2023-12-13,Amazon,A7868,Grocery,Punjab,4740,5
2023-12-13,Amazon,A5141,Clothes,Punjab,970,1
2023-12-13,Amazon,A7403,Electronics,Uttar Pradesh,4475,5
2023-12-13,Amazon,A4534,Clothes,Assam,507,1
2023-12-13,Amazon,A2710,Electronics,West Bengal,1658,2
2023-12-13,Amazon,A5630,Home Decor,Karnataka,864,3
2023-12-13,Amazon,A7131,Home Decor,Jharkhand,352,1
2023-12-13,Amazon,A3030,Home Decor,Assam,2876,4
2023-12-13,Amazon,A1073,Clothes,Karnataka,656,1
2023-12-13,Amazon,A4731,Accessories,Tamil Nadu,1610,5
2023-12-14,Amazon,A6476,Accessories,Uttar Pradesh,2784,3
2023-12-14,Amazon,A7522,Accessories,Assam,908,1
2023-12-14,Amazon,A6189,Grocery,Odisha,1200,2
2023-12-14,Amazon,A1256,Electronics,Odisha,1340,2
2023-12-14,Amazon,A8878,Home Decor,Rajasthan,889,1
2023-12-14,Amazon,A3089,Grocery,Andhra Pradesh,278,2
2023-12-14,Amazon,A8370,Grocery,Andhra Pradesh,878,2
2023-12-14,Amazon,A7818,Grocery,Jharkhand,2475,5
2023-12-14,Amazon,A3413,Clothes,Punjab,1494,2
2023-12-14,Amazon,A5862,Home Decor,Bihar,2170,5
2023-12-14,Amazon,A1805,Home Decor,Odisha,1918,2
2023-12-14,Amazon,A1167,Electronics,Tamil Nadu,1120,2
2023-12-14,Amazon,A3336,Home Decor,Odisha,1540,4
2023-12-14,Amazon,A4316,Home Decor,Uttarakhand,2799,3
2023-12-14,Amazon,A4060,Grocery,Punjab,1784,2
2023-12-14,Amazon,A9339,Grocery,Haryana,271,1
2023-12-14,Amazon,A3018,Accessories,Jharkhand,3676,4
2023-12-14,Amazon,A2818,Home Decor,Uttarakhand,496,4
2023-12-14,Amazon,A4751,Electronics,Uttar Pradesh,2864,4
2023-12-14,Amazon,A4620,Electronics,Assam,858,2
2023-12-14,Amazon,A4525,Electronics,Assam,514,2
2023-12-14,Amazon,A8353,Grocery,West Bengal,708,3
2023-12-14,Amazon,A2120,Accessories,Bihar,309,1
2023-12-14,Amazon,A6507,Clothes,Tamil Nadu,986,1
2023-12-14,Amazon,A4795,Clothes,Punjab,360,2
2023-12-14,Amazon,A8203,Accessories,Kerala,3880,4
2023-12-14,Amazon,A2638,Home Decor,Haryana,1908,3
2023-12-14,Amazon,A5141,Grocery,Andhra Pradesh,1924,2
2023-12-14,Amazon,A3090,Electronics,Madhya Pradesh,1004,2
2023-12-14,Amazon,A9313,Grocery,Karnataka,1683,3
2023-12-14,Amazon,A1490,Grocery,Haryana,526,1
2023-12-14,Amazon,A7602,Electronics,West Bengal,2685,5
2023-12-14,Amazon,A9986,Electronics,Bihar,1449,3
2023-12-14,Amazon,A3121,Grocery,Andhra Pradesh,3380,4
2023-12-14,Amazon,A8582,Electronics,Uttar Pradesh,865,1
2023-12-14,Amazon,A3290,Grocery,Bihar,1965,3
2023-12-14,Amazon,A5688,Grocery,Andhra Pradesh,1002,3
2023-12-15,Amazon,A7702,Grocery,Tamil Nadu,568,4
2023-12-15,Amazon,A9414,Home Decor,Jharkhand,217,1
2023-12-15,Amazon,A8537,Electronics,Odisha,828,2
2023-12-15,Amazon,A7881,Accessories,Uttarakhand,820,2
2023-12-15,Amazon,A7928,Home Decor,Telangana,1856,2
2023-12-15,Amazon,A5326,Grocery,West Bengal,1656,2
2023-12-15,Amazon,A6395,Clothes,Karnataka,2515,5
2023-12-15,Amazon,A3226,Electronics,Tamil Nadu,1389,3
2023-12-15,Amazon,A2813,Electronics,Punjab,3252,4
2023-12-15,Amazon,A5784,Accessories,Assam,1245,5
2023-12-15,Amazon,A3898,Accessories,Chhattisgarh,1618,2
2023-12-15,Amazon,A8055,Accessories,Delhi,1323,3
2023-12-15,Amazon,A3513,Clothes,Uttarakhand,717,1
2023-12-15,Amazon,A9227,Accessories,West Bengal,2228,4
2023-12-15,Amazon,A1964,Accessories,Karnataka,3612,4
2023-12-15,Amazon,A4683,Home Decor,Delhi,1574,2
2023-12-15,Amazon,A7942,Clothes,Maharashtra,1518,3
2023-12-15,Amazon,A7839,Clothes,Madhya Pradesh,3900,5
2023-12-15,Amazon,A4614,Clothes,Telangana,2829,3
2023-12-15,Amazon,A8104,Electronics,Assam,2118,3
2023-12-15,Amazon,A5675,Grocery,Haryana,2574,3
2023-12-15,Amazon,A8991,Accessories,Andhra Pradesh,3500,5
2023-12-15,Amazon,A8977,Home Decor,Haryana,3152,4
2023-12-15,Amazon,A5996,Electronics,Chhattisgarh,3240,4
2023-12-15,Amazon,A6327,Grocery,Haryana,3416,4
2023-12-15,Amazon,A4536,Grocery,Delhi,1680,3
2023-12-15,Amazon,A8679,Grocery,Telangana,698,1
2023-12-15,Amazon,A9057,Electronics,Tamil Nadu,679,1
2023-12-15,Amazon,A6708,Clothes,Uttar Pradesh,980,1
2023-12-15,Amazon,A9601,Electronics,Delhi,738,3
2023-12-15,Amazon,A4982,Clothes,Andhra Pradesh,800,5
2023-12-15,Amazon,A9266,Accessories,Uttar Pradesh,3995,5
2023-12-15,Amazon,A6948,Grocery,Rajasthan,507,1
2023-12-15,Amazon,A1256,Electronics,Jharkhand,1488,2
2023-12-15,Amazon,A9802,Clothes,Uttar Pradesh,1015,5
2023-12-15,Amazon,A9414,Grocery,Jharkhand,3844,4
2023-12-15,Amazon,A8269,Home Decor,Bihar,3316,4
2023-12-15,Amazon,A2244,Electronics,Rajasthan,2650,5
2023-12-16,Amazon,A4767,Accessories,Bihar,2202,3
2023-12-16,Amazon,A6246,Home Decor,West Bengal,747,3
2023-12-16,Amazon,A7247,Electronics,West Bengal,1288,2
2023-12-16,Amazon,A3517,Clothes,Maharashtra,1110,2
2023-12-16,Amazon,A3079,Grocery,Bihar,1802,2
2023-12-16,Amazon,A9678,Electronics,Tamil Nadu,262,2
2023-12-16,Amazon,A2703,Grocery,Madhya Pradesh,392,1
2023-12-16,Amazon,A2288,Home Decor,Jharkhand,2802,3
2023-12-16,Amazon,A8890,Grocery,Bihar,862,2
2023-12-16,Amazon,A3460,Home Decor,Punjab,392,1
2023-12-16,Amazon,A7167,Home Decor,Delhi,708,1
2023-12-16,Amazon,A6000,Electronics,Assam,845,1
2023-12-16,Amazon,A5160,Grocery,Telangana,900,4
2023-12-16,Amazon,A6387,Electronics,Jharkhand,144,1
2023-12-16,Amazon,A6162,Clothes,Andhra Pradesh,2515,5
2023-12-16,Amazon,A1716,Clothes,Odisha,1335,3
2023-12-16,Amazon,A9599,Home Decor,Tamil Nadu,3084,4
2023-12-16,Amazon,A5080,Grocery,Haryana,394,1
2023-12-16,Amazon,A1037,Home Decor,Rajasthan,1586,2
2023-12-16,Amazon,A4155,Home Decor,Punjab,1750,2
2023-12-16,Amazon,A6251,Grocery,West Bengal,320,2
2023-12-16,Amazon,A2289,Clothes,Gujarat,2310,5
2023-12-16,Amazon,A2771,Electronics,Punjab,931,1
2023-12-16,Amazon,A8833,Clothes,Odisha,1666,2
2023-12-16,Amazon,A2118,Accessories,Haryana,2220,4
2023-12-16,Amazon,A1346,Clothes,Gujarat,2577,3
2023-12-16,Amazon,A3835,Home Decor,Rajasthan,248,2
2023-12-16,Amazon,A7006,Accessories,Karnataka,1930,2
2023-12-16,Amazon,A3473,Grocery,Karnataka,900,4
2023-12-16,Amazon,A9711,Clothes,Jharkhand,948,2
2023-12-16,Amazon,A9811,Home Decor,Delhi,773,1
2023-12-16,Amazon,A2948,Home Decor,Odisha,1450,2
2023-12-16,Amazon,A8559,Clothes,Uttarakhand,2515,5
2023-12-16,Amazon,A3404,Electronics,Maharashtra,887,1
2023-12-16,Amazon,A8579,Grocery,Tamil Nadu,596,2
2023-12-16,Amazon,A5719,Clothes,Tamil Nadu,1520,4
2023-12-16,Amazon,A8752,Electronics,Rajasthan,4525,5
2023-12-16,Amazon,A2394,Home Decor,Karnataka,2217,3
2023-12-17,Amazon,A1965,Accessories,Tamil Nadu,630,5
2023-12-17,Amazon,A6579,Accessories,Rajasthan,720,5
2023-12-17,Amazon,A3674,Grocery,Rajasthan,3244,4
2023-12-17,Amazon,A8685,Electronics,Jharkhand,2454,3
2023-12-17,Amazon,A3096,Electronics,Odisha,1746,2
2023-12-17,Amazon,A3412,Grocery,Uttarakhand,359,1
2023-12-17,Amazon,A9809,Home Decor,Tamil Nadu,1332,2
2023-12-17,Amazon,A6757,Grocery,Telangana,2244,4
2023-12-17,Amazon,A6820,Clothes,Haryana,667,1
2023-12-17,Amazon,A5860,Home Decor,Delhi,108,1
2023-12-17,Amazon,A5363,Clothes,Madhya Pradesh,820,5
2023-12-17,Amazon,A6611,Electronics,Tamil Nadu,864,3
2023-12-17,Amazon,A5380,Electronics,Assam,1016,4
2023-12-17,Amazon,A2911,Clothes,Maharashtra,3036,4
2023-12-17,Amazon,A1996,Accessories,Karnataka,1566,3
2023-12-17,Amazon,A8184,Accessories,Odisha,990,3
2023-12-17,Amazon,A4577,Grocery,Jharkhand,155,1
2023-12-17,Amazon,A7020,Home Decor,Uttarakhand,894,3
2023-12-17,Amazon,A9420,Grocery,West Bengal,1564,4
2023-12-17,Amazon,A1841,Grocery,Tamil Nadu,179,1
2023-12-17,Amazon,A3303,Home Decor,Uttarakhand,1784,2
2023-12-17,Amazon,A6794,Accessories,Rajasthan,2932,4
2023-12-17,Amazon,A1042,Clothes,Uttarakhand,879,3
2023-12-17,Amazon,A2506,Accessories,Odisha,1912,2
2023-12-17,Amazon,A4083,Grocery,Kerala,515,5
2023-12-17,Amazon,A8084,Grocery,Karnataka,1599,3
2023-12-17,Amazon,A5562,Home Decor,Madhya Pradesh,2109,3
2023-12-17,Amazon,A6864,Clothes,Maharashtra,2613,3
2023-12-17,Amazon,A6789,Home Decor,Chhattisgarh,884,2
2023-12-17,Amazon,A3791,Home Decor,Kerala,1668,3
2023-12-17,Amazon,A2280,Electronics,Rajasthan,1610,2
2023-12-18,Amazon,A7323,Home Decor,West Bengal,2105,5
2023-12-18,Amazon,A7727,Grocery,Delhi,711,1
2023-12-18,Amazon,A7327,Clothes,Madhya Pradesh,363,1
2023-12-18,Amazon,A8925,Grocery,Kerala,2676,3
2023-12-18,Amazon,A2203,Electronics,Assam,441,3
2023-12-18,Amazon,A2077,Electronics,Uttar Pradesh,981,3
2023-12-18,Amazon,A9075,Accessories,Delhi,2286,3
2023-12-18,Amazon,A5325,Home Decor,Maharashtra,1416,3
2023-12-18,Amazon,A1127,Home Decor,Jharkhand,2530,5
2023-12-18,Amazon,A2901,Clothes,Andhra Pradesh,2675,5
2023-12-18,Amazon,A7341,Grocery,Odisha,1010,2
2023-12-18,Amazon,A4199,Home Decor,Uttar Pradesh,2631,3
2023-12-18,Amazon,A8224,Home Decor,Uttarakhand,2868,4
2023-12-18,Amazon,A1273,Electronics,Uttar Pradesh,1936,4
2023-12-18,Amazon,A4491,Grocery,Bihar,254,2
2023-12-18,Amazon,A4743,Home Decor,Uttarakhand,2825,5
2023-12-18,Amazon,A6443,Home Decor,Uttar Pradesh,1696,2
2023-12-18,Amazon,A7339,Home Decor,Andhra Pradesh,2547,3
2023-12-18,Amazon,A5277,Electronics,Assam,2634,3
2023-12-18,Amazon,A5645,Clothes,Madhya Pradesh,850,2
2023-12-18,Amazon,A6761,Accessories,Uttar Pradesh,115,1
2023-12-18,Amazon,A6065,Electronics,Karnataka,828,4
2023-12-18,Amazon,A5997,Home Decor,Odisha,405,1
2023-12-18,Amazon,A5851,Home Decor,Andhra Pradesh,2688,4
2023-12-18,Amazon,A4793,Grocery,Rajasthan,1808,2
2023-12-18,Amazon,A5146,Clothes,Maharashtra,840,3
2023-12-18,Amazon,A1842,Grocery,Punjab,646,2
2023-12-18,Amazon,A9566,Accessories,Uttar Pradesh,2220,4
2023-12-18,Amazon,A5703,Clothes,Bihar,2970,3
2023-12-18,Amazon,A4390,Accessories,Chhattisgarh,4325,5
2023-12-18,Amazon,A7779,Clothes,Rajasthan,1900,5
2023-12-18,Amazon,A3941,Home Decor,Telangana,296,2
2023-12-18,Amazon,A7278,Home Decor,Bihar,884,4
2023-12-18,Amazon,A1219,Grocery,Madhya Pradesh,4665,5
2023-12-18,Amazon,A5350,Clothes,Madhya Pradesh,776,4
2023-12-18,Amazon,A3606,Clothes,Kerala,2343,3
2023-12-18,Amazon,A9137,Grocery,Tamil Nadu,1318,2
2023-12-18,Amazon,A8124,Clothes,Madhya Pradesh,1311,3
2023-12-18,Amazon,A7645,Accessories,Haryana,690,3
2023-12-18,Amazon,A7187,Electronics,Punjab,1726,2
2023-12-19,Amazon,A9237,Home Decor,Tamil Nadu,2884,4
2023-12-19,Amazon,A2888,Accessories,Delhi,1290,2
2023-12-19,Amazon,A8594,Accessories,Kerala,2367,3
2023-12-19,Amazon,A5615,Clothes,Uttar Pradesh,1257,3
2023-12-19,Amazon,A2124,Clothes,Rajasthan,3908,4
2023-12-19,Amazon,A3040,Clothes,Uttarakhand,891,1
2023-12-19,Amazon,A9308,Grocery,Jharkhand,1464,3
2023-12-19,Amazon,A2638,Accessories,West Bengal,1496,4
2023-12-19,Amazon,A9344,Home Decor,Jharkhand,2915,5
2023-12-19,Amazon,A5252,Home Decor,Karnataka,528,2
2023-12-19,Amazon,A1513,Electronics,Kerala,1648,2
2023-12-19,Amazon,A7750,Grocery,Madhya Pradesh,1856,4
2023-12-19,Amazon,A3873,Electronics,Tamil Nadu,1008,3
2023-12-19,Amazon,A6692,Grocery,Andhra Pradesh,1200,5
2023-12-19,Amazon,A3725,Home Decor,Gujarat,794,1
2023-12-19,Amazon,A7421,Grocery,West Bengal,756,1
2023-12-19,Amazon,A1043,Electronics,Madhya Pradesh,1262,2
2023-12-19,Amazon,A6515,Accessories,Gujarat,628,2
2023-12-19,Amazon,A3630,Accessories,Telangana,1956,2
2023-12-19,Amazon,A5086,Clothes,Karnataka,2385,5
2023-12-19,Amazon,A4140,Electronics,Madhya Pradesh,3325,5
2023-12-19,Amazon,A6470,Home Decor,Rajasthan,1980,3
2023-12-19,Amazon,A3359,Accessories,Bihar,3995,5
2023-12-19,Amazon,A7119,Clothes,Uttarakhand,1765,5
2023-12-20,Amazon,A2568,Grocery,Uttar Pradesh,590,5
2023-12-20,Amazon,A1569,Electronics,Jharkhand,964,1
2023-12-20,Amazon,A7509,Accessories,Andhra Pradesh,1044,3
2023-12-20,Amazon,A3141,Clothes,Haryana,951,1
2023-12-20,Amazon,A1547,Electronics,Punjab,4820,5
2023-12-20,Amazon,A2573,Grocery,Haryana,429,3
2023-12-20,Amazon,A3815,Electronics,Delhi,4545,5
2023-12-20,Amazon,A2457,Electronics,Kerala,3920,5
2023-12-20,Amazon,A7921,Clothes,Punjab,1761,3
2023-12-20,Amazon,A8496,Grocery,Maharashtra,998,2
2023-12-20,Amazon,A1575,Grocery,Gujarat,648,2
2023-12-20,Amazon,A7818,Electronics,West Bengal,1912,2
2023-12-20,Amazon,A3930,Grocery,Haryana,414,3
2023-12-20,Amazon,A1964,Home Decor,Tamil Nadu,506,1
2023-12-20,Amazon,A6216,Accessories,Chhattisgarh,1612,2
2023-12-20,Amazon,A1236,Grocery,West Bengal,1426,2
2023-12-20,Amazon,A1933,Accessories,Maharashtra,1112,4
2023-12-20,Amazon,A4642,Home Decor,Madhya Pradesh,1142,2
2023-12-20,Amazon,A2808,Grocery,Bihar,2460,4
2023-12-20,Amazon,A1375,Accessories,Maharashtra,532,4
2023-12-20,Amazon,A2232,Accessories,Telangana,738,3
2023-12-20,Amazon,A1768,Accessories,Maharashtra,2820,4
2023-12-20,Amazon,A8066,Grocery,West Bengal,2919,3
2023-12-20,Amazon,A1089,Clothes,Maharashtra,1215,3
2023-12-20,Amazon,A6973,Grocery,Uttarakhand,3250,5
2023-12-20,Amazon,A4852,Accessories,Chhattisgarh,4980,5
2023-12-20,Amazon,A4244,Electronics,Gujarat,2985,3
2023-12-20,Amazon,A9935,Accessories,Andhra Pradesh,2697,3
2023-12-20,Amazon,A9348,Home Decor,West Bengal,624,4
2023-12-20,Amazon,A4487,Grocery,Delhi,2715,5
2023-12-20,Amazon,A2983,Electronics,Karnataka,3845,5
2023-12-20,Amazon,A9464,Grocery,Tamil Nadu,1860,5
2023-12-20,Amazon,A4602,Accessories,Maharashtra,1958,2
2023-12-20,Amazon,A4419,Electronics,Chhattisgarh,1380,5
2023-12-21,Amazon,A5559,Clothes,Andhra Pradesh,744,3
2023-12-21,Amazon,A3696,Accessories,Kerala,208,1
2023-12-21,Amazon,A4008,Accessories,Chhattisgarh,1120,5
2023-12-21,Amazon,A8895,Home Decor,Bihar,2935,5
2023-12-21,Amazon,A4285,Grocery,Tamil Nadu,1660,4
2023-12-21,Amazon,A2403,Electronics,Kerala,2055,3
2023-12-21,Amazon,A5839,Home Decor,Jharkhand,2800,4
2023-12-21,Amazon,A7195,Clothes,Odisha,616,1
2023-12-21,Amazon,A7893,Electronics,Uttar Pradesh,2200,5
2023-12-21,Amazon,A7774,Accessories,Kerala,1050,5
2023-12-21,Amazon,A9305,Home Decor,Jharkhand,1788,4
2023-12-21,Amazon,A6720,Electronics,Haryana,3790,5
2023-12-21,Amazon,A3179,Accessories,Chhattisgarh,3375,5
2023-12-21,Amazon,A9057,Clothes,Telangana,2142,3
2023-12-21,Amazon,A1256,Clothes,Assam,1440,2
2023-12-21,Amazon,A8474,Grocery,Tamil Nadu,692,1
2023-12-21,Amazon,A1268,Clothes,Odisha,3576,4
2023-12-21,Amazon,A6859,Electronics,Andhra Pradesh,872,4
2023-12-21,Amazon,A1947,Home Decor,Jharkhand,1460,5
2023-12-21,Amazon,A5505,Clothes,Bihar,1266,3
2023-12-21,Amazon,A8061,Grocery,Jharkhand,642,3
2023-12-21,Amazon,A4628,Home Decor,Chhattisgarh,830,5
2023-12-21,Amazon,A4146,Home Decor,Kerala,474,3
2023-12-21,Amazon,A1172,Grocery,Kerala,1580,4
2023-12-21,Amazon,A2614,Home Decor,Kerala,1104,2
2023-12-21,Amazon,A5737,Grocery,Assam,882,1
2023-12-21,Amazon,A8719,Home Decor,Uttar Pradesh,1696,4
2023-12-22,Amazon,A9388,Electronics,Odisha,4055,5
2023-12-22,Amazon,A3431,Accessories,Jharkhand,520,1
2023-12-22,Amazon,A4986,Electronics,Maharashtra,610,1
2023-12-22,Amazon,A1623,Clothes,Delhi,2121,3
2023-12-22,Amazon,A4874,Accessories,Tamil Nadu,3944,4
2023-12-22,Amazon,A2759,Accessories,Kerala,286,1
2023-12-22,Amazon,A6228,Grocery,Andhra Pradesh,3045,5
2023-12-22,Amazon,A6576,Electronics,Uttar Pradesh,844,2
2023-12-22,Amazon,A8003,Home Decor,Andhra Pradesh,314,2
2023-12-22,Amazon,A8116,Electronics,Odisha,2200,5
2023-12-22,Amazon,A2674,Accessories,Uttar Pradesh,2205,3
2023-12-22,Amazon,A9438,Clothes,West Bengal,1645,5
2023-12-22,Amazon,A1911,Electronics,Maharashtra,868,1
2023-12-22,Amazon,A7401,Accessories,Odisha,1368,4
2023-12-22,Amazon,A3905,Accessories,Uttar Pradesh,3830,5
2023-12-22,Amazon,A7997,Accessories,Uttar Pradesh,190,1
2023-12-22,Amazon,A9917,Home Decor,Kerala,1810,2
2023-12-22,Amazon,A5496,Clothes,Uttar Pradesh,912,3
2023-12-22,Amazon,A1956,Clothes,Chhattisgarh,1323,3
2023-12-22,Amazon,A6860,Accessories,Gujarat,1410,3
2023-12-22,Amazon,A3115,Grocery,Assam,3075,5
2023-12-22,Amazon,A5226,Home Decor,Karnataka,3180,4
2023-12-22,Amazon,A7358,Accessories,Kerala,912,2
2023-12-22,Amazon,A5354,Clothes,Uttarakhand,1150,2
2023-12-22,Amazon,A5199,Home Decor,Haryana,766,2
2023-12-22,Amazon,A8225,Accessories,West Bengal,648,1
2023-12-22,Amazon,A2307,Accessories,Bihar,1116,3
2023-12-22,Amazon,A8983,Grocery,Karnataka,1053,3
2023-12-22,Amazon,A9935,Accessories,Madhya Pradesh,2985,3
2023-12-22,Amazon,A1534,Electronics,Rajasthan,143,1
2023-12-22,Amazon,A4572,Electronics,Gujarat,1384,2
2023-12-22,Amazon,A3203,Home Decor,Haryana,1722,3
2023-12-22,Amazon,A7945,Home Decor,Uttarakhand,641,1
2023-12-22,Amazon,A7735,Grocery,Telangana,1180,2
2023-12-22,Amazon,A2147,Accessories,Karnataka,1184,2
2023-12-22,Amazon,A8957,Clothes,Chhattisgarh,849,3
2023-12-23,Amazon,A4609,Electronics,Andhra Pradesh,1976,2
2023-12-23,Amazon,A2701,Home Decor,Jharkhand,3580,4
2023-12-23,Amazon,A4551,Electronics,Odisha,4875,5
2023-12-23,Amazon,A3789,Home Decor,Gujarat,588,2
2023-12-23,Amazon,A5226,Accessories,Maharashtra,2604,3
2023-12-23,Amazon,A8887,Clothes,Maharashtra,966,1
2023-12-23,Amazon,A4203,Electronics,Rajasthan,672,1
2023-12-23,Amazon,A4084,Grocery,Gujarat,1580,2
2023-12-23,Amazon,A3702,Accessories,Tamil Nadu,766,1
2023-12-23,Amazon,A1385,Home Decor,Madhya Pradesh,1203,3
2023-12-23,Amazon,A5822,Home Decor,Punjab,2847,3
2023-12-23,Amazon,A3389,Electronics,Karnataka,318,3
2023-12-23,Amazon,A8868,Electronics,Assam,1296,3
2023-12-23,Amazon,A2539,Clothes,Delhi,1764,2
2023-12-23,Amazon,A5246,Home Decor,Jharkhand,696,2
2023-12-23,Amazon,A4242,Home Decor,Chhattisgarh,2214,3
2023-12-23,Amazon,A4281,Home Decor,Punjab,2760,4
2023-12-23,Amazon,A2498,Accessories,Odisha,985,5
2023-12-23,Amazon,A7193,Grocery,Karnataka,522,3
2023-12-23,Amazon,A3245,Clothes,Odisha,2430,3
2023-12-23,Amazon,A3783,Home Decor,Punjab,153,1
2023-12-23,Amazon,A5529,Accessories,Punjab,1080,5
2023-12-23,Amazon,A5146,Home Decor,Haryana,864,3
2023-12-23,Amazon,A7802,Clothes,Rajasthan,1977,3
2023-12-23,Amazon,A2980,Clothes,Delhi,577,1
2023-12-24,Amazon,A7305,Accessories,Kerala,1370,2
2023-12-24,Amazon,A5803,Electronics,Chhattisgarh,3665,5
2023-12-24,Amazon,A8064,Grocery,Rajasthan,455,1
2023-12-24,Amazon,A9432,Electronics,West Bengal,740,4
2023-12-24,Amazon,A4190,Accessories,Assam,2532,3
2023-12-24,Amazon,A5634,Home Decor,Tamil Nadu,1928,4
2023-12-24,Amazon,A4549,Clothes,Tamil Nadu,1575,5
2023-12-24,Amazon,A4362,Grocery,Gujarat,247,1
2023-12-24,Amazon,A3826,Home Decor,West Bengal,2499,3
2023-12-24,Amazon,A2848,Grocery,Haryana,313,1
2023-12-24,Amazon,A1242,Grocery,West Bengal,4390,5
2023-12-24,Amazon,A2043,Electronics,Delhi,1164,3
2023-12-24,Amazon,A6294,Home Decor,Uttar Pradesh,680,4
2023-12-24,Amazon,A3765,Accessories,Madhya Pradesh,508,1
2023-12-24,Amazon,A9876,Accessories,Assam,575,1
2023-12-24,Amazon,A4489,Clothes,West Bengal,2520,3
2023-12-24,Amazon,A8800,Clothes,West Bengal,1210,5
2023-12-24,Amazon,A4376,Home Decor,Punjab,1215,5
2023-12-24,Amazon,A9774,Electronics,Andhra Pradesh,1285,5
2023-12-24,Amazon,A6274,Home Decor,Chhattisgarh,4775,5
2023-12-24,Amazon,A6541,Accessories,Karnataka,304,1
2023-12-25,Amazon,A6456,Home Decor,Odisha,1968,3
2023-12-25,Amazon,A7098,Accessories,Chhattisgarh,1068,4
2023-12-25,Amazon,A9288,Clothes,Uttarakhand,1434,3
2023-12-25,Amazon,A9612,Clothes,Uttar Pradesh,1674,3
2023-12-25,Amazon,A8400,Grocery,Madhya Pradesh,1560,4
2023-12-25,Amazon,A9364,Clothes,Karnataka,4330,5
2023-12-25,Amazon,A8928,Clothes,Chhattisgarh,2280,4
2023-12-25,Amazon,A3108,Grocery,Odisha,872,1
2023-12-25,Amazon,A4831,Home Decor,Kerala,1040,5
2023-12-25,Amazon,A5651,Clothes,Odisha,292,1
2023-12-25,Amazon,A1127,Clothes,Telangana,1404,2
2023-12-25,Amazon,A8874,Electronics,Uttar Pradesh,1872,3
2023-12-25,Amazon,A3907,Electronics,Gujarat,906,3
2023-12-25,Amazon,A4412,Accessories,Madhya Pradesh,1972,4
2023-12-25,Amazon,A3513,Home Decor,Andhra Pradesh,911,1
2023-12-25,Amazon,A8400,Home Decor,Odisha,934,2
2023-12-25,Amazon,A1287,Clothes,Uttar Pradesh,514,1
2023-12-25,Amazon,A5495,Clothes,Delhi,661,1
2023-12-25,Amazon,A5197,Grocery,Haryana,1676,2
2023-12-25,Amazon,A6824,Clothes,Telangana,1275,5
2023-12-25,Amazon,A5055,Accessories,Assam,557,1
2023-12-25,Amazon,A3531,Home Decor,Gujarat,610,5
2023-12-25,Amazon,A5308,Home Decor,Maharashtra,2560,5
2023-12-25,Amazon,A5902,Home Decor,Delhi,872,4
2023-12-25,Amazon,A6952,Accessories,Uttarakhand,2520,3
2023-12-25,Amazon,A6049,Accessories,Uttar Pradesh,1930,5
2023-12-25,Amazon,A9219,Clothes,Tamil Nadu,376,2
2023-12-25,Amazon,A6594,Grocery,Madhya Pradesh,1532,2
2023-12-25,Amazon,A9016,Clothes,Odisha,1258,2
2023-12-25,Amazon,A8875,Home Decor,Odisha,334,1
2023-12-25,Amazon,A2109,Accessories,Haryana,813,1
2023-12-25,Amazon,A4065,Home Decor,Haryana,2907,3
2023-12-25,Amazon,A4768,Clothes,Odisha,1911,3
2023-12-26,Amazon,A6835,Grocery,Telangana,2352,4
2023-12-26,Amazon,A2130,Home Decor,Uttar Pradesh,1293,3
2023-12-26,Amazon,A2106,Clothes,Telangana,660,2
2023-12-26,Amazon,A4695,Electronics,West Bengal,1592,4
2023-12-26,Amazon,A7686,Home Decor,Madhya Pradesh,1360,5
2023-12-26,Amazon,A7758,Grocery,Bihar,3548,4
2023-12-26,Amazon,A2029,Accessories,Odisha,1598,2
2023-12-26,Amazon,A3550,Home Decor,Uttarakhand,726,2
2023-12-26,Amazon,A5276,Electronics,Karnataka,663,1
2023-12-26,Amazon,A1325,Grocery,Uttar Pradesh,754,2
2023-12-26,Amazon,A6738,Clothes,Bihar,1572,2
2023-12-26,Amazon,A1178,Grocery,Telangana,1668,4
2023-12-26,Amazon,A5457,Home Decor,Tamil Nadu,922,2
2023-12-26,Amazon,A6957,Electronics,Telangana,260,1
2023-12-26,Amazon,A7996,Grocery,Telangana,263,1
2023-12-26,Amazon,A1679,Clothes,Bihar,720,5
2023-12-26,Amazon,A1798,Accessories,Chhattisgarh,1779,3
2023-12-26,Amazon,A9225,Home Decor,Telangana,1156,4
2023-12-26,Amazon,A6605,Grocery,Tamil Nadu,2430,5
2023-12-26,Amazon,A4987,Electronics,Odisha,716,4
2023-12-26,Amazon,A7314,Home Decor,Tamil Nadu,473,1
2023-12-26,Amazon,A5663,Electronics,Assam,1428,3
2023-12-26,Amazon,A9528,Accessories,Karnataka,2908,4
2023-12-26,Amazon,A4544,Clothes,Kerala,683,1
2023-12-26,Amazon,A6065,Home Decor,Andhra Pradesh,1890,5
2023-12-26,Amazon,A9767,Clothes,Madhya Pradesh,894,3
2023-12-26,Amazon,A6582,Grocery,Telangana,206,1
2023-12-26,Amazon,A5409,Grocery,Andhra Pradesh,822,3
2023-12-27,Amazon,A2794,Grocery,Maharashtra,840,4
2023-12-27,Amazon,A8472,Electronics,Punjab,1312,2
2023-12-27,Amazon,A9209,Accessories,Punjab,2552,4
2023-12-27,Amazon,A7888,Electronics,Uttar Pradesh,2328,3
2023-12-27,Amazon,A6362,Accessories,West Bengal,3844,4
2023-12-27,Amazon,A2753,Electronics,Assam,4115,5
2023-12-27,Amazon,A3238,Grocery,Uttar Pradesh,1795,5
2023-12-27,Amazon,A3917,Accessories,Karnataka,1510,2
2023-12-27,Amazon,A9675,Clothes,Kerala,2380,4
2023-12-27,Amazon,A7566,Home Decor,Jharkhand,478,1
2023-12-27,Amazon,A1235,Electronics,Delhi,2913,3
2023-12-27,Amazon,A2076,Grocery,Delhi,1382,2
2023-12-27,Amazon,A7311,Electronics,Maharashtra,381,3
2023-12-27,Amazon,A4676,Electronics,Delhi,524,2
2023-12-27,Amazon,A5619,Accessories,West Bengal,2288,4
2023-12-27,Amazon,A4221,Clothes,Tamil Nadu,1230,3
2023-12-27,Amazon,A8641,Grocery,Haryana,2932,4
2023-12-27,Amazon,A7558,Grocery,Chhattisgarh,840,1
2023-12-27,Amazon,A8188,Electronics,Delhi,262,1
2023-12-27,Amazon,A2478,Accessories,Bihar,1029,3
2023-12-27,Amazon,A6453,Grocery,Andhra Pradesh,2352,4
2023-12-27,Amazon,A8501,Clothes,Chhattisgarh,1502,2
2023-12-27,Amazon,A4598,Home Decor,Madhya Pradesh,206,1
2023-12-28,Amazon,A8337,Grocery,Rajasthan,1032,2
2023-12-28,Amazon,A7302,Electronics,Rajasthan,234,1
2023-12-28,Amazon,A4728,Home Decor,West Bengal,832,4
2023-12-28,Amazon,A1087,Electronics,Madhya Pradesh,414,1
2023-12-28,Amazon,A6551,Electronics,West Bengal,1812,2
2023-12-28,Amazon,A3954,Home Decor,Odisha,250,1
2023-12-28,Amazon,A4398,Home Decor,Odisha,1762,2
2023-12-28,Amazon,A5595,Clothes,West Bengal,4280,5
2023-12-28,Amazon,A1856,Home Decor,Odisha,1575,5
2023-12-28,Amazon,A7950,Clothes,Jharkhand,2700,3
2023-12-28,Amazon,A8387,Electronics,Gujarat,388,1
2023-12-28,Amazon,A5188,Grocery,Uttar Pradesh,227,1
2023-12-28,Amazon,A9661,Electronics,Andhra Pradesh,1900,5
2023-12-28,Amazon,A3089,Accessories,Uttar Pradesh,2240,4
2023-12-28,Amazon,A8169,Accessories,Gujarat,3408,4
2023-12-28,Amazon,A4664,Clothes,Andhra Pradesh,1368,3
2023-12-28,Amazon,A9684,Grocery,Telangana,3936,4
2023-12-28,Amazon,A9996,Accessories,Chhattisgarh,1076,4
2023-12-28,Amazon,A2745,Grocery,Madhya Pradesh,1252,4
2023-12-28,Amazon,A4349,Clothes,Maharashtra,976,4
2023-12-28,Amazon,A8215,Electronics,Bihar,223,1
2023-12-28,Amazon,A6177,Clothes,Uttar Pradesh,3570,5
2023-12-28,Amazon,A8376,Home Decor,Delhi,1676,4
2023-12-28,Amazon,A2504,Home Decor,Kerala,1896,4
2023-12-28,Amazon,A2956,Accessories,Kerala,1184,2
2023-12-28,Amazon,A4279,Clothes,Assam,3545,5
2023-12-28,Amazon,A4077,Electronics,Haryana,852,4
2023-12-28,Amazon,A2679,Grocery,Maharashtra,306,2
2023-12-28,Amazon,A5524,Clothes,Gujarat,1600,5
2023-12-28,Amazon,A9809,Home Decor,Gujarat,1010,2
2023-12-28,Amazon,A1180,Home Decor,Chhattisgarh,2646,3
2023-12-28,Amazon,A8089,Grocery,Odisha,280,2
2023-12-28,Amazon,A6188,Grocery,Assam,1035,5
2023-12-29,Amazon,A8322,Electronics,Uttar Pradesh,1524,2
2023-12-29,Amazon,A2328,Grocery,Madhya Pradesh,2308,4
2023-12-29,Amazon,A9072,Accessories,Bihar,2106,3
2023-12-29,Amazon,A4013,Accessories,Chhattisgarh,654,3
2023-12-29,Amazon,A7145,Accessories,Andhra Pradesh,2220,5
2023-12-29,Amazon,A1096,Grocery,Madhya Pradesh,1138,2
2023-12-29,Amazon,A5520,Electronics,West Bengal,2536,4
2023-12-29,Amazon,A7337,Clothes,Uttar Pradesh,1488,4
2023-12-29,Amazon,A3785,Home Decor,Uttarakhand,510,5
2023-12-29,Amazon,A7149,Grocery,Madhya Pradesh,1920,5
2023-12-29,Amazon,A4601,Grocery,Haryana,576,4
2023-12-29,Amazon,A1255,Home Decor,West Bengal,310,1
2023-12-29,Amazon,A3504,Electronics,Madhya Pradesh,691,1
2023-12-29,Amazon,A2643,Clothes,Chhattisgarh,4050,5
2023-12-29,Amazon,A9090,Electronics,Haryana,564,1
2023-12-29,Amazon,A4018,Home Decor,Tamil Nadu,1652,2
2023-12-29,Amazon,A3733,Electronics,Andhra Pradesh,495,1
2023-12-29,Amazon,A8073,Accessories,Andhra Pradesh,1365,5
2023-12-29,Amazon,A5429,Electronics,Uttarakhand,4365,5
2023-12-29,Amazon,A8361,Electronics,Gujarat,2415,5
2023-12-29,Amazon,A4042,Grocery,West Bengal,466,1
2023-12-29,Amazon,A8004,Clothes,Gujarat,1500,5
2023-12-29,Amazon,A2047,Home Decor,Uttar Pradesh,690,5
2023-12-29,Amazon,A5463,Electronics,Gujarat,416,2
2023-12-29,Amazon,A5106,Clothes,Punjab,3408,4
2023-12-30,Amazon,A3771,Accessories,Tamil Nadu,874,1
2023-12-30,Amazon,A5447,Grocery,Rajasthan,451,1
2023-12-30,Amazon,A5248,Electronics,Kerala,830,2
2023-12-30,Amazon,A6631,Accessories,Odisha,3152,4
2023-12-30,Amazon,A4980,Home Decor,Maharashtra,2196,3
2023-12-30,Amazon,A2659,Clothes,Jharkhand,1551,3
2023-12-30,Amazon,A8186,Clothes,Uttar Pradesh,887,1
2023-12-30,Amazon,A8136,Grocery,Assam,861,1
2023-12-30,Amazon,A2454,Electronics,Uttar Pradesh,672,2
2023-12-30,Amazon,A9437,Clothes,Haryana,4935,5
2023-12-30,Amazon,A1480,Accessories,Karnataka,2136,3
2023-12-30,Amazon,A8598,Grocery,Kerala,1988,2
2023-12-30,Amazon,A8252,Clothes,Karnataka,1656,2
2023-12-30,Amazon,A4244,Electronics,Karnataka,158,1
2023-12-30,Amazon,A3893,Grocery,Odisha,878,2
2023-12-30,Amazon,A5583,Home Decor,Odisha,879,1
2023-12-30,Amazon,A5536,Accessories,Andhra Pradesh,2499,3
2023-12-30,Amazon,A1305,Home Decor,Assam,2200,4
2023-12-30,Amazon,A5720,Electronics,Kerala,3516,4
2023-12-30,Amazon,A9544,Clothes,Telangana,2116,4
2023-12-30,Amazon,A6299,Home Decor,Andhra Pradesh,2872,4
2023-12-30,Amazon,A3163,Electronics,Uttar Pradesh,1424,4
2023-12-30,Amazon,A5444,Electronics,Madhya Pradesh,443,1
2023-12-30,Amazon,A4733,Accessories,Assam,556,2
2023-12-30,Amazon,A8398,Accessories,Uttarakhand,3648,4
2023-12-30,Amazon,A7703,Grocery,Andhra Pradesh,1884,2
2023-12-30,Amazon,A4524,Accessories,Jharkhand,1018,2
2023-12-30,Amazon,A4579,Home Decor,Telangana,835,1
2023-12-30,Amazon,A7750,Home Decor,Karnataka,1588,4
2023-12-30,Amazon,A1040,Accessories,Karnataka,1242,3
2023-12-31,Amazon,A5920,Clothes,Telangana,3280,5
2023-12-31,Amazon,A6999,Accessories,Rajasthan,1690,5
2023-12-31,Amazon,A2503,Grocery,Rajasthan,739,1
2023-12-31,Amazon,A5526,Home Decor,Chhattisgarh,984,3
2023-12-31,Amazon,A4069,Clothes,Karnataka,2316,4
2023-12-31,Amazon,A2974,Clothes,Madhya Pradesh,313,1
2023-12-31,Amazon,A1069,Clothes,Bihar,252,1
2023-12-31,Amazon,A5400,Clothes,Assam,3725,5
2023-12-31,Amazon,A4718,Grocery,Maharashtra,741,3
2023-12-31,Amazon,A4888,Clothes,Uttar Pradesh,2590,5
2023-12-31,Amazon,A4829,Clothes,Delhi,2109,3
2023-12-31,Amazon,A2298,Home Decor,Haryana,4430,5
2023-12-31,Amazon,A2013,Electronics,Assam,579,3
2023-12-31,Amazon,A3166,Accessories,Uttar Pradesh,2685,5
2023-12-31,Amazon,A5600,Electronics,Rajasthan,2388,3
2023-12-31,Amazon,A6273,Accessories,Karnataka,1917,3
2023-12-31,Amazon,A6598,Electronics,Kerala,3995,5
2023-12-31,Amazon,A2506,Accessories,Karnataka,4115,5
2023-12-31,Amazon,A4582,Clothes,Assam,259,1
2023-12-31,Amazon,A3010,Electronics,Kerala,1712,4
2023-12-31,Amazon,A9036,Clothes,Chhattisgarh,1518,3
2023-12-31,Amazon,A3203,Grocery,Karnataka,209,1
2023-12-31,Amazon,A2673,Accessories,Punjab,1568,2
2023-12-31,Amazon,A5054,Accessories,Maharashtra,149,1
2023-12-31,Amazon,A6289,Clothes,Gujarat,900,3
2023-12-31,Amazon,A9599,Accessories,Assam,1328,2
2023-12-31,Amazon,A5628,Home Decor,Madhya Pradesh,640,2
2023-12-31,Amazon,A7975,Electronics,Punjab,1804,2
2023-12-31,Amazon,A2675,Grocery,Rajasthan,574,1
2023-12-31,Amazon,A9453,Home Decor,Assam,166,1
2023-12-31,Amazon,A6755,Electronics,Bihar,4820,5
2023-12-31,Amazon,A7301,Grocery,Uttarakhand,2670,3
2023-12-31,Amazon,A4806,Clothes,Haryana,1276,2
2023-12-31,Amazon,A2088,Accessories,Delhi,670,1
2024-01-01,Amazon,A8180,Electronics,Bihar,2252,4
2024-01-01,Amazon,A5229,Home Decor,Chhattisgarh,2270,5
2024-01-01,Amazon,A7988,Home Decor,West Bengal,1410,5
2024-01-01,Amazon,A1032,Accessories,Madhya Pradesh,1015,5
2024-01-01,Amazon,A9927,Electronics,Uttar Pradesh,1328,4
2024-01-01,Amazon,A4827,Electronics,Rajasthan,314,1
2024-01-01,Amazon,A8251,Accessories,Telangana,695,1
2024-01-01,Amazon,A4601,Grocery,Karnataka,1608,3
2024-01-01,Amazon,A3352,Clothes,Chhattisgarh,1854,3
2024-01-01,Amazon,A9389,Electronics,West Bengal,1688,2
2024-01-01,Amazon,A4692,Accessories,Tamil Nadu,2845,5
2024-01-01,Amazon,A5403,Clothes,Haryana,1415,5
2024-01-01,Amazon,A9283,Home Decor,West Bengal,3552,4
2024-01-01,Amazon,A1955,Home Decor,Chhattisgarh,4160,5
2024-01-01,Amazon,A4131,Grocery,Uttarakhand,2035,5
2024-01-01,Amazon,A7418,Electronics,Delhi,555,1
2024-01-01,Amazon,A8180,Grocery,Gujarat,990,1
2024-01-01,Amazon,A1905,Clothes,Odisha,1476,2
2024-01-01,Amazon,A7685,Home Decor,Tamil Nadu,1940,5
2024-01-01,Amazon,A1723,Accessories,Uttar Pradesh,543,1
2024-01-01,Amazon,A2007,Grocery,Punjab,3968,4
2024-01-01,Amazon,A8216,Home Decor,Assam,796,2
2024-01-01,Amazon,A5430,Electronics,Delhi,2652,3
2024-01-01,Amazon,A8394,Home Decor,Rajasthan,2253,3
2024-01-02,Amazon,A6881,Electronics,Kerala,2613,3
2024-01-02,Amazon,A5153,Accessories,Uttarakhand,2295,5
2024-01-02,Amazon,A5843,Clothes,Kerala,1092,2
2024-01-02,Amazon,A9990,Electronics,Bihar,936,2
2024-01-02,Amazon,A3543,Electronics,Punjab,4150,5
2024-01-02,Amazon,A6398,Home Decor,Jharkhand,423,1
2024-01-02,Amazon,A2812,Grocery,Haryana,802,1
2024-01-02,Amazon,A3493,Grocery,West Bengal,1640,5
2024-01-02,Amazon,A8493,Accessories,Gujarat,3265,5
2024-01-02,Amazon,A2782,Accessories,Telangana,243,1
2024-01-02,Amazon,A3494,Electronics,Uttar Pradesh,2900,5
2024-01-02,Amazon,A7214,Accessories,Bihar,1347,3
2024-01-02,Amazon,A4709,Grocery,Chhattisgarh,2270,5
2024-01-02,Amazon,A7966,Electronics,Delhi,3844,4
2024-01-02,Amazon,A1076,Grocery,Karnataka,2448,4
2024-01-02,Amazon,A4022,Accessories,Madhya Pradesh,588,2
2024-01-02,Amazon,A5589,Electronics,Karnataka,555,3
2024-01-02,Amazon,A3302,Home Decor,Assam,2088,3
2024-01-02,Amazon,A7720,Grocery,Rajasthan,1300,2
2024-01-02,Amazon,A6476,Accessories,Kerala,1224,3
2024-01-02,Amazon,A7060,Grocery,Bihar,534,2
2024-01-02,Amazon,A4767,Electronics,Madhya Pradesh,1880,2
2024-01-02,Amazon,A9054,Clothes,Chhattisgarh,2403,3
2024-01-03,Amazon,A1239,Electronics,Uttarakhand,1218,3
2024-01-03,Amazon,A7666,Electronics,Karnataka,802,1
2024-01-03,Amazon,A5165,Home Decor,Delhi,957,3
2024-01-03,Amazon,A5026,Electronics,Assam,1330,2
2024-01-03,Amazon,A9867,Electronics,Kerala,3320,4
2024-01-03,Amazon,A3609,Home Decor,Haryana,876,1
2024-01-03,Amazon,A5719,Home Decor,Telangana,981,1
2024-01-03,Amazon,A6540,Home Decor,West Bengal,3848,4
2024-01-03,Amazon,A6260,Grocery,West Bengal,593,1
2024-01-03,Amazon,A3000,Clothes,Delhi,1024,2
2024-01-03,Amazon,A1643,Grocery,Maharashtra,755,5
2024-01-03,Amazon,A5156,Grocery,Kerala,1608,3
2024-01-03,Amazon,A7050,Grocery,Uttarakhand,1713,3
2024-01-03,Amazon,A8398,Accessories,Karnataka,2000,4
2024-01-03,Amazon,A3560,Grocery,Madhya Pradesh,1960,2
2024-01-03,Amazon,A1573,Home Decor,Bihar,216,2
2024-01-03,Amazon,A5364,Grocery,Uttar Pradesh,1030,2
2024-01-03,Amazon,A7972,Grocery,Andhra Pradesh,1998,3
2024-01-03,Amazon,A3724,Home Decor,Bihar,951,3
2024-01-03,Amazon,A7831,Home Decor,Haryana,380,2
2024-01-03,Amazon,A9551,Accessories,Uttarakhand,820,4
2024-01-03,Amazon,A8396,Clothes,Haryana,1948,2
2024-01-03,Amazon,A6139,Accessories,Uttarakhand,4365,5
2024-01-03,Amazon,A6470,Electronics,Jharkhand,900,1
2024-01-03,Amazon,A5731,Home Decor,Uttar Pradesh,691,1
2024-01-03,Amazon,A8912,Accessories,Uttar Pradesh,1726,2
2024-01-03,Amazon,A9958,Electronics,West Bengal,1852,4
2024-01-03,Amazon,A6101,Grocery,Kerala,1730,5
2024-01-03,Amazon,A2966,Clothes,Andhra Pradesh,3628,4
2024-01-03,Amazon,A5591,Clothes,Karnataka,2870,5
2024-01-03,Amazon,A7269,Accessories,Rajasthan,500,5
2024-01-03,Amazon,A9323,Clothes,Chhattisgarh,3140,5
2024-01-03,Amazon,A6730,Electronics,Andhra Pradesh,645,5
2024-01-04,Amazon,A4620,Accessories,Haryana,820,4
2024-01-04,Amazon,A1939,Accessories,Punjab,1050,2
2024-01-04,Amazon,A7938,Accessories,Assam,1410,2
2024-01-04,Amazon,A6117,Home Decor,Kerala,1167,3
2024-01-04,Amazon,A5106,Home Decor,Uttarakhand,1970,2
2024-01-04,Amazon,A6118,Accessories,Bihar,552,3
2024-01-04,Amazon,A7991,Accessories,Haryana,197,1
2024-01-04,Amazon,A6850,Electronics,Madhya Pradesh,3104,4
2024-01-04,Amazon,A2234,Clothes,Odisha,926,1
2024-01-04,Amazon,A2594,Accessories,Gujarat,2920,5
2024-01-04,Amazon,A6019,Home Decor,Andhra Pradesh,4910,5
2024-01-04,Amazon,A7304,Clothes,Gujarat,2020,4
2024-01-04,Amazon,A4467,Electronics,Kerala,820,2
2024-01-04,Amazon,A1305,Accessories,Odisha,596,4
2024-01-04,Amazon,A6723,Clothes,Karnataka,2470,5
2024-01-04,Amazon,A3319,Electronics,Chhattisgarh,3076,4
2024-01-04,Amazon,A3350,Grocery,Delhi,598,1
2024-01-04,Amazon,A9655,Accessories,Andhra Pradesh,858,2
2024-01-04,Amazon,A8273,Grocery,Uttarakhand,1258,2
2024-01-04,Amazon,A9853,Accessories,West Bengal,647,1
2024-01-04,Amazon,A4922,Clothes,Assam,2724,3
2024-01-04,Amazon,A9701,Grocery,Madhya Pradesh,4795,5
2024-01-04,Amazon,A6179,Home Decor,Assam,984,2
2024-01-04,Amazon,A2471,Accessories,Chhattisgarh,1912,4
2024-01-04,Amazon,A5164,Accessories,Gujarat,458,1
2024-01-04,Amazon,A8599,Clothes,Delhi,2820,5
2024-01-04,Amazon,A6814,Clothes,Karnataka,2440,5
2024-01-04,Amazon,A1702,Home Decor,Bihar,2517,3
2024-01-04,Amazon,A1631,Clothes,Haryana,724,4
2024-01-04,Amazon,A3359,Grocery,Andhra Pradesh,3576,4
2024-01-04,Amazon,A7431,Clothes,Jharkhand,885,5
2024-01-04,Amazon,A4776,Electronics,Uttarakhand,346,1
2024-01-04,Amazon,A4155,Accessories,West Bengal,1326,3
2024-01-04,Amazon,A7529,Clothes,Delhi,4125,5
2024-01-04,Amazon,A8598,Home Decor,Haryana,1172,2
2024-01-04,Amazon,A5032,Grocery,Punjab,751,1
2024-01-04,Amazon,A7370,Accessories,Maharashtra,137,1
2024-01-04,Amazon,A4818,Home Decor,Chhattisgarh,290,2
2024-01-04,Amazon,A7465,Home Decor,Madhya Pradesh,1312,4
2024-01-05,Amazon,A8625,Accessories,Andhra Pradesh,574,2
2024-01-05,Amazon,A2102,Grocery,Uttarakhand,1252,2
2024-01-05,Amazon,A3133,Clothes,Uttar Pradesh,819,1
2024-01-05,Amazon,A7817,Clothes,Gujarat,999,1
2024-01-05,Amazon,A9545,Electronics,Tamil Nadu,1353,3
2024-01-05,Amazon,A4898,Home Decor,Uttar Pradesh,680,1
2024-01-05,Amazon,A8624,Home Decor,Uttar Pradesh,965,1
2024-01-05,Amazon,A9919,Accessories,Andhra Pradesh,487,1
2024-01-05,Amazon,A7179,Electronics,Uttarakhand,1080,4
2024-01-05,Amazon,A9399,Grocery,Uttar Pradesh,887,1
2024-01-05,Amazon,A7626,Accessories,West Bengal,1728,3
2024-01-05,Amazon,A6741,Electronics,Karnataka,2912,4
2024-01-05,Amazon,A6528,Electronics,Bihar,554,2
2024-01-05,Amazon,A6255,Electronics,West Bengal,448,2
2024-01-05,Amazon,A7534,Home Decor,Assam,1438,2
2024-01-05,Amazon,A6782,Grocery,Karnataka,2780,5
2024-01-05,Amazon,A1532,Clothes,Odisha,696,3
2024-01-05,Amazon,A4671,Accessories,Jharkhand,1706,2
2024-01-05,Amazon,A8185,Grocery,Tamil Nadu,747,3
2024-01-05,Amazon,A7654,Grocery,West Bengal,1310,5
2024-01-05,Amazon,A8640,Clothes,Assam,2608,4
2024-01-05,Amazon,A1167,Grocery,Haryana,1370,5
2024-01-05,Amazon,A4875,Electronics,Punjab,924,3
2024-01-06,Amazon,A5595,Grocery,Madhya Pradesh,535,1
2024-01-06,Amazon,A5373,Clothes,Haryana,844,4
2024-01-06,Amazon,A1378,Grocery,Tamil Nadu,2000,4
2024-01-06,Amazon,A8375,Electronics,Maharashtra,501,3
2024-01-06,Amazon,A7472,Grocery,West Bengal,1623,3
2024-01-06,Amazon,A5723,Electronics,Rajasthan,747,3
2024-01-06,Amazon,A8127,Clothes,Chhattisgarh,2956,4
2024-01-06,Amazon,A6018,Accessories,Delhi,2224,4
2024-01-06,Amazon,A4580,Home Decor,Andhra Pradesh,3555,5
2024-01-06,Amazon,A4439,Electronics,Uttar Pradesh,2946,3
2024-01-06,Amazon,A1931,Clothes,Gujarat,1107,3
2024-01-06,Amazon,A8339,Grocery,Kerala,995,5
2024-01-06,Amazon,A3599,Accessories,Punjab,1758,2
2024-01-06,Amazon,A8338,Electronics,Rajasthan,2823,3
2024-01-06,Amazon,A6073,Home Decor,Bihar,3755,5
2024-01-06,Amazon,A5438,Accessories,Madhya Pradesh,670,2
2024-01-06,Amazon,A9509,Accessories,Punjab,123,1
2024-01-06,Amazon,A8865,Accessories,Odisha,429,1
2024-01-06,Amazon,A4666,Grocery,Uttar Pradesh,1722,3
2024-01-06,Amazon,A4060,Home Decor,Andhra Pradesh,552,1
2024-01-06,Amazon,A8637,Grocery,Kerala,764,4
2024-01-06,Amazon,A1135,Accessories,Punjab,1974,2
2024-01-06,Amazon,A5009,Clothes,Andhra Pradesh,4820,5
2024-01-06,Amazon,A9811,Electronics,West Bengal,2456,4
2024-01-06,Amazon,A4982,Clothes,Rajasthan,366,1
2024-01-06,Amazon,A8237,Clothes,Assam,767,1
2024-01-07,Amazon,A8955,Electronics,Gujarat,937,1
2024-01-07,Amazon,A4271,Home Decor,Andhra Pradesh,542,2
2024-01-07,Amazon,A4672,Electronics,Gujarat,3355,5
2024-01-07,Amazon,A1033,Home Decor,Andhra Pradesh,1445,5
2024-01-07,Amazon,A2206,Electronics,Gujarat,1552,2
2024-01-07,Amazon,A4593,Home Decor,Assam,1280,2
2024-01-07,Amazon,A7255,Clothes,Haryana,508,4
2024-01-07,Amazon,A7632,Accessories,West Bengal,940,5
2024-01-07,Amazon,A2896,Grocery,Andhra Pradesh,3840,5
2024-01-07,Amazon,A3567,Grocery,Andhra Pradesh,579,3
2024-01-07,Amazon,A8793,Home Decor,Madhya Pradesh,1114,2
2024-01-07,Amazon,A1540,Accessories,Punjab,1590,3
2024-01-07,Amazon,A2683,Clothes,Jharkhand,286,1
2024-01-07,Amazon,A7479,Accessories,Maharashtra,2240,5
2024-01-07,Amazon,A7326,Grocery,Telangana,1026,3
2024-01-07,Amazon,A5676,Electronics,Uttar Pradesh,2645,5
2024-01-07,Amazon,A5438,Clothes,Maharashtra,3490,5
2024-01-07,Amazon,A3955,Clothes,Madhya Pradesh,2073,3
2024-01-07,Amazon,A9929,Electronics,Gujarat,650,1
2024-01-07,Amazon,A3814,Grocery,Tamil Nadu,550,2
2024-01-07,Amazon,A7515,Electronics,Delhi,2628,3
2024-01-07,Amazon,A7920,Accessories,Jharkhand,1292,2
2024-01-07,Amazon,A7569,Accessories,Uttarakhand,343,1
2024-01-07,Amazon,A5011,Home Decor,Maharashtra,508,1
2024-01-07,Amazon,A6676,Electronics,Assam,1502,2
2024-01-07,Amazon,A3446,Clothes,Madhya Pradesh,664,1
2024-01-07,Amazon,A6656,Electronics,Haryana,380,2
2024-01-07,Amazon,A8077,Home Decor,Haryana,461,1
2024-01-07,Amazon,A1135,Home Decor,Maharashtra,680,5
2024-01-07,Amazon,A4224,Grocery,Tamil Nadu,704,4
2024-01-07,Amazon,A4065,Clothes,Bihar,1014,3
2024-01-07,Amazon,A8401,Electronics,Gujarat,2205,5
2024-01-07,Amazon,A3153,Home Decor,Uttar Pradesh,667,1
2024-01-07,Amazon,A1913,Grocery,West Bengal,595,5
2024-01-07,Amazon,A6143,Electronics,Chhattisgarh,1677,3
2024-01-07,Amazon,A2018,Clothes,Tamil Nadu,2112,4
2024-01-07,Amazon,A2499,Accessories,Tamil Nadu,306,3
2024-01-08,Amazon,A4507,Accessories,Rajasthan,3972,4
2024-01-08,Amazon,A7537,Clothes,West Bengal,266,2
2024-01-08,Amazon,A5533,Accessories,West Bengal,2516,4
2024-01-08,Amazon,A3781,Grocery,Maharashtra,848,4
2024-01-08,Amazon,A9042,Grocery,Uttar Pradesh,544,2
2024-01-08,Amazon,A4853,Grocery,Odisha,718,1
2024-01-08,Amazon,A8593,Grocery,Tamil Nadu,3195,5
2024-01-08,Amazon,A2986,Accessories,Andhra Pradesh,2139,3
2024-01-08,Amazon,A3266,Home Decor,Punjab,655,5
2024-01-08,Amazon,A6559,Clothes,Telangana,771,3
2024-01-08,Amazon,A3859,Clothes,Odisha,806,2
2024-01-08,Amazon,A5195,Home Decor,Maharashtra,886,1
2024-01-08,Amazon,A5135,Grocery,Tamil Nadu,1956,2
2024-01-08,Amazon,A6227,Clothes,Assam,868,1
2024-01-08,Amazon,A6942,Accessories,Madhya Pradesh,868,2
2024-01-08,Amazon,A8282,Accessories,Punjab,3420,5
2024-01-08,Amazon,A7105,Clothes,Chhattisgarh,664,2
2024-01-08,Amazon,A7630,Grocery,Jharkhand,2116,4
2024-01-08,Amazon,A5511,Grocery,Maharashtra,1048,2
2024-01-08,Amazon,A9215,Electronics,Uttar Pradesh,2445,3
2024-01-08,Amazon,A4925,Accessories,Madhya Pradesh,312,2
2024-01-08,Amazon,A9994,Clothes,Karnataka,3188,4
2024-01-08,Amazon,A9434,Home Decor,Maharashtra,1920,4
2024-01-08,Amazon,A7008,Home Decor,Punjab,1788,4
2024-01-08,Amazon,A6945,Electronics,Delhi,323,1
2024-01-08,Amazon,A5660,Clothes,Bihar,960,4
2024-01-08,Amazon,A3508,Grocery,Karnataka,4000,4
2024-01-08,Amazon,A1568,Grocery,Odisha,314,2
2024-01-08,Amazon,A8002,Electronics,Kerala,1620,2
2024-01-08,Amazon,A7094,Grocery,Uttar Pradesh,2448,3
2024-01-09,Amazon,A9877,Accessories,Haryana,2667,3
2024-01-09,Amazon,A9409,Clothes,Haryana,2756,4
2024-01-09,Amazon,A7177,Electronics,Haryana,1662,2
2024-01-09,Amazon,A2106,Clothes,Maharashtra,672,1
2024-01-09,Amazon,A3259,Clothes,Karnataka,932,2
2024-01-09,Amazon,A8104,Clothes,West Bengal,736,1
2024-01-09,Amazon,A4322,Clothes,Kerala,2856,4
2024-01-09,Amazon,A8761,Grocery,Tamil Nadu,1762,2
2024-01-09,Amazon,A4054,Home Decor,West Bengal,424,2
2024-01-09,Amazon,A6137,Grocery,West Bengal,3792,4
2024-01-09,Amazon,A9958,Clothes,Delhi,2379,3
2024-01-09,Amazon,A1905,Electronics,Kerala,2116,4
2024-01-09,Amazon,A3046,Grocery,Andhra Pradesh,2520,5
2024-01-09,Amazon,A5320,Grocery,Bihar,3896,4
2024-01-09,Amazon,A3668,Accessories,Uttarakhand,1712,4
2024-01-09,Amazon,A7866,Clothes,Jharkhand,1176,3
2024-01-09,Amazon,A2411,Electronics,Uttarakhand,626,2
2024-01-09,Amazon,A3313,Home Decor,Assam,3948,4
2024-01-09,Amazon,A8693,Grocery,Andhra Pradesh,988,2
2024-01-09,Amazon,A8089,Home Decor,Tamil Nadu,1398,2
2024-01-09,Amazon,A5630,Accessories,Haryana,688,4
2024-01-09,Amazon,A7887,Accessories,Maharashtra,1338,2
2024-01-09,Amazon,A4301,Clothes,Assam,476,2
2024-01-09,Amazon,A5353,Electronics,Maharashtra,2045,5
2024-01-09,Amazon,A3225,Grocery,West Bengal,1490,5
2024-01-09,Amazon,A5740,Electronics,Uttarakhand,583,1
2024-01-09,Amazon,A9564,Home Decor,Bihar,1200,3
2024-01-09,Amazon,A4115,Home Decor,Jharkhand,1395,5
2024-01-09,Amazon,A9927,Accessories,Delhi,922,1
2024-01-09,Amazon,A5434,Grocery,Delhi,908,4
2024-01-09,Amazon,A7360,Clothes,Rajasthan,512,4
2024-01-09,Amazon,A1343,Grocery,Telangana,2325,3
2024-01-09,Amazon,A4743,Accessories,Kerala,945,5
2024-01-09,Amazon,A2538,Electronics,West Bengal,1710,3
2024-01-09,Amazon,A6769,Accessories,Tamil Nadu,2595,3
2024-01-10,Amazon,A2824,Electronics,Tamil Nadu,1761,3
2024-01-10,Amazon,A4526,Accessories,Chhattisgarh,1498,2
2024-01-10,Amazon,A8337,Home Decor,Karnataka,468,3
2024-01-10,Amazon,A3564,Home Decor,Chhattisgarh,3084,4
2024-01-10,Amazon,A4333,Grocery,Haryana,1124,4
2024-01-10,Amazon,A9134,Clothes,Kerala,2676,3
2024-01-10,Amazon,A4107,Clothes,Karnataka,1719,3
2024-01-10,Amazon,A8506,Accessories,Maharashtra,484,4
2024-01-10,Amazon,A9166,Home Decor,Kerala,1476,3
2024-01-10,Amazon,A5168,Accessories,Odisha,955,5
2024-01-10,Amazon,A3311,Electronics,Chhattisgarh,396,2
2024-01-10,Amazon,A2524,Clothes,Assam,2802,3
2024-01-10,Amazon,A5499,Electronics,Delhi,3272,4
2024-01-10,Amazon,A9759,Grocery,Bihar,904,4
2024-01-10,Amazon,A8605,Electronics,Tamil Nadu,208,2
2024-01-10,Amazon,A2104,Accessories,Kerala,673,1
2024-01-10,Amazon,A6757,Grocery,Chhattisgarh,4635,5
2024-01-10,Amazon,A6037,Grocery,Uttar Pradesh,2646,3
2024-01-10,Amazon,A2873,Clothes,Chhattisgarh,1380,3
2024-01-10,Amazon,A3726,Home Decor,Uttarakhand,748,1
2024-01-10,Amazon,A5513,Home Decor,Bihar,680,4
2024-01-10,Amazon,A7286,Home Decor,Madhya Pradesh,1512,4
2024-01-11,Amazon,A8976,Home Decor,Rajasthan,2379,3
2024-01-11,Amazon,A6935,Accessories,Madhya Pradesh,2868,4
2024-01-11,Amazon,A2095,Electronics,Assam,1665,5
2024-01-11,Amazon,A3549,Grocery,Rajasthan,1024,4
2024-01-11,Amazon,A2923,Grocery,Odisha,951,3
2024-01-11,Amazon,A4388,Accessories,Tamil Nadu,3415,5
2024-01-11,Amazon,A6983,Clothes,Uttar Pradesh,2770,5
2024-01-11,Amazon,A6693,Electronics,Telangana,2307,3
2024-01-11,Amazon,A9585,Grocery,West Bengal,842,1
2024-01-11,Amazon,A7913,Electronics,Jharkhand,1586,2
2024-01-11,Amazon,A2533,Grocery,Assam,2325,3
2024-01-11,Amazon,A2005,Electronics,Maharashtra,2064,3
2024-01-11,Amazon,A6802,Accessories,Kerala,346,1
2024-01-11,Amazon,A9588,Clothes,Rajasthan,135,1
2024-01-11,Amazon,A7892,Accessories,Rajasthan,2760,3
2024-01-11,Amazon,A9972,Clothes,Andhra Pradesh,881,1
2024-01-11,Amazon,A8159,Home Decor,West Bengal,3035,5
2024-01-11,Amazon,A2788,Clothes,Madhya Pradesh,1188,2
2024-01-11,Amazon,A9207,Clothes,Uttarakhand,2943,3
2024-01-11,Amazon,A1426,Clothes,Andhra Pradesh,1452,3
2024-01-11,Amazon,A1830,Electronics,Uttar Pradesh,2384,4
2024-01-11,Amazon,A6260,Electronics,Andhra Pradesh,1682,2
2024-01-11,Amazon,A3180,Clothes,Chhattisgarh,820,2
2024-01-11,Amazon,A5147,Grocery,Andhra Pradesh,3476,4
2024-01-11,Amazon,A7364,Grocery,Kerala,145,1
2024-01-11,Amazon,A4683,Grocery,Haryana,1065,5
2024-01-11,Amazon,A7731,Home Decor,Uttar Pradesh,3210,5
2024-01-11,Amazon,A3393,Home Decor,Bihar,1980,5
2024-01-11,Amazon,A8290,Clothes,Assam,2616,3
2024-01-11,Amazon,A2965,Clothes,Gujarat,333,3
2024-01-11,Amazon,A4529,Accessories,Telangana,1500,4
2024-01-11,Amazon,A1539,Home Decor,Telangana,149,1
2024-01-12,Amazon,A5497,Accessories,Gujarat,356,1
2024-01-12,Amazon,A9825,Grocery,West Bengal,328,1
2024-01-12,Amazon,A4507,Grocery,Uttarakhand,1064,2
2024-01-12,Amazon,A5642,Clothes,Gujarat,2991,3
2024-01-12,Amazon,A5381,Accessories,Rajasthan,2005,5
2024-01-12,Amazon,A2112,Accessories,Assam,2240,4
2024-01-12,Amazon,A7392,Home Decor,Telangana,324,2
2024-01-12,Amazon,A2094,Electronics,Madhya Pradesh,942,3
2024-01-12,Amazon,A6661,Electronics,Madhya Pradesh,4540,5
2024-01-12,Amazon,A3613,Home Decor,Chhattisgarh,575,1
2024-01-12,Amazon,A9380,Home Decor,Gujarat,1330,5
2024-01-12,Amazon,A5983,Accessories,Chhattisgarh,149,1
2024-01-12,Amazon,A2879,Home Decor,Bihar,1290,3
2024-01-12,Amazon,A5071,Home Decor,Bihar,1917,3
2024-01-12,Amazon,A5044,Electronics,Telangana,1102,2
2024-01-12,Amazon,A6327,Clothes,Odisha,1540,2
2024-01-12,Amazon,A5832,Grocery,Assam,3825,5
2024-01-12,Amazon,A1974,Clothes,Gujarat,712,1
2024-01-12,Amazon,A1598,Grocery,Chhattisgarh,948,1
2024-01-12,Amazon,A5425,Grocery,Odisha,212,1
2024-01-12,Amazon,A5183,Home Decor,Madhya Pradesh,555,5
2024-01-12,Amazon,A9600,Home Decor,West Bengal,2580,3
2024-01-12,Amazon,A7226,Clothes,Kerala,3436,4
2024-01-12,Amazon,A2663,Clothes,Telangana,1076,4
2024-01-12,Amazon,A4582,Home Decor,Chhattisgarh,974,2
2024-01-12,Amazon,A5664,Electronics,Bihar,2924,4
2024-01-12,Amazon,A2097,Home Decor,Uttar Pradesh,3876,4
2024-01-12,Amazon,A8968,Clothes,Karnataka,1632,3
2024-01-12,Amazon,A8603,Home Decor,Maharashtra,247,1
2024-01-12,Amazon,A8229,Electronics,Assam,568,1
2024-01-12,Amazon,A3125,Clothes,Uttarakhand,1568,4
2024-01-13,Amazon,A7025,Home Decor,Gujarat,2555,5
2024-01-13,Amazon,A8812,Electronics,Odisha,795,1
2024-01-13,Amazon,A2030,Accessories,Rajasthan,473,1
2024-01-13,Amazon,A1341,Home Decor,Gujarat,1749,3
2024-01-13,Amazon,A5489,Home Decor,West Bengal,3320,4
2024-01-13,Amazon,A8908,Home Decor,Assam,385,1
2024-01-13,Amazon,A5322,Accessories,Uttar Pradesh,2625,5
2024-01-13,Amazon,A7743,Grocery,Telangana,1240,2
2024-01-13,Amazon,A8978,Clothes,Andhra Pradesh,824,2
2024-01-13,Amazon,A7074,Accessories,Rajasthan,1904,2
2024-01-13,Amazon,A1105,Accessories,Kerala,4360,5
2024-01-13,Amazon,A3290,Home Decor,Rajasthan,3348,4
2024-01-13,Amazon,A2627,Clothes,Uttar Pradesh,3985,5
2024-01-13,Amazon,A2831,Home Decor,Kerala,663,3
2024-01-13,Amazon,A4068,Electronics,Kerala,1444,4
2024-01-13,Amazon,A8638,Clothes,Tamil Nadu,2270,5
2024-01-13,Amazon,A2572,Clothes,Assam,1080,5
2024-01-13,Amazon,A1603,Clothes,Maharashtra,1122,3
2024-01-13,Amazon,A2135,Electronics,Chhattisgarh,2420,5
2024-01-13,Amazon,A1336,Grocery,Tamil Nadu,4715,5
2024-01-13,Amazon,A2639,Home Decor,Madhya Pradesh,459,1
2024-01-13,Amazon,A4292,Grocery,Tamil Nadu,2440,5
2024-01-13,Amazon,A4089,Home Decor,West Bengal,1764,4
2024-01-13,Amazon,A6557,Accessories,Jharkhand,1688,2
2024-01-13,Amazon,A2100,Home Decor,Maharashtra,1340,4
2024-01-13,Amazon,A2036,Electronics,Assam,3092,4
2024-01-13,Amazon,A5845,Accessories,Punjab,1255,5
2024-01-13,Amazon,A1083,Accessories,Bihar,1995,3
2024-01-13,Amazon,A7642,Grocery,Rajasthan,2925,5
2024-01-13,Amazon,A7874,Home Decor,Karnataka,2384,4
2024-01-14,Amazon,A6661,Electronics,Karnataka,1280,4
2024-01-14,Amazon,A8235,Clothes,Gujarat,626,2
2024-01-14,Amazon,A2465,Home Decor,West Bengal,386,1
2024-01-14,Amazon,A4816,Home Decor,West Bengal,1900,2
2024-01-14,Amazon,A8425,Electronics,Punjab,2856,3
2024-01-14,Amazon,A9329,Electronics,Delhi,709,1
2024-01-14,Amazon,A8459,Clothes,Haryana,2715,3
2024-01-14,Amazon,A9146,Grocery,Chhattisgarh,594,2
2024-01-14,Amazon,A3498,Grocery,Uttarakhand,642,3
2024-01-14,Amazon,A8320,Electronics,Kerala,300,1
2024-01-14,Amazon,A1459,Clothes,Karnataka,3350,5
2024-01-14,Amazon,A1355,Grocery,Karnataka,4185,5
2024-01-14,Amazon,A8299,Clothes,Tamil Nadu,236,1
2024-01-14,Amazon,A6084,Clothes,Maharashtra,597,1
2024-01-14,Amazon,A7956,Accessories,Karnataka,4095,5
2024-01-14,Amazon,A5183,Electronics,Rajasthan,4000,5
2024-01-14,Amazon,A1961,Electronics,Karnataka,2502,3
2024-01-14,Amazon,A3380,Electronics,Delhi,730,2
2024-01-14,Amazon,A4240,Clothes,West Bengal,1770,5
2024-01-14,Amazon,A7561,Home Decor,Andhra Pradesh,1434,2
2024-01-15,Amazon,A3637,Accessories,Delhi,748,1
2024-01-15,Amazon,A7093,Clothes,Gujarat,783,3
2024-01-15,Amazon,A7487,Accessories,Gujarat,988,4
2024-01-15,Amazon,A9799,Home Decor,West Bengal,215,1
2024-01-15,Amazon,A2013,Accessories,Rajasthan,3100,4
2024-01-15,Amazon,A4670,Electronics,Tamil Nadu,4535,5
2024-01-15,Amazon,A8485,Grocery,Rajasthan,1455,5
2024-01-15,Amazon,A6631,Electronics,West Bengal,2343,3
2024-01-15,Amazon,A4577,Electronics,Andhra Pradesh,500,1
2024-01-15,Amazon,A8639,Electronics,Andhra Pradesh,3440,4
2024-01-15,Amazon,A8900,Accessories,Haryana,474,1
2024-01-15,Amazon,A8245,Home Decor,Uttar Pradesh,1180,5
2024-01-15,Amazon,A8216,Accessories,Chhattisgarh,1375,5
2024-01-15,Amazon,A2549,Accessories,Jharkhand,3840,4
2024-01-15,Amazon,A5600,Electronics,Telangana,2268,4
2024-01-15,Amazon,A3849,Clothes,Telangana,1310,5
2024-01-15,Amazon,A4912,Grocery,Haryana,1928,2
2024-01-15,Amazon,A7769,Accessories,Uttar Pradesh,685,5
2024-01-15,Amazon,A8207,Accessories,Uttarakhand,207,1
2024-01-15,Amazon,A6268,Electronics,Madhya Pradesh,2465,5
2024-01-15,Amazon,A4778,Grocery,Odisha,351,1
2024-01-15,Amazon,A4533,Clothes,Jharkhand,800,4
2024-01-15,Amazon,A5803,Home Decor,Punjab,1920,4
2024-01-15,Amazon,A1612,Home Decor,Assam,3000,3
2024-01-15,Amazon,A6821,Grocery,West Bengal,1905,5
2024-01-15,Amazon,A5072,Electronics,West Bengal,1620,4
2024-01-15,Amazon,A9042,Accessories,Punjab,2220,4
2024-01-15,Amazon,A8262,Home Decor,West Bengal,1863,3
2024-01-15,Amazon,A9772,Electronics,Assam,830,1
2024-01-15,Amazon,A2449,Home Decor,West Bengal,4415,5
2024-01-15,Amazon,A8337,Electronics,Kerala,1398,2
2024-01-15,Amazon,A5981,Grocery,Assam,1110,5
2024-01-15,Amazon,A3690,Accessories,Uttar Pradesh,1632,2
2024-01-15,Amazon,A6261,Electronics,Chhattisgarh,2910,3
2024-01-15,Amazon,A4232,Clothes,Jharkhand,2697,3
2024-01-15,Amazon,A3815,Accessories,Delhi,3128,4
2024-01-15,Amazon,A9151,Clothes,Jharkhand,438,3
2024-01-15,Amazon,A2509,Accessories,Tamil Nadu,1145,5
2024-01-15,Amazon,A5270,Electronics,Uttar Pradesh,255,1
2024-01-15,Amazon,A6867,Clothes,Haryana,4080,5
2024-01-16,Amazon,A4020,Home Decor,Telangana,3928,4
2024-01-16,Amazon,A2346,Home Decor,Chhattisgarh,564,3
2024-01-16,Amazon,A9828,Accessories,Maharashtra,2595,3
2024-01-16,Amazon,A1472,Clothes,Tamil Nadu,910,1
2024-01-16,Amazon,A3292,Clothes,Uttarakhand,3870,5
2024-01-16,Amazon,A3513,Accessories,Punjab,3345,5
2024-01-16,Amazon,A8473,Clothes,Telangana,3624,4
2024-01-16,Amazon,A4519,Home Decor,Bihar,1440,2
2024-01-16,Amazon,A5328,Grocery,Chhattisgarh,2348,4
2024-01-16,Amazon,A3983,Home Decor,Madhya Pradesh,347,1
2024-01-16,Amazon,A4636,Clothes,Madhya Pradesh,1809,3
2024-01-16,Amazon,A3451,Grocery,West Bengal,2904,3
2024-01-16,Amazon,A5680,Home Decor,West Bengal,1190,5
2024-01-16,Amazon,A7368,Grocery,Chhattisgarh,1760,4
2024-01-16,Amazon,A8858,Accessories,Tamil Nadu,450,2
2024-01-16,Amazon,A9712,Grocery,Chhattisgarh,1260,3
2024-01-16,Amazon,A1430,Grocery,Maharashtra,1056,2
2024-01-16,Amazon,A5759,Home Decor,Punjab,664,2
2024-01-16,Amazon,A5084,Electronics,Delhi,1035,5
2024-01-16,Amazon,A6257,Grocery,Haryana,590,5
2024-01-16,Amazon,A1903,Accessories,Tamil Nadu,846,1
2024-01-16,Amazon,A3308,Home Decor,Rajasthan,2241,3
2024-01-16,Amazon,A7202,Home Decor,Chhattisgarh,1356,2
2024-01-16,Amazon,A5623,Clothes,Madhya Pradesh,1558,2
2024-01-16,Amazon,A8904,Electronics,Jharkhand,1728,4
2024-01-16,Amazon,A2714,Home Decor,Bihar,1450,2
2024-01-16,Amazon,A9832,Clothes,Maharashtra,1836,3
2024-01-16,Amazon,A6579,Accessories,Andhra Pradesh,278,1
2024-01-16,Amazon,A2516,Grocery,Kerala,2151,3
2024-01-16,Amazon,A7262,Grocery,Telangana,1887,3
2024-01-16,Amazon,A7759,Home Decor,Odisha,4595,5
2024-01-16,Amazon,A2406,Electronics,West Bengal,749,1
2024-01-16,Amazon,A5713,Home Decor,West Bengal,1056,3
2024-01-16,Amazon,A9238,Grocery,Assam,3336,4
2024-01-16,Amazon,A3087,Clothes,Assam,540,5
2024-01-16,Amazon,A5525,Accessories,Punjab,278,2
2024-01-16,Amazon,A6212,Accessories,Rajasthan,2289,3
2024-01-16,Amazon,A9484,Accessories,Maharashtra,1662,2
2024-01-17,Amazon,A6019,Clothes,Madhya Pradesh,2228,4
2024-01-17,Amazon,A5158,Electronics,Uttar Pradesh,4980,5
2024-01-17,Amazon,A6418,Accessories,Bihar,4080,5
2024-01-17,Amazon,A4087,Clothes,Assam,2076,4
2024-01-17,Amazon,A2007,Grocery,Chhattisgarh,1082,2
2024-01-17,Amazon,A4739,Electronics,West Bengal,2080,4
2024-01-17,Amazon,A5779,Accessories,Bihar,1095,5
2024-01-17,Amazon,A5428,Grocery,Madhya Pradesh,1198,2
2024-01-17,Amazon,A3332,Home Decor,Chhattisgarh,1950,2
2024-01-17,Amazon,A8977,Home Decor,Maharashtra,1412,4
2024-01-17,Amazon,A7240,Accessories,Delhi,1059,3
2024-01-17,Amazon,A9970,Electronics,Haryana,3470,5
2024-01-17,Amazon,A6668,Home Decor,Uttarakhand,2360,5
2024-01-17,Amazon,A4054,Home Decor,Punjab,1728,4
2024-01-17,Amazon,A4044,Grocery,Gujarat,2572,4
2024-01-17,Amazon,A6219,Grocery,Jharkhand,1540,2
2024-01-17,Amazon,A9129,Grocery,Haryana,738,2
2024-01-17,Amazon,A3121,Accessories,West Bengal,2096,4
2024-01-17,Amazon,A6582,Electronics,Assam,762,3
2024-01-17,Amazon,A6448,Electronics,Punjab,3620,5
2024-01-17,Amazon,A8880,Accessories,Odisha,720,5
2024-01-17,Amazon,A8867,Accessories,Maharashtra,597,1
2024-01-17,Amazon,A7795,Home Decor,Haryana,1084,2
2024-01-17,Amazon,A9237,Clothes,Chhattisgarh,1552,4
2024-01-17,Amazon,A9847,Grocery,Madhya Pradesh,2451,3
2024-01-17,Amazon,A9507,Home Decor,Karnataka,336,1
2024-01-17,Amazon,A7699,Home Decor,Assam,538,2
2024-01-17,Amazon,A3238,Home Decor,West Bengal,906,1
2024-01-17,Amazon,A3808,Home Decor,Assam,535,1
2024-01-17,Amazon,A8219,Electronics,Gujarat,288,2
2024-01-17,Amazon,A7452,Grocery,Kerala,1578,2
2024-01-17,Amazon,A2106,Clothes,Assam,1425,5
2024-01-17,Amazon,A3922,Accessories,West Bengal,741,3
2024-01-17,Amazon,A1513,Electronics,Madhya Pradesh,772,2
2024-01-17,Amazon,A9085,Accessories,Andhra Pradesh,1515,3
2024-01-17,Amazon,A7527,Accessories,Kerala,381,3
2024-01-17,Amazon,A2640,Grocery,Uttar Pradesh,544,4
2024-01-17,Amazon,A1888,Grocery,Jharkhand,360,2
2024-01-18,Amazon,A5749,Electronics,Telangana,1665,3
2024-01-18,Amazon,A1396,Grocery,Rajasthan,1485,5
2024-01-18,Amazon,A3170,Home Decor,Haryana,3160,5
2024-01-18,Amazon,A1411,Accessories,Delhi,912,1
2024-01-18,Amazon,A3507,Home Decor,Madhya Pradesh,1536,2
2024-01-18,Amazon,A7256,Accessories,Chhattisgarh,954,1
2024-01-18,Amazon,A6976,Home Decor,Telangana,1456,2
2024-01-18,Amazon,A3763,Clothes,Gujarat,3204,4
2024-01-18,Amazon,A3245,Grocery,Andhra Pradesh,1690,5
2024-01-18,Amazon,A2280,Accessories,Tamil Nadu,2440,4
2024-01-18,Amazon,A7218,Grocery,West Bengal,157,1
2024-01-18,Amazon,A8479,Clothes,Maharashtra,2655,5
2024-01-18,Amazon,A8926,Home Decor,Tamil Nadu,4895,5
2024-01-18,Amazon,A1646,Clothes,Telangana,408,4
2024-01-18,Amazon,A8396,Grocery,Bihar,3496,4
2024-01-18,Amazon,A3806,Grocery,Kerala,690,2
2024-01-18,Amazon,A9405,Clothes,Chhattisgarh,950,2
2024-01-18,Amazon,A4173,Home Decor,Assam,2888,4
2024-01-18,Amazon,A9202,Accessories,Rajasthan,2860,4
2024-01-18,Amazon,A8592,Clothes,Rajasthan,751,1
2024-01-18,Amazon,A8738,Electronics,Uttarakhand,967,1
2024-01-18,Amazon,A7302,Grocery,Jharkhand,1773,3
2024-01-19,Amazon,A1114,Home Decor,Bihar,4475,5
2024-01-19,Amazon,A7773,Accessories,Jharkhand,3675,5
2024-01-19,Amazon,A5411,Electronics,Uttarakhand,810,1
2024-01-19,Amazon,A7629,Grocery,Bihar,721,1
2024-01-19,Amazon,A4434,Clothes,Telangana,3520,5
2024-01-19,Amazon,A3439,Grocery,Chhattisgarh,1914,2
2024-01-19,Amazon,A6451,Home Decor,Tamil Nadu,723,1
2024-01-19,Amazon,A3235,Clothes,Bihar,4600,5
2024-01-19,Amazon,A5346,Grocery,Assam,512,4
2024-01-19,Amazon,A5342,Electronics,Andhra Pradesh,1650,3
2024-01-19,Amazon,A9221,Electronics,Odisha,1560,2
2024-01-19,Amazon,A8001,Home Decor,West Bengal,789,3
2024-01-19,Amazon,A9078,Electronics,Gujarat,1557,3
2024-01-19,Amazon,A3460,Home Decor,Madhya Pradesh,1355,5
2024-01-19,Amazon,A6682,Electronics,Telangana,1032,4
2024-01-19,Amazon,A2924,Grocery,Andhra Pradesh,3968,4
2024-01-19,Amazon,A6321,Home Decor,Chhattisgarh,2520,5
2024-01-19,Amazon,A4430,Accessories,Delhi,857,1
2024-01-19,Amazon,A1745,Grocery,Jharkhand,942,2
2024-01-19,Amazon,A9039,Accessories,Bihar,843,1
2024-01-19,Amazon,A1894,Electronics,Andhra Pradesh,932,1
2024-01-19,Amazon,A9843,Accessories,Delhi,524,2
2024-01-19,Amazon,A1541,Electronics,Karnataka,191,1
2024-01-19,Amazon,A6096,Clothes,Rajasthan,1526,2
2024-01-19,Amazon,A3366,Electronics,West Bengal,510,3
2024-01-19,Amazon,A3721,Electronics,Uttarakhand,970,1
2024-01-19,Amazon,A8765,Electronics,West Bengal,621,1
2024-01-19,Amazon,A6390,Home Decor,Haryana,1342,2
2024-01-19,Amazon,A8264,Grocery,Assam,1686,2
2024-01-19,Amazon,A1040,Clothes,Rajasthan,1364,4
2024-01-19,Amazon,A9617,Home Decor,Delhi,812,2
2024-01-19,Amazon,A8762,Grocery,Karnataka,4830,5
2024-01-19,Amazon,A6433,Home Decor,Karnataka,912,4
2024-01-19,Amazon,A8030,Clothes,Assam,1836,3
2024-01-19,Amazon,A4519,Grocery,Chhattisgarh,1240,2
2024-01-20,Amazon,A5354,Home Decor,Chhattisgarh,1134,2
2024-01-20,Amazon,A1800,Electronics,Telangana,921,1
2024-01-20,Amazon,A5630,Home Decor,Jharkhand,1239,3
2024-01-20,Amazon,A5599,Electronics,Telangana,3340,5
2024-01-20,Amazon,A9317,Clothes,Odisha,248,1
2024-01-20,Amazon,A7181,Electronics,Kerala,350,2
2024-01-20,Amazon,A7393,Grocery,Punjab,894,2
2024-01-20,Amazon,A9090,Accessories,Rajasthan,407,1
2024-01-20,Amazon,A6129,Clothes,Assam,3940,5
2024-01-20,Amazon,A4665,Electronics,Odisha,483,3
2024-01-20,Amazon,A3397,Accessories,Andhra Pradesh,1226,2
2024-01-20,Amazon,A6666,Grocery,Gujarat,608,2
2024-01-20,Amazon,A5688,Accessories,Jharkhand,1494,2
2024-01-20,Amazon,A4947,Home Decor,Delhi,3924,4
2024-01-20,Amazon,A9165,Home Decor,Madhya Pradesh,3940,4
2024-01-20,Amazon,A9243,Accessories,Gujarat,182,1
2024-01-20,Amazon,A1317,Grocery,Gujarat,3916,4
2024-01-20,Amazon,A5264,Electronics,Assam,3636,4
2024-01-20,Amazon,A3082,Home Decor,West Bengal,1210,5
2024-01-20,Amazon,A4197,Accessories,Chhattisgarh,3335,5
2024-01-20,Amazon,A7864,Accessories,Tamil Nadu,820,1
2024-01-20,Amazon,A7592,Clothes,Uttar Pradesh,954,3
2024-01-20,Amazon,A9092,Accessories,Odisha,885,5
2024-01-20,Amazon,A1131,Clothes,Gujarat,2880,3
2024-01-20,Amazon,A1177,Home Decor,Rajasthan,2853,3
2024-01-20,Amazon,A8695,Accessories,Bihar,976,2
2024-01-20,Amazon,A8461,Accessories,Uttarakhand,754,2
2024-01-20,Amazon,A5933,Accessories,Uttar Pradesh,2308,4
2024-01-20,Amazon,A9258,Home Decor,Tamil Nadu,516,4
2024-01-20,Amazon,A3663,Home Decor,Karnataka,1596,3
2024-01-20,Amazon,A2437,Home Decor,Punjab,396,3
2024-01-20,Amazon,A6176,Grocery,West Bengal,968,2
2024-01-20,Amazon,A8245,Home Decor,Chhattisgarh,2776,4
2024-01-20,Amazon,A9433,Electronics,Telangana,680,2
2024-01-20,Amazon,A3858,Electronics,West Bengal,2440,5
2024-01-20,Amazon,A6285,Clothes,Punjab,1252,4
2024-01-20,Amazon,A4067,Grocery,Chhattisgarh,3764,4
2024-01-20,Amazon,A9593,Home Decor,Haryana,2268,4
2024-01-20,Amazon,A6783,Electronics,Jharkhand,453,1
2024-01-21,Amazon,A6737,Clothes,West Bengal,1276,2
2024-01-21,Amazon,A6522,Clothes,Haryana,1616,2
2024-01-21,Amazon,A9240,Grocery,Assam,1346,2
2024-01-21,Amazon,A6889,Grocery,Andhra Pradesh,500,2
2024-01-21,Amazon,A7221,Clothes,Bihar,2444,4
2024-01-21,Amazon,A9003,Clothes,Kerala,2904,3
2024-01-21,Amazon,A7372,Electronics,Andhra Pradesh,268,2
2024-01-21,Amazon,A4619,Accessories,Kerala,2390,5
2024-01-21,Amazon,A4575,Grocery,West Bengal,526,1
2024-01-21,Amazon,A4751,Accessories,Jharkhand,2430,5
2024-01-21,Amazon,A5763,Clothes,Kerala,996,2
2024-01-21,Amazon,A9036,Electronics,Odisha,2116,4
2024-01-21,Amazon,A4534,Clothes,Telangana,205,1
2024-01-21,Amazon,A3291,Electronics,Karnataka,2964,3
2024-01-21,Amazon,A1117,Home Decor,Maharashtra,1076,2
2024-01-21,Amazon,A3842,Grocery,Bihar,577,1
2024-01-21,Amazon,A5808,Electronics,Telangana,1374,2
2024-01-21,Amazon,A5323,Clothes,Maharashtra,1652,2
2024-01-21,Amazon,A8135,Accessories,Kerala,2450,5
2024-01-21,Amazon,A6565,Grocery,West Bengal,375,3
2024-01-21,Amazon,A4196,Clothes,Delhi,452,1
2024-01-21,Amazon,A3558,Clothes,West Bengal,1365,5
2024-01-21,Amazon,A8249,Clothes,Maharashtra,2840,4
2024-01-21,Amazon,A7142,Grocery,Andhra Pradesh,981,3
2024-01-21,Amazon,A5335,Accessories,Haryana,912,2
2024-01-22,Amazon,A7227,Home Decor,Punjab,1975,5
2024-01-22,Amazon,A1555,Accessories,Gujarat,3376,4
2024-01-22,Amazon,A5095,Home Decor,Karnataka,1792,4
2024-01-22,Amazon,A2879,Home Decor,Odisha,656,2
2024-01-22,Amazon,A2117,Clothes,Bihar,1564,4
2024-01-22,Amazon,A3397,Electronics,Assam,1562,2
2024-01-22,Amazon,A8016,Clothes,Bihar,592,4
2024-01-22,Amazon,A2410,Grocery,Haryana,599,1
2024-01-22,Amazon,A8278,Grocery,Jharkhand,447,3
2024-01-22,Amazon,A2128,Electronics,Rajasthan,519,3
2024-01-22,Amazon,A8913,Electronics,Bihar,1730,5
2024-01-22,Amazon,A5058,Accessories,Tamil Nadu,1956,4
2024-01-22,Amazon,A7309,Grocery,Delhi,2703,3
2024-01-22,Amazon,A7075,Home Decor,Rajasthan,1791,3
2024-01-22,Amazon,A6514,Grocery,Telangana,2217,3
2024-01-22,Amazon,A7203,Accessories,Haryana,2580,5
2024-01-22,Amazon,A2112,Clothes,Madhya Pradesh,888,2
2024-01-22,Amazon,A9378,Grocery,Karnataka,837,3
2024-01-22,Amazon,A8653,Accessories,Chhattisgarh,5000,5
2024-01-22,Amazon,A3661,Grocery,Telangana,1346,2
2024-01-22,Amazon,A3306,Clothes,Telangana,732,4
2024-01-22,Amazon,A8468,Accessories,Tamil Nadu,1048,4
2024-01-22,Amazon,A4092,Accessories,Delhi,730,5
2024-01-22,Amazon,A1439,Grocery,Uttar Pradesh,2787,3
2024-01-22,Amazon,A7564,Clothes,Andhra Pradesh,3376,4
2024-01-22,Amazon,A3682,Grocery,Telangana,2838,3
2024-01-22,Amazon,A8573,Clothes,Rajasthan,1554,3
2024-01-23,Amazon,A6828,Accessories,Delhi,119,1
2024-01-23,Amazon,A8446,Clothes,West Bengal,354,1
2024-01-23,Amazon,A6180,Grocery,Maharashtra,3676,4
2024-01-23,Amazon,A9360,Electronics,Telangana,3230,5
2024-01-23,Amazon,A1166,Grocery,Gujarat,1444,4
2024-01-23,Amazon,A7710,Electronics,Rajasthan,468,1
2024-01-23,Amazon,A7943,Accessories,West Bengal,692,4
2024-01-23,Amazon,A1654,Electronics,Assam,3324,4
2024-01-23,Amazon,A6525,Accessories,Rajasthan,1915,5
2024-01-23,Amazon,A3063,Accessories,West Bengal,733,1
2024-01-23,Amazon,A6554,Electronics,Gujarat,644,4
2024-01-23,Amazon,A3356,Accessories,Telangana,2739,3
2024-01-23,Amazon,A1320,Clothes,Rajasthan,3945,5
2024-01-23,Amazon,A2646,Grocery,Uttarakhand,4395,5
2024-01-23,Amazon,A1183,Electronics,Punjab,1016,4
2024-01-23,Amazon,A8017,Electronics,Tamil Nadu,1256,2
2024-01-23,Amazon,A1869,Home Decor,Haryana,1476,4
2024-01-23,Amazon,A4568,Accessories,Andhra Pradesh,441,3
2024-01-23,Amazon,A5293,Home Decor,Delhi,3895,5
2024-01-23,Amazon,A2893,Home Decor,Telangana,4340,5
2024-01-23,Amazon,A7138,Home Decor,Chhattisgarh,1310,5
2024-01-23,Amazon,A9120,Home Decor,Telangana,2724,4
2024-01-23,Amazon,A9396,Grocery,Tamil Nadu,736,2
2024-01-23,Amazon,A5732,Clothes,Bihar,466,2
2024-01-23,Amazon,A2610,Grocery,Telangana,453,1
2024-01-23,Amazon,A8741,Grocery,Uttarakhand,1584,4
2024-01-23,Amazon,A6667,Home Decor,Rajasthan,938,1
2024-01-23,Amazon,A6096,Clothes,Uttar Pradesh,1366,2
2024-01-23,Amazon,A1432,Grocery,Bihar,2956,4
2024-01-23,Amazon,A7341,Grocery,Uttar Pradesh,885,5
2024-01-23,Amazon,A7724,Clothes,Karnataka,3992,4
2024-01-23,Amazon,A1040,Accessories,Jharkhand,1252,2
2024-01-23,Amazon,A6838,Electronics,Rajasthan,714,2
2024-01-23,Amazon,A6175,Grocery,Madhya Pradesh,461,1
2024-01-23,Amazon,A7435,Grocery,Jharkhand,3435,5
2024-01-23,Amazon,A7195,Clothes,Maharashtra,1852,2
2024-01-23,Amazon,A9133,Grocery,Tamil Nadu,1694,2
2024-01-23,Amazon,A1279,Grocery,Delhi,3960,5
2024-01-24,Amazon,A8268,Accessories,Madhya Pradesh,3055,5
2024-01-24,Amazon,A1673,Accessories,Maharashtra,3128,4
2024-01-24,Amazon,A1800,Electronics,Uttarakhand,270,2
2024-01-24,Amazon,A2733,Electronics,Tamil Nadu,881,1
2024-01-24,Amazon,A8401,Electronics,Telangana,1370,2
2024-01-24,Amazon,A3642,Home Decor,Bihar,1935,3
2024-01-24,Amazon,A8258,Grocery,Madhya Pradesh,239,1
2024-01-24,Amazon,A6375,Clothes,Gujarat,2502,3
2024-01-24,Amazon,A1258,Grocery,Telangana,2035,5
2024-01-24,Amazon,A6403,Electronics,Kerala,928,2
2024-01-24,Amazon,A1253,Accessories,Odisha,800,2
2024-01-24,Amazon,A5803,Electronics,Maharashtra,3316,4
2024-01-24,Amazon,A3817,Clothes,Tamil Nadu,938,1
2024-01-24,Amazon,A2616,Accessories,Karnataka,945,5
2024-01-24,Amazon,A3383,Clothes,Assam,692,2
2024-01-24,Amazon,A4546,Home Decor,Delhi,1246,2
2024-01-24,Amazon,A9296,Accessories,Maharashtra,909,3
2024-01-24,Amazon,A5623,Home Decor,Bihar,3195,5
2024-01-24,Amazon,A6931,Home Decor,Bihar,308,2
2024-01-24,Amazon,A3971,Accessories,Kerala,3040,5
2024-01-24,Amazon,A4177,Accessories,Uttar Pradesh,624,4
2024-01-24,Amazon,A8115,Electronics,Kerala,446,1
2024-01-24,Amazon,A6168,Home Decor,Gujarat,1882,2
2024-01-24,Amazon,A6744,Grocery,Karnataka,1968,2
2024-01-24,Amazon,A9157,Grocery,Andhra Pradesh,2928,4
2024-01-24,Amazon,A3889,Clothes,West Bengal,2862,3
2024-01-24,Amazon,A4077,Home Decor,Gujarat,600,5
2024-01-25,Amazon,A1543,Electronics,Assam,332,1
2024-01-25,Amazon,A2669,Electronics,Punjab,1538,2
2024-01-25,Amazon,A7694,Electronics,Delhi,2900,4
2024-01-25,Amazon,A9230,Electronics,Haryana,714,2
2024-01-25,Amazon,A7019,Clothes,Punjab,778,2
2024-01-25,Amazon,A6935,Accessories,Telangana,1604,4
2024-01-25,Amazon,A7751,Accessories,Madhya Pradesh,471,3
2024-01-25,Amazon,A5255,Electronics,Karnataka,2604,3
2024-01-25,Amazon,A9115,Clothes,Gujarat,2985,5
2024-01-25,Amazon,A4629,Electronics,West Bengal,208,2
2024-01-25,Amazon,A6368,Clothes,Bihar,2490,5
2024-01-25,Amazon,A5497,Accessories,Karnataka,284,1
2024-01-25,Amazon,A8842,Electronics,Chhattisgarh,1572,4
2024-01-25,Amazon,A7877,Home Decor,Odisha,1625,5
2024-01-25,Amazon,A6611,Home Decor,Rajasthan,2082,3
2024-01-25,Amazon,A4100,Electronics,Uttarakhand,1006,2
2024-01-25,Amazon,A6681,Grocery,Tamil Nadu,541,1
2024-01-25,Amazon,A5746,Grocery,Delhi,3295,5
2024-01-25,Amazon,A4571,Clothes,Maharashtra,3344,4
2024-01-25,Amazon,A4891,Home Decor,West Bengal,2289,3
2024-01-25,Amazon,A9202,Electronics,Delhi,3960,5
2024-01-25,Amazon,A6870,Accessories,Punjab,1792,4
2024-01-25,Amazon,A9713,Electronics,Bihar,655,1
2024-01-25,Amazon,A4123,Electronics,Bihar,1792,2
2024-01-25,Amazon,A5662,Home Decor,Odisha,1965,3
2024-01-25,Amazon,A3356,Accessories,Tamil Nadu,2496,3
2024-01-25,Amazon,A9671,Electronics,Punjab,696,4
2024-01-25,Amazon,A7155,Grocery,Karnataka,2331,3
2024-01-25,Amazon,A2660,Accessories,Punjab,4480,5
2024-01-25,Amazon,A8225,Grocery,Chhattisgarh,1281,3
2024-01-25,Amazon,A7057,Accessories,Assam,4500,5
2024-01-25,Amazon,A1021,Home Decor,Kerala,2295,5
2024-01-25,Amazon,A1325,Electronics,Telangana,2130,5
2024-01-25,Amazon,A5550,Home Decor,Madhya Pradesh,3315,5
2024-01-26,Amazon,A1059,Clothes,Tamil Nadu,314,2
2024-01-26,Amazon,A3188,Accessories,Andhra Pradesh,1437,3
2024-01-26,Amazon,A8015,Clothes,Punjab,362,2
2024-01-26,Amazon,A3823,Electronics,Uttarakhand,212,1
2024-01-26,Amazon,A3330,Grocery,West Bengal,3520,4
2024-01-26,Amazon,A4360,Accessories,Telangana,1352,4
2024-01-26,Amazon,A8725,Home Decor,Karnataka,3955,5
2024-01-26,Amazon,A4655,Accessories,Maharashtra,142,1
2024-01-26,Amazon,A7051,Accessories,Gujarat,354,3
2024-01-26,Amazon,A7330,Accessories,Tamil Nadu,404,4
2024-01-26,Amazon,A5617,Home Decor,Rajasthan,544,2
2024-01-26,Amazon,A3428,Home Decor,Uttar Pradesh,1124,4
2024-01-26,Amazon,A3062,Clothes,Madhya Pradesh,1715,5
2024-01-26,Amazon,A9402,Electronics,Assam,926,2
2024-01-26,Amazon,A7755,Home Decor,Delhi,1834,2
2024-01-26,Amazon,A9466,Clothes,Delhi,552,2
2024-01-26,Amazon,A4982,Clothes,Rajasthan,811,1
2024-01-26,Amazon,A3170,Clothes,Karnataka,2755,5
2024-01-26,Amazon,A9097,Grocery,Haryana,1938,3
2024-01-26,Amazon,A6211,Grocery,Chhattisgarh,3972,4
2024-01-26,Amazon,A1589,Grocery,Tamil Nadu,605,5
2024-01-26,Amazon,A1730,Home Decor,Gujarat,3180,5
2024-01-26,Amazon,A1491,Home Decor,Haryana,786,1
2024-01-26,Amazon,A6497,Clothes,Tamil Nadu,1912,4
2024-01-26,Amazon,A9851,Electronics,Rajasthan,420,2
2024-01-26,Amazon,A2889,Grocery,Maharashtra,2010,3
2024-01-27,Amazon,A2574,Electronics,Gujarat,640,1
2024-01-27,Amazon,A1123,Clothes,Punjab,2260,4
2024-01-27,Amazon,A8904,Grocery,Kerala,700,2
2024-01-27,Amazon,A1776,Grocery,Kerala,1464,3
2024-01-27,Amazon,A3421,Electronics,Odisha,860,1
2024-01-27,Amazon,A5037,Electronics,Uttar Pradesh,593,1
2024-01-27,Amazon,A3170,Clothes,Tamil Nadu,847,1
2024-01-27,Amazon,A4006,Accessories,Uttar Pradesh,4705,5
2024-01-27,Amazon,A7290,Home Decor,West Bengal,3540,5
2024-01-27,Amazon,A3200,Accessories,Telangana,814,2
2024-01-27,Amazon,A7850,Home Decor,Kerala,814,1
2024-01-27,Amazon,A9376,Grocery,Telangana,2517,3
2024-01-27,Amazon,A1295,Home Decor,Rajasthan,1935,3
2024-01-27,Amazon,A2422,Accessories,Haryana,339,1
2024-01-27,Amazon,A5837,Clothes,Tamil Nadu,988,2
2024-01-27,Amazon,A4162,Clothes,Gujarat,2235,3
2024-01-27,Amazon,A5247,Grocery,Tamil Nadu,126,1
2024-01-27,Amazon,A4115,Grocery,Uttar Pradesh,554,1
2024-01-27,Amazon,A1920,Electronics,Punjab,810,1
2024-01-27,Amazon,A6440,Clothes,Chhattisgarh,320,2
2024-01-27,Amazon,A3155,Clothes,Uttar Pradesh,1086,3
2024-01-27,Amazon,A8221,Grocery,Maharashtra,2805,5
2024-01-27,Amazon,A7377,Grocery,Karnataka,319,1
2024-01-27,Amazon,A8224,Home Decor,Gujarat,840,1
2024-01-27,Amazon,A8790,Home Decor,Gujarat,752,1
2024-01-27,Amazon,A9180,Accessories,Assam,727,1
2024-01-27,Amazon,A5655,Grocery,Jharkhand,1050,5
2024-01-27,Amazon,A5728,Electronics,Uttar Pradesh,1108,4
2024-01-27,Amazon,A5612,Electronics,Uttarakhand,692,4
2024-01-27,Amazon,A7343,Clothes,West Bengal,3740,4
2024-01-27,Amazon,A2940,Home Decor,Odisha,369,3
2024-01-27,Amazon,A3630,Home Decor,Telangana,4350,5
2024-01-27,Amazon,A8198,Home Decor,Maharashtra,1770,2
2024-01-27,Amazon,A1603,Clothes,Kerala,361,1
2024-01-27,Amazon,A8026,Accessories,Uttar Pradesh,735,1
2024-01-27,Amazon,A8203,Electronics,Chhattisgarh,3530,5
2024-01-28,Amazon,A9586,Grocery,Odisha,2736,4
2024-01-28,Amazon,A6690,Clothes,Maharashtra,1042,2
2024-01-28,Amazon,A1903,Home Decor,West Bengal,1716,4
2024-01-28,Amazon,A8825,Clothes,Telangana,2555,5
2024-01-28,Amazon,A7935,Grocery,Tamil Nadu,916,2
2024-01-28,Amazon,A9932,Accessories,Uttarakhand,1780,5
2024-01-28,Amazon,A4111,Electronics,Madhya Pradesh,272,1
2024-01-28,Amazon,A8480,Electronics,Kerala,2733,3
2024-01-28,Amazon,A6379,Grocery,Telangana,1677,3
2024-01-28,Amazon,A1308,Electronics,Karnataka,1582,2
2024-01-28,Amazon,A9916,Home Decor,Uttar Pradesh,748,4
2024-01-28,Amazon,A2702,Home Decor,Maharashtra,436,4
2024-01-28,Amazon,A3701,Accessories,Maharashtra,817,1
2024-01-28,Amazon,A8480,Home Decor,Jharkhand,700,5
2024-01-28,Amazon,A9174,Home Decor,Bihar,2844,3
2024-01-28,Amazon,A3403,Home Decor,Delhi,1176,4
2024-01-28,Amazon,A4442,Grocery,Maharashtra,1466,2
2024-01-28,Amazon,A2309,Clothes,Delhi,2940,4
2024-01-28,Amazon,A6746,Accessories,Uttar Pradesh,2172,3
2024-01-28,Amazon,A6320,Accessories,Madhya Pradesh,1977,3
2024-01-28,Amazon,A9127,Electronics,Uttarakhand,1620,4
2024-01-28,Amazon,A1158,Electronics,Assam,1192,2
2024-01-28,Amazon,A5699,Grocery,Karnataka,984,3
2024-01-28,Amazon,A4815,Grocery,Uttar Pradesh,957,3
2024-01-28,Amazon,A3832,Accessories,Bihar,729,3
2024-01-28,Amazon,A8412,Accessories,Odisha,2196,3
2024-01-28,Amazon,A8286,Electronics,Rajasthan,1156,2
2024-01-28,Amazon,A7516,Home Decor,Madhya Pradesh,2524,4
2024-01-28,Amazon,A8629,Accessories,Rajasthan,436,4
2024-01-28,Amazon,A5756,Accessories,Assam,2682,3
2024-01-28,Amazon,A4147,Clothes,Punjab,1251,3
2024-01-28,Amazon,A3567,Home Decor,Uttar Pradesh,975,3
2024-01-28,Amazon,A9392,Accessories,Assam,1026,2
2024-01-28,Amazon,A9760,Grocery,Andhra Pradesh,836,2
2024-01-28,Amazon,A6770,Grocery,Maharashtra,4470,5
2024-01-28,Amazon,A9928,Accessories,Gujarat,1335,3
2024-01-28,Amazon,A3522,Clothes,West Bengal,298,1
2024-01-28,Amazon,A2667,Electronics,Assam,513,3
2024-01-29,Amazon,A2485,Electronics,Uttarakhand,1396,2
2024-01-29,Amazon,A8914,Clothes,Kerala,1682,2
2024-01-29,Amazon,A9854,Grocery,Delhi,3990,5
2024-01-29,Amazon,A8589,Grocery,Andhra Pradesh,1998,2
2024-01-29,Amazon,A1375,Grocery,Uttarakhand,1498,2
2024-01-29,Amazon,A1365,Electronics,Kerala,1668,4
2024-01-29,Amazon,A1615,Grocery,West Bengal,1916,2
2024-01-29,Amazon,A5541,Clothes,Andhra Pradesh,1560,5
2024-01-29,Amazon,A8630,Clothes,Uttar Pradesh,2340,4
2024-01-29,Amazon,A6735,Clothes,Odisha,3568,4
2024-01-29,Amazon,A7588,Electronics,Haryana,4935,5
2024-01-29,Amazon,A5267,Home Decor,Odisha,2103,3
2024-01-29,Amazon,A8523,Home Decor,Gujarat,1648,4
2024-01-29,Amazon,A5686,Home Decor,Delhi,1578,3
2024-01-29,Amazon,A7599,Accessories,Jharkhand,420,1
2024-01-29,Amazon,A7258,Accessories,Rajasthan,2655,3
2024-01-29,Amazon,A9906,Clothes,Jharkhand,3836,4
2024-01-29,Amazon,A1917,Electronics,West Bengal,133,1
2024-01-29,Amazon,A9097,Clothes,Haryana,1844,4
2024-01-29,Amazon,A3566,Clothes,Andhra Pradesh,715,1
2024-01-30,Amazon,A8380,Electronics,Delhi,1868,4
2024-01-30,Amazon,A1845,Electronics,Punjab,2910,5
2024-01-30,Amazon,A9882,Grocery,Uttar Pradesh,675,1
2024-01-30,Amazon,A4891,Clothes,Kerala,2868,4
2024-01-30,Amazon,A2008,Clothes,Uttarakhand,1580,5
2024-01-30,Amazon,A9221,Electronics,Delhi,2286,3
2024-01-30,Amazon,A3771,Clothes,Uttar Pradesh,1155,3
2024-01-30,Amazon,A3794,Grocery,Maharashtra,513,1
2024-01-30,Amazon,A1926,Clothes,Odisha,612,4
2024-01-30,Amazon,A4310,Grocery,Gujarat,957,1
2024-01-30,Amazon,A1606,Accessories,Punjab,3496,4
2024-01-30,Amazon,A9511,Accessories,Madhya Pradesh,3450,5
2024-01-30,Amazon,A8213,Clothes,Andhra Pradesh,3268,4
2024-01-30,Amazon,A3762,Grocery,West Bengal,856,2
2024-01-30,Amazon,A9468,Electronics,Haryana,456,1
2024-01-30,Amazon,A6463,Home Decor,Karnataka,1076,4
2024-01-30,Amazon,A1722,Accessories,Karnataka,3296,4
2024-01-30,Amazon,A7595,Electronics,Uttarakhand,192,1
2024-01-30,Amazon,A4533,Grocery,Haryana,1815,3
2024-01-30,Amazon,A4722,Electronics,Uttar Pradesh,1076,2
2024-01-30,Amazon,A7949,Grocery,Andhra Pradesh,2022,3
2024-01-31,Amazon,A5185,Home Decor,West Bengal,627,1
2024-01-31,Amazon,A2100,Electronics,Rajasthan,2628,3
2024-01-31,Amazon,A3648,Accessories,Andhra Pradesh,3835,5
2024-01-31,Amazon,A6673,Accessories,Maharashtra,852,4
2024-01-31,Amazon,A5494,Accessories,Telangana,1644,2
2024-01-31,Amazon,A7808,Grocery,Chhattisgarh,2776,4
2024-01-31,Amazon,A6583,Accessories,Kerala,2605,5
2024-01-31,Amazon,A8694,Electronics,Andhra Pradesh,916,1
2024-01-31,Amazon,A4558,Grocery,Gujarat,3380,4
2024-01-31,Amazon,A5904,Electronics,Gujarat,1588,4
2024-01-31,Amazon,A7947,Electronics,Andhra Pradesh,1870,5
2024-01-31,Amazon,A2444,Grocery,Madhya Pradesh,1155,3
2024-01-31,Amazon,A2705,Grocery,Jharkhand,1974,3
2024-01-31,Amazon,A8996,Home Decor,Telangana,743,1
2024-01-31,Amazon,A1862,Home Decor,Punjab,536,1
2024-01-31,Amazon,A4681,Grocery,Andhra Pradesh,2490,5
2024-01-31,Amazon,A1814,Home Decor,Karnataka,2463,3
2024-01-31,Amazon,A8695,Home Decor,Karnataka,1765,5
2024-01-31,Amazon,A4140,Home Decor,Delhi,860,4
2024-01-31,Amazon,A3523,Clothes,Jharkhand,3772,4
2024-01-31,Amazon,A6873,Home Decor,Odisha,861,1
2024-01-31,Amazon,A2966,Electronics,Kerala,828,3
2024-01-31,Amazon,A8512,Grocery,Tamil Nadu,460,1
2024-01-31,Amazon,A7571,Grocery,Delhi,1194,2
2024-01-31,Amazon,A9968,Accessories,Tamil Nadu,320,2
2024-01-31,Amazon,A2862,Clothes,Uttar Pradesh,1668,2
2024-01-31,Amazon,A5214,Clothes,Uttarakhand,3440,4
2024-01-31,Amazon,A2513,Grocery,Kerala,1833,3
2024-01-31,Amazon,A5211,Accessories,Uttarakhand,306,3
2024-01-31,Amazon,A4303,Home Decor,Chhattisgarh,3305,5
2024-01-31,Amazon,A4498,Clothes,Tamil Nadu,2096,4
2024-01-31,Amazon,A5956,Accessories,Tamil Nadu,174,1
2024-02-01,Amazon,A2409,Home Decor,Assam,525,5
2024-02-01,Amazon,A3105,Clothes,Bihar,3384,4
2024-02-01,Amazon,A9805,Electronics,Maharashtra,1340,2
2024-02-01,Amazon,A5788,Clothes,Gujarat,3792,4
2024-02-01,Amazon,A5373,Accessories,Karnataka,1080,4
2024-02-01,Amazon,A6541,Home Decor,Bihar,1323,3
2024-02-01,Amazon,A6186,Grocery,Bihar,2055,5
2024-02-01,Amazon,A5957,Clothes,Madhya Pradesh,785,1
2024-02-01,Amazon,A1456,Home Decor,Haryana,1930,2
2024-02-01,Amazon,A7477,Accessories,Haryana,376,2
2024-02-01,Amazon,A1512,Accessories,Chhattisgarh,2672,4
2024-02-01,Amazon,A4828,Electronics,Madhya Pradesh,322,2
2024-02-01,Amazon,A7431,Accessories,Madhya Pradesh,2908,4
2024-02-01,Amazon,A6846,Accessories,Bihar,525,5
2024-02-01,Amazon,A2369,Grocery,Uttar Pradesh,604,2
2024-02-01,Amazon,A9692,Grocery,Punjab,1594,2
2024-02-01,Amazon,A2973,Clothes,Chhattisgarh,1292,2
2024-02-01,Amazon,A9584,Electronics,Telangana,392,2
2024-02-01,Amazon,A4860,Clothes,Andhra Pradesh,3030,5
2024-02-01,Amazon,A7096,Electronics,Uttarakhand,756,3
2024-02-01,Amazon,A5605,Clothes,Uttar Pradesh,584,1
2024-02-01,Amazon,A7716,Home Decor,West Bengal,3290,5
2024-02-01,Amazon,A2472,Accessories,Telangana,1618,2
2024-02-01,Amazon,A7230,Clothes,Chhattisgarh,1528,2
2024-02-01,Amazon,A2746,Accessories,Madhya Pradesh,985,5
2024-02-01,Amazon,A7960,Grocery,Uttar Pradesh,2724,4
2024-02-01,Amazon,A6381,Electronics,Delhi,2427,3
2024-02-01,Amazon,A8507,Electronics,West Bengal,1282,2
2024-02-01,Amazon,A9691,Grocery,Karnataka,1204,2
2024-02-01,Amazon,A6723,Electronics,Madhya Pradesh,466,1
2024-02-01,Amazon,A9263,Electronics,West Bengal,856,2
2024-02-01,Amazon,A4859,Electronics,Kerala,1390,2
2024-02-01,Amazon,A5669,Accessories,Delhi,1956,4
2024-02-01,Amazon,A6518,Electronics,Madhya Pradesh,843,3
2024-02-01,Amazon,A1446,Accessories,Tamil Nadu,985,5
2024-02-02,Amazon,A9265,Clothes,Chhattisgarh,564,4
2024-02-02,Amazon,A7151,Clothes,Gujarat,806,2
2024-02-02,Amazon,A8519,Home Decor,Odisha,703,1
2024-02-02,Amazon,A5798,Home Decor,Jharkhand,1860,4
2024-02-02,Amazon,A7164,Accessories,Gujarat,822,2
2024-02-02,Amazon,A1098,Clothes,West Bengal,4345,5
2024-02-02,Amazon,A6117,Grocery,Delhi,513,3
2024-02-02,Amazon,A8846,Accessories,Karnataka,720,1
2024-02-02,Amazon,A2201,Clothes,Andhra Pradesh,774,2
2024-02-02,Amazon,A3792,Electronics,Rajasthan,431,1
2024-02-02,Amazon,A6819,Home Decor,Punjab,267,1
2024-02-02,Amazon,A7581,Accessories,Uttarakhand,1686,2
2024-02-02,Amazon,A6949,Home Decor,Haryana,1650,5
2024-02-02,Amazon,A3262,Clothes,Assam,2955,3
2024-02-02,Amazon,A7309,Grocery,West Bengal,946,2
2024-02-02,Amazon,A7813,Accessories,Haryana,107,1
2024-02-02,Amazon,A5233,Electronics,Maharashtra,1048,2
2024-02-02,Amazon,A8527,Clothes,Assam,1252,4
2024-02-02,Amazon,A6840,Clothes,Gujarat,1952,4
2024-02-02,Amazon,A1471,Grocery,Haryana,970,1
2024-02-02,Amazon,A9685,Home Decor,Maharashtra,640,1
2024-02-02,Amazon,A4751,Clothes,Madhya Pradesh,4545,5
2024-02-02,Amazon,A8946,Electronics,West Bengal,3070,5
2024-02-02,Amazon,A2717,Accessories,West Bengal,2454,3
2024-02-02,Amazon,A9603,Grocery,Jharkhand,1026,3
2024-02-02,Amazon,A5893,Grocery,Uttar Pradesh,852,3
2024-02-03,Amazon,A6874,Home Decor,Assam,1045,5
2024-02-03,Amazon,A7083,Clothes,Gujarat,506,2
2024-02-03,Amazon,A4727,Electronics,Andhra Pradesh,3788,4
2024-02-03,Amazon,A7661,Home Decor,Bihar,787,1
2024-02-03,Amazon,A7476,Accessories,Assam,1014,2
2024-02-03,Amazon,A5056,Accessories,Bihar,1324,4
2024-02-03,Amazon,A2967,Grocery,Haryana,4590,5
2024-02-03,Amazon,A1698,Accessories,Uttarakhand,1020,3
2024-02-03,Amazon,A8424,Clothes,Rajasthan,486,3
2024-02-03,Amazon,A5043,Electronics,Gujarat,3880,5
2024-02-03,Amazon,A9540,Accessories,Jharkhand,218,1
2024-02-03,Amazon,A9288,Home Decor,Kerala,3070,5
2024-02-03,Amazon,A6262,Accessories,Andhra Pradesh,3180,5
2024-02-03,Amazon,A2750,Accessories,Haryana,3835,5
2024-02-03,Amazon,A1661,Accessories,Uttar Pradesh,3590,5
2024-02-03,Amazon,A9660,Accessories,Tamil Nadu,2770,5
2024-02-03,Amazon,A3123,Home Decor,West Bengal,384,2
2024-02-03,Amazon,A4088,Electronics,Gujarat,1008,2
2024-02-03,Amazon,A2777,Home Decor,Odisha,2700,4
2024-02-03,Amazon,A9899,Electronics,Bihar,1440,3
2024-02-03,Amazon,A5055,Clothes,Assam,314,1
2024-02-03,Amazon,A1185,Clothes,Rajasthan,726,2
2024-02-03,Amazon,A6315,Clothes,Odisha,3245,5
2024-02-03,Amazon,A6255,Clothes,Punjab,440,4
2024-02-04,Amazon,A8672,Accessories,Punjab,906,1
2024-02-04,Amazon,A8263,Grocery,Kerala,1264,2
2024-02-04,Amazon,A2923,Clothes,Rajasthan,297,1
2024-02-04,Amazon,A7926,Home Decor,Uttar Pradesh,2385,3
2024-02-04,Amazon,A3627,Grocery,Rajasthan,1560,3
2024-02-04,Amazon,A2753,Accessories,Delhi,1036,2
2024-02-04,Amazon,A7081,Clothes,Odisha,1233,3
2024-02-04,Amazon,A4039,Electronics,Chhattisgarh,942,2
2024-02-04,Amazon,A8238,Home Decor,Odisha,1032,4
2024-02-04,Amazon,A9719,Electronics,Haryana,1926,2
2024-02-04,Amazon,A2237,Clothes,Gujarat,702,2
2024-02-04,Amazon,A7614,Clothes,Gujarat,436,2
2024-02-04,Amazon,A8262,Electronics,Madhya Pradesh,1370,2
2024-02-04,Amazon,A3309,Grocery,Punjab,1085,5
2024-02-04,Amazon,A2484,Clothes,Rajasthan,582,3
2024-02-04,Amazon,A7138,Accessories,Kerala,2825,5
2024-02-04,Amazon,A2962,Home Decor,Haryana,476,4
2024-02-04,Amazon,A2124,Grocery,Chhattisgarh,1000,2
2024-02-04,Amazon,A4798,Clothes,Andhra Pradesh,845,5
2024-02-04,Amazon,A9786,Home Decor,Madhya Pradesh,555,1
2024-02-04,Amazon,A9540,Grocery,Tamil Nadu,2380,4
2024-02-04,Amazon,A9068,Clothes,Maharashtra,2305,5
2024-02-05,Amazon,A4057,Electronics,Maharashtra,735,3
2024-02-05,Amazon,A8152,Clothes,Gujarat,925,1
2024-02-05,Amazon,A5229,Accessories,Jharkhand,309,1
2024-02-05,Amazon,A3260,Accessories,Chhattisgarh,1588,4
2024-02-05,Amazon,A9964,Electronics,Uttarakhand,1816,4
2024-02-05,Amazon,A6090,Electronics,Rajasthan,2345,5
2024-02-05,Amazon,A1418,Home Decor,Haryana,3795,5
2024-02-05,Amazon,A8686,Clothes,Kerala,1562,2
2024-02-05,Amazon,A3971,Home Decor,Madhya Pradesh,1526,2
2024-02-05,Amazon,A4097,Home Decor,Odisha,948,3
2024-02-05,Amazon,A3734,Home Decor,Gujarat,1476,2
2024-02-05,Amazon,A7202,Accessories,Tamil Nadu,1460,5
2024-02-05,Amazon,A3116,Accessories,Delhi,240,1
2024-02-05,Amazon,A1204,Home Decor,Madhya Pradesh,2928,4
2024-02-05,Amazon,A1725,Electronics,Madhya Pradesh,3680,5
2024-02-05,Amazon,A2081,Clothes,Uttar Pradesh,1662,2
2024-02-05,Amazon,A1027,Grocery,Maharashtra,1314,3
2024-02-05,Amazon,A9391,Accessories,Bihar,436,1
2024-02-05,Amazon,A3771,Clothes,Uttarakhand,1600,4
2024-02-05,Amazon,A9058,Accessories,Chhattisgarh,741,3
2024-02-05,Amazon,A9072,Home Decor,Kerala,474,3
2024-02-06,Amazon,A6209,Grocery,Rajasthan,840,5
2024-02-06,Amazon,A7427,Accessories,Andhra Pradesh,1940,2
2024-02-06,Amazon,A9116,Grocery,Andhra Pradesh,370,1
2024-02-06,Amazon,A3649,Clothes,Maharashtra,1218,3
2024-02-06,Amazon,A2524,Home Decor,Punjab,955,1
2024-02-06,Amazon,A5608,Home Decor,Tamil Nadu,1440,5
2024-02-06,Amazon,A5494,Electronics,Assam,1716,4
2024-02-06,Amazon,A8245,Clothes,Kerala,624,2
2024-02-06,Amazon,A9872,Clothes,Delhi,921,3
2024-02-06,Amazon,A2782,Accessories,Gujarat,639,1
2024-02-06,Amazon,A8678,Grocery,Madhya Pradesh,667,1
2024-02-06,Amazon,A7641,Grocery,Odisha,2922,3
2024-02-06,Amazon,A5196,Clothes,Jharkhand,2140,4
2024-02-06,Amazon,A1027,Grocery,Maharashtra,711,3
2024-02-06,Amazon,A9555,Accessories,Gujarat,1314,3
2024-02-06,Amazon,A1803,Home Decor,Maharashtra,318,2
2024-02-06,Amazon,A6132,Electronics,Odisha,4700,5
2024-02-06,Amazon,A1694,Electronics,Tamil Nadu,2905,5
2024-02-06,Amazon,A7983,Grocery,Maharashtra,1566,3
2024-02-06,Amazon,A8960,Accessories,Uttarakhand,3855,5
2024-02-06,Amazon,A8715,Home Decor,Tamil Nadu,191,1
2024-02-06,Amazon,A9672,Accessories,Kerala,1026,2
2024-02-07,Amazon,A4267,Home Decor,Assam,2601,3
2024-02-07,Amazon,A5258,Home Decor,Madhya Pradesh,2619,3
2024-02-07,Amazon,A6853,Electronics,Uttarakhand,1838,2
2024-02-07,Amazon,A7939,Grocery,Kerala,990,3
2024-02-07,Amazon,A3977,Electronics,Madhya Pradesh,1104,3
2024-02-07,Amazon,A6991,Home Decor,Rajasthan,292,1
2024-02-07,Amazon,A7869,Grocery,Delhi,869,1
2024-02-07,Amazon,A2303,Grocery,Kerala,345,3
2024-02-07,Amazon,A9979,Home Decor,Madhya Pradesh,2896,4
2024-02-07,Amazon,A9645,Clothes,Punjab,3590,5
2024-02-07,Amazon,A9260,Electronics,Haryana,369,1
2024-02-07,Amazon,A9672,Electronics,Delhi,1284,4
2024-02-07,Amazon,A2247,Accessories,Delhi,2688,4
2024-02-07,Amazon,A9205,Grocery,Odisha,623,1
2024-02-07,Amazon,A1242,Electronics,Karnataka,1492,4
2024-02-07,Amazon,A8106,Grocery,Delhi,1360,4
2024-02-07,Amazon,A1904,Grocery,Tamil Nadu,1520,4
2024-02-07,Amazon,A8144,Home Decor,Chhattisgarh,4125,5
2024-02-07,Amazon,A6188,Home Decor,Andhra Pradesh,807,1
2024-02-07,Amazon,A5674,Grocery,Haryana,312,2
2024-02-07,Amazon,A8377,Accessories,Bihar,1706,2
2024-02-07,Amazon,A4360,Grocery,Kerala,1803,3
2024-02-07,Amazon,A9977,Electronics,Maharashtra,2784,4
2024-02-07,Amazon,A4599,Electronics,Tamil Nadu,456,2
2024-02-07,Amazon,A9765,Accessories,Uttarakhand,3305,5
2024-02-07,Amazon,A8199,Grocery,Andhra Pradesh,1798,2
2024-02-07,Amazon,A9100,Accessories,Andhra Pradesh,3735,5
2024-02-07,Amazon,A8722,Clothes,West Bengal,605,1
2024-02-07,Amazon,A3184,Accessories,Odisha,3250,5
2024-02-07,Amazon,A7517,Electronics,West Bengal,1485,5
2024-02-07,Amazon,A6107,Electronics,Haryana,474,3
2024-02-07,Amazon,A5156,Clothes,Kerala,2379,3
2024-02-07,Amazon,A8023,Home Decor,Jharkhand,906,3
2024-02-07,Amazon,A6417,Electronics,Maharashtra,848,4
2024-02-07,Amazon,A3361,Clothes,Assam,233,1
2024-02-07,Amazon,A4079,Electronics,Odisha,763,1
2024-02-07,Amazon,A1645,Home Decor,Madhya Pradesh,4530,5
2024-02-07,Amazon,A7273,Electronics,West Bengal,1528,4
2024-02-07,Amazon,A1171,Grocery,West Bengal,2725,5
2024-02-07,Amazon,A1106,Clothes,Delhi,1160,2
2024-02-08,Amazon,A2329,Home Decor,Punjab,725,5
2024-02-08,Amazon,A3258,Accessories,Gujarat,1352,2
2024-02-08,Amazon,A2798,Clothes,Rajasthan,702,3
2024-02-08,Amazon,A4859,Home Decor,Kerala,1188,3
2024-02-08,Amazon,A3907,Clothes,Tamil Nadu,2712,3
2024-02-08,Amazon,A7608,Clothes,Andhra Pradesh,471,1
2024-02-08,Amazon,A2725,Accessories,Chhattisgarh,646,2
2024-02-08,Amazon,A1983,Accessories,Tamil Nadu,1016,2
2024-02-08,Amazon,A1897,Clothes,Haryana,941,1
2024-02-08,Amazon,A1268,Electronics,Odisha,2946,3
2024-02-08,Amazon,A9133,Electronics,Gujarat,2432,4
2024-02-08,Amazon,A5091,Clothes,Andhra Pradesh,3145,5
2024-02-08,Amazon,A6356,Grocery,Maharashtra,806,2
2024-02-08,Amazon,A8762,Home Decor,Chhattisgarh,1328,2
2024-02-08,Amazon,A3351,Electronics,West Bengal,304,1
2024-02-08,Amazon,A8430,Grocery,Delhi,710,2
2024-02-08,Amazon,A3461,Home Decor,Madhya Pradesh,1452,4
2024-02-08,Amazon,A9162,Grocery,Tamil Nadu,2620,4
2024-02-08,Amazon,A8458,Grocery,Haryana,653,1
2024-02-08,Amazon,A9079,Electronics,Kerala,1152,2
2024-02-08,Amazon,A9308,Clothes,Jharkhand,3330,5
2024-02-08,Amazon,A5417,Home Decor,Kerala,2199,3
2024-02-08,Amazon,A9773,Grocery,Andhra Pradesh,1536,3
2024-02-08,Amazon,A8576,Accessories,Punjab,996,3
2024-02-08,Amazon,A3317,Clothes,Chhattisgarh,187,1
2024-02-08,Amazon,A4327,Accessories,Andhra Pradesh,2672,4
2024-02-08,Amazon,A9926,Electronics,Jharkhand,1730,2
2024-02-08,Amazon,A1145,Electronics,Karnataka,864,1
2024-02-08,Amazon,A5471,Grocery,Kerala,2825,5
2024-02-08,Amazon,A6247,Electronics,Rajasthan,4235,5
2024-02-09,Amazon,A2925,Grocery,Andhra Pradesh,4785,5
2024-02-09,Amazon,A2291,Electronics,Bihar,4265,5
2024-02-09,Amazon,A9496,Accessories,Jharkhand,3552,4
2024-02-09,Amazon,A6033,Accessories,Maharashtra,202,2
2024-02-09,Amazon,A8686,Home Decor,West Bengal,1662,2
2024-02-09,Amazon,A8479,Electronics,Jharkhand,2056,4
2024-02-09,Amazon,A4792,Grocery,Uttarakhand,4150,5
2024-02-09,Amazon,A2168,Home Decor,Gujarat,825,1
2024-02-09,Amazon,A1549,Clothes,Jharkhand,793,1
2024-02-09,Amazon,A7004,Electronics,Uttarakhand,1155,5
2024-02-09,Amazon,A5935,Grocery,Andhra Pradesh,1510,2
2024-02-09,Amazon,A7078,Clothes,Uttar Pradesh,3340,4
2024-02-09,Amazon,A3095,Electronics,Rajasthan,1315,5
2024-02-09,Amazon,A6525,Clothes,Bihar,381,3
2024-02-09,Amazon,A1268,Electronics,Tamil Nadu,930,1
2024-02-09,Amazon,A3961,Home Decor,Telangana,903,1
2024-02-09,Amazon,A2781,Clothes,Telangana,1284,4
2024-02-09,Amazon,A7383,Home Decor,Tamil Nadu,1788,4
2024-02-09,Amazon,A7050,Grocery,Uttarakhand,3535,5
2024-02-09,Amazon,A4298,Electronics,Karnataka,229,1
2024-02-09,Amazon,A4788,Accessories,Odisha,324,3
2024-02-09,Amazon,A3967,Accessories,Tamil Nadu,1472,4
2024-02-09,Amazon,A8794,Grocery,Odisha,1358,2
2024-02-09,Amazon,A9536,Home Decor,Madhya Pradesh,4625,5
2024-02-09,Amazon,A4712,Electronics,Uttarakhand,1350,2
2024-02-09,Amazon,A2079,Grocery,West Bengal,2695,5
2024-02-09,Amazon,A5731,Accessories,Karnataka,2836,4
2024-02-10,Amazon,A7297,Electronics,Haryana,1980,3
2024-02-10,Amazon,A5526,Grocery,Telangana,438,2
2024-02-10,Amazon,A4019,Home Decor,Maharashtra,852,4
2024-02-10,Amazon,A1170,Home Decor,Punjab,1473,3
2024-02-10,Amazon,A5069,Accessories,Madhya Pradesh,3210,5
2024-02-10,Amazon,A2328,Grocery,Bihar,2216,4
2024-02-10,Amazon,A4551,Home Decor,Madhya Pradesh,1992,4
2024-02-10,Amazon,A9033,Grocery,Andhra Pradesh,294,1
2024-02-10,Amazon,A6629,Accessories,Jharkhand,2121,3
2024-02-10,Amazon,A1283,Electronics,Punjab,454,2
2024-02-10,Amazon,A4686,Home Decor,Assam,744,3
2024-02-10,Amazon,A4998,Accessories,Uttarakhand,453,1
2024-02-10,Amazon,A7276,Grocery,Punjab,4720,5
2024-02-10,Amazon,A5337,Grocery,Kerala,802,2
2024-02-10,Amazon,A3560,Electronics,West Bengal,780,3
2024-02-10,Amazon,A9911,Accessories,West Bengal,830,2
2024-02-10,Amazon,A1423,Clothes,West Bengal,556,2
2024-02-10,Amazon,A7223,Grocery,Karnataka,502,1
2024-02-10,Amazon,A7409,Grocery,Uttar Pradesh,2656,4
2024-02-10,Amazon,A3724,Home Decor,Chhattisgarh,1174,2
2024-02-10,Amazon,A1301,Clothes,Uttarakhand,443,1
2024-02-10,Amazon,A2736,Accessories,Punjab,1263,3
2024-02-10,Amazon,A2962,Grocery,Kerala,2744,4
2024-02-10,Amazon,A6426,Accessories,West Bengal,598,2
2024-02-10,Amazon,A4606,Clothes,Bihar,1356,3
2024-02-10,Amazon,A5139,Accessories,Punjab,3612,4
2024-02-10,Amazon,A1961,Grocery,Maharashtra,984,2
2024-02-10,Amazon,A1973,Grocery,Delhi,394,1
2024-02-10,Amazon,A1927,Home Decor,Maharashtra,1658,2
2024-02-10,Amazon,A4678,Accessories,Maharashtra,305,1
2024-02-10,Amazon,A2670,Accessories,Kerala,232,2
2024-02-10,Amazon,A9364,Home Decor,Bihar,815,1
2024-02-10,Amazon,A9620,Clothes,Chhattisgarh,1732,4
2024-02-10,Amazon,A7189,Accessories,Assam,276,1
2024-02-10,Amazon,A4844,Grocery,Chhattisgarh,506,2
2024-02-10,Amazon,A9006,Grocery,Karnataka,1034,2
2024-02-11,Amazon,A1762,Home Decor,Uttar Pradesh,4060,5
2024-02-11,Amazon,A2764,Accessories,Uttar Pradesh,1092,4
2024-02-11,Amazon,A3559,Grocery,Delhi,666,2
2024-02-11,Amazon,A4031,Clothes,Punjab,155,1
2024-02-11,Amazon,A9667,Home Decor,Telangana,708,4
2024-02-11,Amazon,A8362,Clothes,Karnataka,916,4
2024-02-11,Amazon,A1695,Grocery,Madhya Pradesh,1428,2
2024-02-11,Amazon,A3885,Accessories,Bihar,1233,3
2024-02-11,Amazon,A2971,Home Decor,Delhi,3888,4
2024-02-11,Amazon,A1720,Electronics,Bihar,471,3
2024-02-11,Amazon,A7953,Grocery,Tamil Nadu,3395,5
2024-02-11,Amazon,A2330,Home Decor,Karnataka,2672,4
2024-02-11,Amazon,A2996,Grocery,Karnataka,594,1
2024-02-11,Amazon,A8926,Electronics,Odisha,1796,4
2024-02-11,Amazon,A1376,Home Decor,Assam,2896,4
2024-02-11,Amazon,A6253,Clothes,Madhya Pradesh,2637,3
2024-02-11,Amazon,A4507,Grocery,Chhattisgarh,317,1
2024-02-11,Amazon,A7998,Electronics,Kerala,849,3
2024-02-11,Amazon,A2778,Electronics,Odisha,715,1
2024-02-11,Amazon,A8952,Accessories,Karnataka,3260,4
2024-02-11,Amazon,A1467,Home Decor,Karnataka,688,1
2024-02-11,Amazon,A8668,Accessories,Bihar,2488,4
2024-02-11,Amazon,A9115,Electronics,Madhya Pradesh,2752,4
2024-02-11,Amazon,A6630,Electronics,Kerala,1144,2
2024-02-11,Amazon,A4553,Home Decor,Odisha,1920,2
2024-02-11,Amazon,A4145,Home Decor,Karnataka,1222,2
2024-02-11,Amazon,A2991,Clothes,Madhya Pradesh,2924,4
2024-02-11,Amazon,A8835,Accessories,Jharkhand,4000,4
2024-02-11,Amazon,A5102,Home Decor,Delhi,1690,2
2024-02-12,Amazon,A3237,Electronics,Punjab,2304,4
2024-02-12,Amazon,A1428,Electronics,Odisha,761,1
2024-02-12,Amazon,A1861,Home Decor,Delhi,226,2
2024-02-12,Amazon,A9181,Accessories,Andhra Pradesh,1809,3
2024-02-12,Amazon,A9392,Clothes,Tamil Nadu,4595,5
2024-02-12,Amazon,A6957,Grocery,Punjab,3700,4
2024-02-12,Amazon,A3806,Home Decor,Kerala,1671,3
2024-02-12,Amazon,A9995,Electronics,Telangana,1012,2
2024-02-12,Amazon,A1916,Grocery,Punjab,390,2
2024-02-12,Amazon,A2583,Grocery,Chhattisgarh,2216,4
2024-02-12,Amazon,A9690,Grocery,Uttarakhand,968,1
2024-02-12,Amazon,A1030,Grocery,Delhi,1374,3
2024-02-12,Amazon,A6768,Electronics,Maharashtra,1625,5
2024-02-12,Amazon,A5084,Electronics,Andhra Pradesh,672,4
2024-02-12,Amazon,A7586,Electronics,Jharkhand,3148,4
2024-02-12,Amazon,A3961,Grocery,Maharashtra,1048,4
2024-02-12,Amazon,A4954,Home Decor,Rajasthan,3125,5
2024-02-12,Amazon,A8490,Home Decor,Assam,2691,3
2024-02-12,Amazon,A8433,Electronics,Bihar,124,1
2024-02-12,Amazon,A5881,Home Decor,Haryana,3616,4
2024-02-12,Amazon,A9974,Clothes,Jharkhand,507,3
2024-02-13,Amazon,A7688,Accessories,Bihar,1665,3
2024-02-13,Amazon,A8724,Home Decor,Chhattisgarh,944,1
2024-02-13,Amazon,A1002,Home Decor,Punjab,693,3
2024-02-13,Amazon,A5912,Accessories,Uttar Pradesh,3945,5
2024-02-13,Amazon,A2583,Home Decor,Punjab,1476,2
2024-02-13,Amazon,A3278,Clothes,Maharashtra,1800,5
2024-02-13,Amazon,A1903,Clothes,Assam,570,5
2024-02-13,Amazon,A3721,Home Decor,Bihar,922,1
2024-02-13,Amazon,A1381,Home Decor,Punjab,3975,5
2024-02-13,Amazon,A1821,Electronics,Delhi,3645,5
2024-02-13,Amazon,A1107,Electronics,Odisha,1536,2
2024-02-13,Amazon,A3914,Grocery,Haryana,1215,5
2024-02-13,Amazon,A5504,Home Decor,Uttarakhand,1196,2
2024-02-13,Amazon,A5947,Accessories,Andhra Pradesh,772,1
2024-02-13,Amazon,A2204,Electronics,Telangana,349,1
2024-02-13,Amazon,A1013,Electronics,Delhi,1552,2
2024-02-13,Amazon,A3464,Home Decor,Rajasthan,1465,5
2024-02-13,Amazon,A3648,Grocery,Andhra Pradesh,2532,3
2024-02-13,Amazon,A5754,Clothes,Kerala,1842,3
2024-02-13,Amazon,A4477,Home Decor,Delhi,884,2
2024-02-13,Amazon,A3041,Grocery,Assam,1220,5
2024-02-13,Amazon,A2134,Accessories,Punjab,2622,3
2024-02-13,Amazon,A2173,Grocery,Jharkhand,3584,4
2024-02-13,Amazon,A4431,Grocery,Odisha,2568,3
2024-02-13,Amazon,A7254,Electronics,Rajasthan,4145,5
2024-02-13,Amazon,A9074,Clothes,Odisha,1272,3
2024-02-13,Amazon,A8664,Grocery,West Bengal,473,1
2024-02-13,Amazon,A3907,Clothes,Assam,127,1
2024-02-13,Amazon,A6355,Home Decor,Gujarat,1300,2
2024-02-13,Amazon,A3751,Home Decor,Karnataka,2696,4
2024-02-13,Amazon,A1478,Home Decor,Tamil Nadu,505,5
2024-02-13,Amazon,A1266,Grocery,Bihar,2964,4
2024-02-13,Amazon,A3963,Grocery,Uttarakhand,2586,3
2024-02-13,Amazon,A3425,Home Decor,Rajasthan,2170,5
2024-02-14,Amazon,A4043,Electronics,Delhi,274,1
2024-02-14,Amazon,A4056,Clothes,Odisha,2695,5
2024-02-14,Amazon,A1865,Grocery,Maharashtra,1944,2
2024-02-14,Amazon,A5895,Grocery,Karnataka,1102,2
2024-02-14,Amazon,A9223,Clothes,Punjab,3884,4
2024-02-14,Amazon,A5790,Accessories,Maharashtra,1128,3
2024-02-14,Amazon,A6651,Accessories,Uttarakhand,774,3
2024-02-14,Amazon,A6504,Home Decor,Tamil Nadu,284,2
2024-02-14,Amazon,A3607,Grocery,Uttar Pradesh,1940,4
2024-02-14,Amazon,A3267,Home Decor,Telangana,1884,2
2024-02-14,Amazon,A3581,Accessories,Chhattisgarh,792,2
2024-02-14,Amazon,A2183,Clothes,Madhya Pradesh,633,1
2024-02-14,Amazon,A3370,Grocery,Karnataka,2080,5
2024-02-14,Amazon,A8137,Home Decor,Rajasthan,811,1
2024-02-14,Amazon,A4002,Home Decor,Tamil Nadu,232,2
2024-02-14,Amazon,A2007,Electronics,Andhra Pradesh,4690,5
2024-02-14,Amazon,A4957,Home Decor,Assam,1202,2
2024-02-14,Amazon,A9779,Clothes,Punjab,471,3
2024-02-14,Amazon,A9263,Accessories,Chhattisgarh,1215,3
2024-02-14,Amazon,A3295,Home Decor,West Bengal,4775,5
2024-02-15,Amazon,A6114,Electronics,Maharashtra,971,1
2024-02-15,Amazon,A9626,Grocery,Uttar Pradesh,3848,4
2024-02-15,Amazon,A6981,Accessories,Uttarakhand,2763,3
2024-02-15,Amazon,A4558,Accessories,Kerala,1005,5
2024-02-15,Amazon,A8982,Grocery,Andhra Pradesh,4885,5
2024-02-15,Amazon,A7892,Home Decor,Karnataka,3836,4
2024-02-15,Amazon,A8890,Electronics,Odisha,1452,4
2024-02-15,Amazon,A4535,Accessories,Punjab,3290,5
2024-02-15,Amazon,A9068,Accessories,Uttar Pradesh,820,4
2024-02-15,Amazon,A4104,Home Decor,West Bengal,404,2
2024-02-15,Amazon,A6484,Clothes,Haryana,2936,4
2024-02-15,Amazon,A9914,Home Decor,Uttarakhand,278,1
2024-02-15,Amazon,A1266,Clothes,Rajasthan,603,3
2024-02-15,Amazon,A2936,Clothes,Punjab,514,2
2024-02-15,Amazon,A4724,Clothes,Telangana,442,2
2024-02-15,Amazon,A6481,Home Decor,Chhattisgarh,948,3
2024-02-15,Amazon,A5784,Clothes,Telangana,3275,5
2024-02-15,Amazon,A6677,Grocery,Bihar,1392,3
2024-02-15,Amazon,A2743,Electronics,Uttar Pradesh,1348,4
2024-02-15,Amazon,A5129,Grocery,Tamil Nadu,1149,3
2024-02-16,Amazon,A6555,Grocery,Karnataka,474,3
2024-02-16,Amazon,A3230,Electronics,Punjab,260,2
2024-02-16,Amazon,A9109,Home Decor,Madhya Pradesh,1936,2
2024-02-16,Amazon,A2871,Electronics,Maharashtra,452,2
2024-02-16,Amazon,A7598,Clothes,Gujarat,1275,3
2024-02-16,Amazon,A6743,Grocery,Karnataka,3756,4
2024-02-16,Amazon,A6655,Clothes,Punjab,612,1
2024-02-16,Amazon,A1129,Grocery,Maharashtra,1198,2
2024-02-16,Amazon,A1292,Clothes,Uttarakhand,242,1
2024-02-16,Amazon,A9933,Home Decor,Maharashtra,552,3
2024-02-16,Amazon,A9251,Clothes,Karnataka,353,1
2024-02-16,Amazon,A2653,Clothes,Haryana,858,1
2024-02-16,Amazon,A6606,Accessories,Bihar,3464,4
2024-02-16,Amazon,A6851,Home Decor,Tamil Nadu,2697,3
2024-02-16,Amazon,A1706,Grocery,Maharashtra,1002,3
2024-02-16,Amazon,A3174,Grocery,Haryana,584,1
2024-02-16,Amazon,A6380,Clothes,Bihar,1848,4
2024-02-16,Amazon,A7420,Grocery,Karnataka,743,1
2024-02-16,Amazon,A8600,Home Decor,Chhattisgarh,1208,4
2024-02-16,Amazon,A1325,Home Decor,Assam,3092,4
2024-02-16,Amazon,A5361,Home Decor,Uttarakhand,622,2
2024-02-17,Amazon,A8138,Grocery,Tamil Nadu,1608,3
2024-02-17,Amazon,A5378,Home Decor,Madhya Pradesh,2935,5
2024-02-17,Amazon,A3231,Home Decor,Haryana,603,1
2024-02-17,Amazon,A3975,Grocery,Bihar,744,2
2024-02-17,Amazon,A8516,Electronics,Uttar Pradesh,1635,3
2024-02-17,Amazon,A3608,Accessories,Uttarakhand,2097,3
2024-02-17,Amazon,A4124,Home Decor,Tamil Nadu,300,1
2024-02-17,Amazon,A6756,Clothes,West Bengal,3525,5
2024-02-17,Amazon,A3883,Clothes,Haryana,687,3
2024-02-17,Amazon,A4760,Electronics,Punjab,867,1
2024-02-17,Amazon,A4484,Grocery,West Bengal,2055,5
2024-02-17,Amazon,A2000,Electronics,Madhya Pradesh,4670,5
2024-02-17,Amazon,A8247,Electronics,Rajasthan,1826,2
2024-02-17,Amazon,A1151,Electronics,Madhya Pradesh,1566,2
2024-02-17,Amazon,A4942,Grocery,Haryana,1756,4
2024-02-17,Amazon,A4535,Electronics,Tamil Nadu,972,1
2024-02-17,Amazon,A9432,Home Decor,Assam,648,4
2024-02-17,Amazon,A1246,Clothes,Haryana,576,1
2024-02-17,Amazon,A3528,Home Decor,Maharashtra,2355,3
2024-02-17,Amazon,A8558,Grocery,Punjab,3116,4
2024-02-17,Amazon,A1942,Electronics,Chhattisgarh,1912,4
2024-02-17,Amazon,A7507,Accessories,Telangana,1590,2
2024-02-17,Amazon,A2526,Home Decor,Tamil Nadu,1524,4
2024-02-17,Amazon,A7908,Accessories,Haryana,450,1
2024-02-17,Amazon,A3823,Electronics,Gujarat,3592,4
2024-02-17,Amazon,A3827,Electronics,Haryana,473,1
2024-02-17,Amazon,A6530,Electronics,Bihar,424,2
2024-02-17,Amazon,A7780,Grocery,West Bengal,1265,5
2024-02-18,Amazon,A5414,Grocery,Maharashtra,262,2
2024-02-18,Amazon,A8501,Home Decor,Punjab,1532,4
2024-02-18,Amazon,A3093,Accessories,Kerala,2440,5
2024-02-18,Amazon,A7050,Electronics,Andhra Pradesh,504,1
2024-02-18,Amazon,A4081,Electronics,Uttarakhand,504,1
2024-02-18,Amazon,A1920,Electronics,Kerala,3476,4
2024-02-18,Amazon,A6647,Clothes,Kerala,508,4
2024-02-18,Amazon,A2244,Home Decor,Uttar Pradesh,252,2
2024-02-18,Amazon,A9005,Clothes,Punjab,235,1
2024-02-18,Amazon,A5465,Grocery,Uttarakhand,2175,3
2024-02-18,Amazon,A2604,Clothes,Rajasthan,955,1
2024-02-18,Amazon,A4105,Clothes,Haryana,1618,2
2024-02-18,Amazon,A3670,Home Decor,Madhya Pradesh,1119,3
2024-02-18,Amazon,A1214,Clothes,Kerala,4575,5
2024-02-18,Amazon,A2013,Grocery,Maharashtra,4795,5
2024-02-18,Amazon,A4106,Grocery,Jharkhand,817,1
2024-02-18,Amazon,A8661,Home Decor,Gujarat,121,1
2024-02-18,Amazon,A5476,Home Decor,Chhattisgarh,1737,3
2024-02-18,Amazon,A2215,Clothes,Andhra Pradesh,2796,4
2024-02-18,Amazon,A8670,Grocery,Jharkhand,707,1
2024-02-18,Amazon,A2812,Accessories,Uttarakhand,4250,5
2024-02-18,Amazon,A9512,Accessories,Bihar,497,1
2024-02-18,Amazon,A1740,Clothes,Karnataka,798,1
2024-02-18,Amazon,A4031,Electronics,Telangana,3968,4
2024-02-18,Amazon,A2209,Home Decor,Chhattisgarh,576,2
2024-02-18,Amazon,A1903,Accessories,Tamil Nadu,773,1
2024-02-18,Amazon,A1218,Electronics,Uttarakhand,503,1
2024-02-18,Amazon,A4574,Grocery,Tamil Nadu,4545,5
2024-02-18,Amazon,A4779,Accessories,Assam,658,2
2024-02-18,Amazon,A6245,Accessories,West Bengal,638,2
2024-02-18,Amazon,A6226,Accessories,Kerala,2640,5
2024-02-18,Amazon,A3394,Grocery,Haryana,1836,2
2024-02-18,Amazon,A7306,Clothes,Chhattisgarh,2808,4
2024-02-18,Amazon,A9565,Electronics,Chhattisgarh,432,2
2024-02-18,Amazon,A9747,Accessories,Andhra Pradesh,1593,3
2024-02-18,Amazon,A2217,Accessories,Delhi,3245,5
2024-02-18,Amazon,A2101,Electronics,Madhya Pradesh,3500,5
2024-02-18,Amazon,A9033,Accessories,Andhra Pradesh,3645,5
2024-02-19,Amazon,A5097,Home Decor,Uttar Pradesh,2691,3
2024-02-19,Amazon,A7243,Accessories,Uttar Pradesh,3840,4
2024-02-19,Amazon,A9850,Grocery,Gujarat,3208,4
2024-02-19,Amazon,A6499,Accessories,Maharashtra,245,1
2024-02-19,Amazon,A3265,Accessories,Rajasthan,707,1
2024-02-19,Amazon,A4003,Home Decor,Bihar,372,2
2024-02-19,Amazon,A4806,Home Decor,Delhi,1932,2
2024-02-19,Amazon,A3040,Electronics,Jharkhand,1401,3
2024-02-19,Amazon,A3207,Clothes,Andhra Pradesh,564,2
2024-02-19,Amazon,A2243,Accessories,Gujarat,482,1
2024-02-19,Amazon,A4770,Clothes,Kerala,3570,5
2024-02-19,Amazon,A3785,Home Decor,Assam,4455,5
2024-02-19,Amazon,A9015,Home Decor,Andhra Pradesh,1386,2
2024-02-19,Amazon,A1953,Home Decor,Uttarakhand,3184,4
2024-02-19,Amazon,A6893,Accessories,Jharkhand,1320,2
2024-02-19,Amazon,A3709,Home Decor,Madhya Pradesh,2916,3
2024-02-19,Amazon,A7771,Clothes,Assam,2732,4
2024-02-19,Amazon,A1776,Accessories,Tamil Nadu,1398,3
2024-02-19,Amazon,A3228,Clothes,Punjab,2130,3
2024-02-19,Amazon,A5706,Clothes,Bihar,840,2
2024-02-19,Amazon,A7360,Home Decor,Haryana,3075,5
2024-02-19,Amazon,A5115,Home Decor,Delhi,815,1
2024-02-19,Amazon,A9360,Grocery,Punjab,1755,3
2024-02-19,Amazon,A5001,Clothes,Jharkhand,2388,3
2024-02-19,Amazon,A3230,Grocery,Odisha,784,4
2024-02-19,Amazon,A9821,Accessories,Punjab,681,1
2024-02-19,Amazon,A2568,Accessories,Maharashtra,2955,3
2024-02-19,Amazon,A7082,Accessories,Maharashtra,468,3
2024-02-19,Amazon,A2766,Clothes,Madhya Pradesh,138,1
2024-02-19,Amazon,A2899,Electronics,Haryana,306,1
2024-02-19,Amazon,A8716,Home Decor,Madhya Pradesh,4825,5
2024-02-19,Amazon,A8829,Clothes,Uttar Pradesh,226,1
2024-02-19,Amazon,A8003,Accessories,Kerala,962,1
2024-02-19,Amazon,A6219,Clothes,Rajasthan,824,4
2024-02-19,Amazon,A7650,Home Decor,Delhi,877,1
2024-02-19,Amazon,A1720,Grocery,Andhra Pradesh,325,1
2024-02-19,Amazon,A2662,Electronics,Kerala,2319,3
2024-02-19,Amazon,A8124,Accessories,Assam,980,5
2024-02-19,Amazon,A8938,Home Decor,Madhya Pradesh,834,1
2024-02-19,Amazon,A9415,Home Decor,Odisha,558,1
2024-02-20,Amazon,A5345,Electronics,Uttarakhand,2120,5
2024-02-20,Amazon,A1671,Grocery,West Bengal,1472,2
2024-02-20,Amazon,A2851,Home Decor,Madhya Pradesh,1230,3
2024-02-20,Amazon,A5280,Grocery,Chhattisgarh,3148,4
2024-02-20,Amazon,A7708,Clothes,Gujarat,620,1
2024-02-20,Amazon,A6983,Accessories,Delhi,1574,2
2024-02-20,Amazon,A7941,Accessories,Punjab,996,4
2024-02-20,Amazon,A2971,Clothes,Bihar,558,1
2024-02-20,Amazon,A4166,Electronics,Andhra Pradesh,360,3
2024-02-20,Amazon,A3467,Home Decor,Tamil Nadu,1610,5
2024-02-20,Amazon,A4140,Electronics,Jharkhand,2376,3
2024-02-20,Amazon,A9328,Electronics,Chhattisgarh,2040,4
2024-02-20,Amazon,A2489,Clothes,Telangana,2340,5
2024-02-20,Amazon,A4621,Clothes,Chhattisgarh,995,1
2024-02-20,Amazon,A5587,Grocery,Uttarakhand,2000,2
2024-02-20,Amazon,A5112,Grocery,Gujarat,388,1
2024-02-20,Amazon,A9026,Grocery,Andhra Pradesh,357,3
2024-02-20,Amazon,A5078,Grocery,Maharashtra,705,1
2024-02-20,Amazon,A2961,Accessories,Delhi,1460,5
2024-02-20,Amazon,A9550,Electronics,West Bengal,2163,3
2024-02-20,Amazon,A9651,Clothes,Maharashtra,1156,2
2024-02-20,Amazon,A4812,Clothes,Andhra Pradesh,1062,2
2024-02-20,Amazon,A4539,Grocery,Jharkhand,162,1
2024-02-21,Amazon,A3913,Accessories,Kerala,387,1
2024-02-21,Amazon,A1583,Accessories,Odisha,799,1
2024-02-21,Amazon,A4682,Clothes,Haryana,2793,3
2024-02-21,Amazon,A3358,Electronics,Punjab,788,4
2024-02-21,Amazon,A8671,Clothes,Delhi,206,2
2024-02-21,Amazon,A7967,Home Decor,West Bengal,1272,4
2024-02-21,Amazon,A7748,Accessories,Maharashtra,2247,3
2024-02-21,Amazon,A5310,Grocery,Chhattisgarh,164,1
2024-02-21,Amazon,A8934,Clothes,Tamil Nadu,276,2
2024-02-21,Amazon,A6192,Home Decor,Uttarakhand,840,4
2024-02-21,Amazon,A1834,Grocery,Telangana,1734,3
2024-02-21,Amazon,A2749,Electronics,Punjab,1263,3
2024-02-21,Amazon,A5156,Grocery,Telangana,2195,5
2024-02-21,Amazon,A3371,Electronics,Rajasthan,1890,5
2024-02-21,Amazon,A9395,Grocery,Tamil Nadu,3240,4
2024-02-21,Amazon,A1907,Home Decor,Uttar Pradesh,1026,2
2024-02-21,Amazon,A1845,Clothes,Punjab,586,1
2024-02-21,Amazon,A2491,Accessories,Jharkhand,1452,2
2024-02-21,Amazon,A6103,Grocery,Gujarat,990,2
2024-02-21,Amazon,A9231,Electronics,Punjab,246,1
2024-02-21,Amazon,A6772,Accessories,Punjab,4450,5
2024-02-21,Amazon,A5360,Grocery,Telangana,1300,5
2024-02-21,Amazon,A4412,Electronics,Punjab,742,1
2024-02-21,Amazon,A2784,Clothes,Karnataka,643,1
2024-02-21,Amazon,A7366,Clothes,Jharkhand,546,1
2024-02-21,Amazon,A5327,Grocery,Punjab,4345,5
2024-02-21,Amazon,A7146,Home Decor,Maharashtra,4660,5
2024-02-21,Amazon,A9677,Accessories,Chhattisgarh,1310,5
2024-02-21,Amazon,A7886,Clothes,Haryana,2500,4
2024-02-22,Amazon,A5484,Electronics,Karnataka,611,1
2024-02-22,Amazon,A8101,Home Decor,Delhi,2735,5
2024-02-22,Amazon,A5568,Accessories,West Bengal,3120,5
2024-02-22,Amazon,A8887,Electronics,Rajasthan,690,1
2024-02-22,Amazon,A4910,Clothes,Tamil Nadu,1734,2
2024-02-22,Amazon,A7924,Grocery,Bihar,1767,3
2024-02-22,Amazon,A1451,Clothes,Maharashtra,3204,4
2024-02-22,Amazon,A7884,Electronics,Delhi,1876,4
2024-02-22,Amazon,A2691,Grocery,Bihar,1371,3
2024-02-22,Amazon,A5117,Grocery,Bihar,460,2
2024-02-22,Amazon,A7349,Electronics,Gujarat,2772,4
2024-02-22,Amazon,A6623,Clothes,Telangana,672,2
2024-02-22,Amazon,A8034,Clothes,West Bengal,540,5
2024-02-22,Amazon,A1150,Electronics,Delhi,2228,4
2024-02-22,Amazon,A3930,Grocery,Karnataka,2230,5
2024-02-22,Amazon,A9678,Grocery,Uttarakhand,481,1
2024-02-22,Amazon,A3877,Accessories,Bihar,3564,4
2024-02-22,Amazon,A8299,Clothes,West Bengal,3210,5
2024-02-22,Amazon,A9465,Accessories,Kerala,1089,3
2024-02-22,Amazon,A5151,Home Decor,Telangana,904,4
2024-02-22,Amazon,A2797,Grocery,Uttarakhand,2496,3
2024-02-22,Amazon,A6086,Grocery,Jharkhand,1304,2
2024-02-22,Amazon,A1289,Grocery,Bihar,521,1
2024-02-22,Amazon,A2324,Accessories,Delhi,443,1
2024-02-23,Amazon,A2756,Accessories,Andhra Pradesh,935,1
2024-02-23,Amazon,A6739,Electronics,Delhi,992,4
2024-02-23,Amazon,A2986,Accessories,West Bengal,558,2
2024-02-23,Amazon,A7427,Electronics,Odisha,2810,5
2024-02-23,Amazon,A7081,Accessories,Telangana,2394,3
2024-02-23,Amazon,A3691,Home Decor,Punjab,1275,3
2024-02-23,Amazon,A3583,Electronics,Jharkhand,2970,5
2024-02-23,Amazon,A1242,Home Decor,Punjab,1240,5
2024-02-23,Amazon,A5097,Grocery,Jharkhand,854,1
2024-02-23,Amazon,A2098,Grocery,Uttar Pradesh,3220,4
2024-02-23,Amazon,A9540,Home Decor,Karnataka,1748,2
2024-02-23,Amazon,A8649,Clothes,Andhra Pradesh,822,3
2024-02-23,Amazon,A3990,Clothes,Punjab,285,1
2024-02-23,Amazon,A8216,Accessories,Kerala,1140,3
2024-02-23,Amazon,A9843,Home Decor,Andhra Pradesh,2520,3
2024-02-23,Amazon,A7666,Grocery,Telangana,899,1
2024-02-23,Amazon,A8214,Clothes,Uttar Pradesh,351,1
2024-02-23,Amazon,A1157,Grocery,Karnataka,1096,4
2024-02-23,Amazon,A3561,Home Decor,Punjab,794,2
2024-02-23,Amazon,A9348,Clothes,Bihar,2252,4
2024-02-23,Amazon,A7991,Electronics,Rajasthan,3130,5
2024-02-23,Amazon,A1715,Clothes,Karnataka,1434,2
2024-02-23,Amazon,A3727,Home Decor,West Bengal,2508,3
2024-02-23,Amazon,A2771,Clothes,Odisha,438,2
2024-02-23,Amazon,A9743,Accessories,Bihar,822,3
2024-02-23,Amazon,A5103,Grocery,Delhi,1830,3
2024-02-23,Amazon,A5036,Grocery,West Bengal,4380,5
2024-02-23,Amazon,A8501,Home Decor,Assam,3828,4
2024-02-23,Amazon,A5946,Accessories,Haryana,820,4
2024-02-23,Amazon,A7756,Accessories,Haryana,178,1
2024-02-23,Amazon,A4016,Clothes,West Bengal,2775,5
2024-02-23,Amazon,A5398,Clothes,Gujarat,1002,2
2024-02-23,Amazon,A6814,Electronics,Assam,753,1
2024-02-23,Amazon,A1716,Clothes,Assam,1560,5
2024-02-23,Amazon,A4584,Electronics,West Bengal,828,3
2024-02-23,Amazon,A5137,Clothes,Delhi,1260,5
2024-02-23,Amazon,A6528,Electronics,Andhra Pradesh,136,1
2024-02-24,Amazon,A3815,Grocery,Jharkhand,1596,4
2024-02-24,Amazon,A6090,Electronics,Delhi,540,5
2024-02-24,Amazon,A1966,Electronics,Uttar Pradesh,1918,2
2024-02-24,Amazon,A3443,Clothes,Punjab,1814,2
2024-02-24,Amazon,A8798,Home Decor,Bihar,2124,4
2024-02-24,Amazon,A9150,Accessories,Bihar,534,3
2024-02-24,Amazon,A5340,Clothes,Jharkhand,1864,4
2024-02-24,Amazon,A7054,Accessories,Rajasthan,1890,2
2024-02-24,Amazon,A4060,Electronics,Andhra Pradesh,335,1
2024-02-24,Amazon,A7290,Home Decor,Punjab,1302,3
2024-02-24,Amazon,A1995,Clothes,Haryana,760,5
2024-02-24,Amazon,A7303,Accessories,Delhi,2280,3
2024-02-24,Amazon,A8234,Grocery,Rajasthan,1413,3
2024-02-24,Amazon,A1216,Accessories,Kerala,2915,5
2024-02-24,Amazon,A5233,Grocery,Rajasthan,2592,3
2024-02-24,Amazon,A4935,Electronics,Madhya Pradesh,584,2
2024-02-24,Amazon,A8467,Clothes,Bihar,2765,5
2024-02-24,Amazon,A8447,Clothes,Odisha,494,2
2024-02-24,Amazon,A7626,Clothes,Maharashtra,2724,4
2024-02-24,Amazon,A4646,Home Decor,Haryana,1558,2
2024-02-24,Amazon,A6217,Accessories,Punjab,2436,3
2024-02-24,Amazon,A7673,Grocery,Kerala,442,1
2024-02-24,Amazon,A6119,Grocery,Tamil Nadu,2468,4
2024-02-24,Amazon,A1577,Grocery,Uttarakhand,1342,2
2024-02-24,Amazon,A4355,Grocery,Bihar,598,1
2024-02-24,Amazon,A9081,Accessories,Punjab,466,1
2024-02-24,Amazon,A8566,Grocery,Kerala,1854,2
2024-02-24,Amazon,A6287,Home Decor,Gujarat,3755,5
2024-02-24,Amazon,A2450,Electronics,Uttar Pradesh,990,5
2024-02-24,Amazon,A8818,Electronics,Assam,508,4
2024-02-24,Amazon,A1417,Home Decor,West Bengal,2525,5
2024-02-24,Amazon,A4355,Accessories,Haryana,2184,4
2024-02-24,Amazon,A7403,Grocery,Uttar Pradesh,161,1
2024-02-24,Amazon,A4347,Electronics,Bihar,3584,4
2024-02-24,Amazon,A9873,Electronics,Chhattisgarh,963,1
2024-02-25,Amazon,A1276,Home Decor,Uttar Pradesh,208,1
2024-02-25,Amazon,A5127,Grocery,Karnataka,762,3
2024-02-25,Amazon,A7955,Home Decor,Maharashtra,3465,5
2024-02-25,Amazon,A1017,Home Decor,Uttarakhand,2684,4
2024-02-25,Amazon,A9549,Electronics,Kerala,1095,3
2024-02-25,Amazon,A1622,Accessories,Delhi,1676,2
2024-02-25,Amazon,A5905,Home Decor,Assam,218,2
2024-02-25,Amazon,A7260,Grocery,Punjab,764,2
2024-02-25,Amazon,A1313,Accessories,Punjab,786,1
2024-02-25,Amazon,A5291,Home Decor,Telangana,2064,3
2024-02-25,Amazon,A5301,Clothes,Bihar,940,2
2024-02-25,Amazon,A7770,Clothes,Maharashtra,2847,3
2024-02-25,Amazon,A1480,Accessories,Punjab,2622,3
2024-02-25,Amazon,A4874,Electronics,Jharkhand,264,1
2024-02-25,Amazon,A4281,Home Decor,Uttar Pradesh,1340,2
2024-02-25,Amazon,A3027,Grocery,Odisha,1076,2
2024-02-25,Amazon,A7607,Grocery,Tamil Nadu,348,2
2024-02-25,Amazon,A9281,Grocery,Punjab,2076,4
2024-02-25,Amazon,A7930,Accessories,Assam,1906,2
2024-02-25,Amazon,A7490,Grocery,Gujarat,2781,3
2024-02-25,Amazon,A9352,Clothes,Punjab,476,4
2024-02-25,Amazon,A2935,Electronics,Telangana,2485,5
2024-02-25,Amazon,A5817,Home Decor,Uttarakhand,1330,2
2024-02-25,Amazon,A2355,Electronics,Assam,2007,3
2024-02-25,Amazon,A2292,Home Decor,Bihar,875,5
2024-02-25,Amazon,A2180,Accessories,West Bengal,810,3
2024-02-25,Amazon,A7171,Home Decor,Assam,3684,4
2024-02-26,Amazon,A1943,Accessories,Gujarat,158,1
2024-02-26,Amazon,A2299,Grocery,Jharkhand,1008,2
2024-02-26,Amazon,A1414,Grocery,Kerala,1762,2
2024-02-26,Amazon,A4912,Clothes,Karnataka,2192,4
2024-02-26,Amazon,A7633,Grocery,Jharkhand,578,2
2024-02-26,Amazon,A5568,Home Decor,Maharashtra,958,2
2024-02-26,Amazon,A3657,Home Decor,Uttar Pradesh,142,1
2024-02-26,Amazon,A8128,Accessories,Maharashtra,4635,5
2024-02-26,Amazon,A4898,Electronics,Kerala,3676,4
2024-02-26,Amazon,A5097,Clothes,Bihar,2680,5
2024-02-26,Amazon,A4786,Grocery,Rajasthan,921,1
2024-02-26,Amazon,A5464,Grocery,Jharkhand,2685,5
2024-02-26,Amazon,A2353,Grocery,Tamil Nadu,804,4
2024-02-26,Amazon,A3599,Electronics,Gujarat,645,3
2024-02-26,Amazon,A9258,Home Decor,Telangana,879,3
2024-02-26,Amazon,A4780,Accessories,Assam,1260,2
2024-02-26,Amazon,A2888,Clothes,Bihar,2367,3
2024-02-26,Amazon,A7361,Grocery,Andhra Pradesh,3908,4
2024-02-26,Amazon,A8121,Accessories,Delhi,210,2
2024-02-26,Amazon,A2328,Accessories,Haryana,1056,4
2024-02-26,Amazon,A2536,Home Decor,Bihar,1377,3
2024-02-26,Amazon,A6920,Accessories,West Bengal,1180,2
2024-02-26,Amazon,A7023,Grocery,Karnataka,888,1
2024-02-26,Amazon,A7338,Accessories,Odisha,457,1
2024-02-26,Amazon,A3315,Electronics,Haryana,1554,3
2024-02-26,Amazon,A2526,Grocery,Delhi,459,3
2024-02-26,Amazon,A6371,Grocery,Gujarat,2190,3
2024-02-26,Amazon,A5449,Accessories,Odisha,608,4
2024-02-26,Amazon,A5544,Home Decor,Karnataka,406,1
2024-02-26,Amazon,A8670,Accessories,Punjab,2160,3
2024-02-26,Amazon,A7732,Accessories,Maharashtra,880,4
2024-02-26,Amazon,A5284,Grocery,Rajasthan,952,4
2024-02-26,Amazon,A9148,Grocery,Madhya Pradesh,1824,2
2024-02-26,Amazon,A9166,Grocery,Tamil Nadu,1012,2
2024-02-26,Amazon,A8439,Electronics,Chhattisgarh,540,3
2024-02-26,Amazon,A1306,Grocery,Assam,1915,5
2024-02-26,Amazon,A7349,Accessories,West Bengal,1984,4
2024-02-26,Amazon,A6918,Home Decor,Maharashtra,2268,4
2024-02-26,Amazon,A8278,Electronics,Tamil Nadu,574,1
2024-02-26,Amazon,A4789,Home Decor,Tamil Nadu,3784,4
2024-02-27,Amazon,A4962,Clothes,Uttar Pradesh,1348,4
2024-02-27,Amazon,A3066,Clothes,Jharkhand,964,1
2024-02-27,Amazon,A2459,Home Decor,Maharashtra,1560,2
2024-02-27,Amazon,A9662,Electronics,Maharashtra,519,3
2024-02-27,Amazon,A1539,Home Decor,Punjab,2415,5
2024-02-27,Amazon,A2607,Clothes,Haryana,1520,4
2024-02-27,Amazon,A6947,Accessories,West Bengal,2853,3
2024-02-27,Amazon,A5957,Electronics,Delhi,986,1
2024-02-27,Amazon,A3397,Clothes,Chhattisgarh,1128,4
2024-02-27,Amazon,A4952,Clothes,Maharashtra,1998,2
2024-02-27,Amazon,A4320,Electronics,Uttar Pradesh,1752,3
2024-02-27,Amazon,A6564,Electronics,Chhattisgarh,1041,3
2024-02-27,Amazon,A9399,Home Decor,Rajasthan,392,2
2024-02-27,Amazon,A1044,Grocery,Delhi,699,3
2024-02-27,Amazon,A7137,Grocery,Uttarakhand,208,1
2024-02-27,Amazon,A9009,Grocery,Karnataka,384,2
2024-02-27,Amazon,A3806,Clothes,Gujarat,1694,2
2024-02-27,Amazon,A1990,Grocery,Chhattisgarh,1692,4
2024-02-27,Amazon,A5834,Accessories,Jharkhand,991,1
2024-02-27,Amazon,A9313,Clothes,Andhra Pradesh,2605,5
2024-02-27,Amazon,A7135,Home Decor,Kerala,740,5
2024-02-27,Amazon,A7231,Accessories,West Bengal,3040,5
2024-02-27,Amazon,A9593,Home Decor,Madhya Pradesh,2600,5
2024-02-27,Amazon,A4199,Clothes,Uttarakhand,1525,5
2024-02-27,Amazon,A2735,Grocery,Jharkhand,436,1
2024-02-27,Amazon,A8425,Clothes,West Bengal,756,1
2024-02-27,Amazon,A8103,Home Decor,Karnataka,176,1
2024-02-28,Amazon,A4409,Clothes,Bihar,408,2
2024-02-28,Amazon,A8271,Accessories,Rajasthan,828,4
2024-02-28,Amazon,A9809,Electronics,Assam,952,2
2024-02-28,Amazon,A3453,Clothes,Chhattisgarh,3720,4
2024-02-28,Amazon,A4124,Grocery,Uttar Pradesh,436,1
2024-02-28,Amazon,A2188,Electronics,Bihar,3000,3
2024-02-28,Amazon,A6609,Home Decor,Kerala,536,2
2024-02-28,Amazon,A4501,Grocery,Maharashtra,2610,5
2024-02-28,Amazon,A9937,Accessories,Madhya Pradesh,2536,4
2024-02-28,Amazon,A7542,Accessories,Kerala,941,1
2024-02-28,Amazon,A5519,Accessories,Jharkhand,1312,4
2024-02-28,Amazon,A7385,Accessories,Rajasthan,570,2
2024-02-28,Amazon,A7596,Accessories,Delhi,2944,4
2024-02-28,Amazon,A4968,Grocery,Uttarakhand,2328,4
2024-02-28,Amazon,A6746,Home Decor,West Bengal,2964,4
2024-02-28,Amazon,A7169,Clothes,Gujarat,1924,2
2024-02-28,Amazon,A4386,Clothes,Madhya Pradesh,1086,2
2024-02-28,Amazon,A2550,Electronics,West Bengal,3510,5
2024-02-28,Amazon,A1584,Grocery,West Bengal,2820,4
2024-02-28,Amazon,A2481,Grocery,Telangana,3992,4
2024-02-28,Amazon,A1034,Grocery,Karnataka,3884,4
2024-02-28,Amazon,A8946,Grocery,Delhi,736,2
2024-02-28,Amazon,A2633,Grocery,Karnataka,1604,2
2024-02-28,Amazon,A4521,Electronics,Tamil Nadu,1636,4
2024-02-28,Amazon,A6003,Grocery,Uttar Pradesh,3210,5
2024-02-28,Amazon,A6537,Accessories,Kerala,1128,3
2024-02-29,Amazon,A5277,Clothes,Assam,3108,4
2024-02-29,Amazon,A5301,Home Decor,Telangana,1608,4
2024-02-29,Amazon,A6386,Electronics,Tamil Nadu,879,3
2024-02-29,Amazon,A7523,Grocery,Haryana,1328,4
2024-02-29,Amazon,A7811,Home Decor,Maharashtra,2680,5
2024-02-29,Amazon,A7752,Electronics,Odisha,634,2
2024-02-29,Amazon,A2934,Clothes,Uttarakhand,861,1
2024-02-29,Amazon,A8882,Home Decor,Uttar Pradesh,514,2
2024-02-29,Amazon,A9027,Clothes,Andhra Pradesh,1142,2
2024-02-29,Amazon,A4195,Clothes,Chhattisgarh,980,1
2024-02-29,Amazon,A9286,Grocery,Assam,690,3
2024-02-29,Amazon,A3038,Electronics,West Bengal,2559,3
2024-02-29,Amazon,A3266,Home Decor,Rajasthan,1986,3
2024-02-29,Amazon,A6272,Clothes,Bihar,2790,5
2024-02-29,Amazon,A2088,Accessories,Kerala,773,1
2024-02-29,Amazon,A6690,Clothes,Uttar Pradesh,2088,3
2024-02-29,Amazon,A4807,Accessories,Gujarat,552,1
2024-02-29,Amazon,A6680,Grocery,Gujarat,1748,4
2024-02-29,Amazon,A2919,Clothes,Bihar,636,3
2024-02-29,Amazon,A9947,Accessories,Uttarakhand,900,2
2024-02-29,Amazon,A6718,Clothes,Jharkhand,905,5
2024-02-29,Amazon,A9743,Home Decor,Assam,342,2
2024-02-29,Amazon,A9365,Home Decor,Odisha,1140,5
2024-02-29,Amazon,A6191,Home Decor,Madhya Pradesh,584,2
2024-02-29,Amazon,A1596,Grocery,Andhra Pradesh,2307,3
2024-02-29,Amazon,A1444,Accessories,Chhattisgarh,819,3
2024-02-29,Amazon,A8481,Home Decor,Punjab,252,2
2024-02-29,Amazon,A5550,Grocery,Jharkhand,1595,5
2024-02-29,Amazon,A2863,Clothes,Odisha,1023,3
2024-02-29,Amazon,A9754,Home Decor,Karnataka,924,3
2024-02-29,Amazon,A5074,Home Decor,West Bengal,340,2
2024-02-29,Amazon,A5617,Electronics,Karnataka,116,1
2024-02-29,Amazon,A2510,Home Decor,Maharashtra,1545,5
2024-02-29,Amazon,A4454,Electronics,Uttarakhand,682,1
2024-02-29,Amazon,A8736,Accessories,Maharashtra,2133,3
2024-02-29,Amazon,A4434,Clothes,Odisha,2764,4
2024-02-29,Amazon,A1473,Grocery,Maharashtra,1156,2
2024-03-01,Amazon,A3818,Grocery,Karnataka,230,1
2024-03-01,Amazon,A9995,Clothes,Chhattisgarh,1746,2
2024-03-01,Amazon,A1776,Clothes,Punjab,1692,2
2024-03-01,Amazon,A2775,Clothes,Odisha,2852,4
2024-03-01,Amazon,A9053,Clothes,Kerala,1551,3
2024-03-01,Amazon,A9298,Electronics,Telangana,234,2
2024-03-01,Amazon,A2558,Grocery,Odisha,4210,5
2024-03-01,Amazon,A1597,Clothes,West Bengal,906,2
2024-03-01,Amazon,A7244,Grocery,Maharashtra,741,3
2024-03-01,Amazon,A9700,Clothes,Jharkhand,1142,2
2024-03-01,Amazon,A9995,Home Decor,Maharashtra,2232,3
2024-03-01,Amazon,A4203,Grocery,Odisha,729,1
2024-03-01,Amazon,A2773,Grocery,Rajasthan,1280,2
2024-03-01,Amazon,A8519,Grocery,Uttar Pradesh,732,2
2024-03-01,Amazon,A6843,Accessories,Haryana,1528,4
2024-03-01,Amazon,A5585,Grocery,Chhattisgarh,2048,4
2024-03-01,Amazon,A4965,Grocery,Punjab,2996,4
2024-03-01,Amazon,A2824,Clothes,Uttar Pradesh,1996,4
2024-03-01,Amazon,A8776,Electronics,Odisha,1228,2
2024-03-01,Amazon,A2931,Electronics,Jharkhand,1168,2
2024-03-01,Amazon,A9444,Clothes,Maharashtra,950,5
2024-03-01,Amazon,A9786,Electronics,Maharashtra,2740,5
2024-03-01,Amazon,A9782,Home Decor,Uttarakhand,561,3
2024-03-01,Amazon,A7903,Home Decor,Haryana,4125,5
2024-03-01,Amazon,A6534,Home Decor,Gujarat,212,1
2024-03-01,Amazon,A1801,Accessories,Uttarakhand,3004,4
2024-03-01,Amazon,A6840,Home Decor,Haryana,1470,2
2024-03-01,Amazon,A2148,Home Decor,Tamil Nadu,2412,3
2024-03-01,Amazon,A4209,Clothes,Chhattisgarh,2405,5
2024-03-01,Amazon,A4483,Clothes,Kerala,2184,3
2024-03-01,Amazon,A3529,Clothes,Gujarat,1776,3
2024-03-01,Amazon,A1372,Clothes,Rajasthan,741,1
2024-03-01,Amazon,A1672,Accessories,Bihar,687,1
2024-03-01,Amazon,A8183,Grocery,Rajasthan,656,4
2024-03-01,Amazon,A3274,Clothes,Rajasthan,652,4
2024-03-01,Amazon,A7527,Accessories,Assam,218,1
2024-03-01,Amazon,A9410,Home Decor,Rajasthan,1020,5
2024-03-01,Amazon,A3716,Accessories,Punjab,590,1
2024-03-01,Amazon,A3958,Home Decor,Uttarakhand,484,2
2024-03-02,Amazon,A5948,Electronics,Kerala,854,2
2024-03-02,Amazon,A5811,Clothes,Assam,1516,4
2024-03-02,Amazon,A6518,Clothes,Chhattisgarh,615,5
2024-03-02,Amazon,A9363,Grocery,Odisha,330,1
2024-03-02,Amazon,A6505,Electronics,Maharashtra,2172,4
2024-03-02,Amazon,A8971,Clothes,Kerala,1344,2
2024-03-02,Amazon,A7522,Accessories,Assam,916,1
2024-03-02,Amazon,A5784,Accessories,West Bengal,1800,5
2024-03-02,Amazon,A7517,Clothes,Gujarat,3920,5
2024-03-02,Amazon,A6278,Electronics,West Bengal,1400,5
2024-03-02,Amazon,A4258,Electronics,Maharashtra,3736,4
2024-03-02,Amazon,A6594,Home Decor,West Bengal,420,3
2024-03-02,Amazon,A5849,Electronics,Uttar Pradesh,2523,3
2024-03-02,Amazon,A7935,Electronics,Gujarat,1892,4
2024-03-02,Amazon,A7765,Electronics,Rajasthan,1616,2
2024-03-02,Amazon,A8695,Clothes,Telangana,596,2
2024-03-02,Amazon,A8018,Clothes,Madhya Pradesh,1420,4
2024-03-02,Amazon,A9596,Electronics,Madhya Pradesh,1230,3
2024-03-02,Amazon,A1308,Home Decor,Assam,3892,4
2024-03-02,Amazon,A3259,Home Decor,Uttar Pradesh,321,3
2024-03-02,Amazon,A2325,Accessories,Andhra Pradesh,1526,2
2024-03-02,Amazon,A9604,Accessories,Karnataka,886,1
2024-03-02,Amazon,A5520,Accessories,Uttarakhand,267,1
2024-03-02,Amazon,A7513,Clothes,Maharashtra,980,4
2024-03-02,Amazon,A4950,Electronics,Chhattisgarh,2690,5
2024-03-02,Amazon,A8802,Grocery,Madhya Pradesh,818,2
2024-03-02,Amazon,A5899,Electronics,Andhra Pradesh,2718,3
2024-03-02,Amazon,A4319,Clothes,Gujarat,1278,2
2024-03-02,Amazon,A1357,Electronics,Assam,2316,3
2024-03-02,Amazon,A1614,Clothes,Uttar Pradesh,618,3
2024-03-02,Amazon,A2163,Electronics,Bihar,870,3
2024-03-03,Amazon,A9879,Accessories,Kerala,394,1
2024-03-03,Amazon,A6365,Accessories,Maharashtra,744,1
2024-03-03,Amazon,A2080,Grocery,West Bengal,936,3
2024-03-03,Amazon,A1652,Grocery,Kerala,536,2
2024-03-03,Amazon,A4377,Home Decor,West Bengal,398,2
2024-03-03,Amazon,A9802,Clothes,Tamil Nadu,1094,2
2024-03-03,Amazon,A8376,Grocery,Bihar,3450,5
2024-03-03,Amazon,A5386,Clothes,West Bengal,2905,5
2024-03-03,Amazon,A4781,Accessories,Karnataka,2945,5
2024-03-03,Amazon,A9588,Electronics,Uttar Pradesh,694,2
2024-03-03,Amazon,A3699,Accessories,Jharkhand,433,1
2024-03-03,Amazon,A3951,Accessories,Maharashtra,1401,3
2024-03-03,Amazon,A5311,Grocery,Gujarat,190,1
2024-03-03,Amazon,A5024,Home Decor,Chhattisgarh,2236,4
2024-03-03,Amazon,A7027,Accessories,Kerala,1152,3
2024-03-03,Amazon,A4072,Clothes,Delhi,256,1
2024-03-03,Amazon,A1235,Accessories,Gujarat,2355,5
2024-03-03,Amazon,A8699,Clothes,Bihar,528,3
2024-03-03,Amazon,A8101,Clothes,Karnataka,2720,5
2024-03-03,Amazon,A1628,Home Decor,Kerala,1582,2
2024-03-03,Amazon,A7295,Electronics,Odisha,296,2
2024-03-03,Amazon,A5986,Clothes,Uttar Pradesh,478,1
2024-03-03,Amazon,A7454,Clothes,Madhya Pradesh,1908,3
2024-03-03,Amazon,A4490,Accessories,Assam,1980,5
2024-03-03,Amazon,A4821,Accessories,Kerala,3040,4
2024-03-03,Amazon,A9375,Grocery,Tamil Nadu,237,1
2024-03-03,Amazon,A7284,Clothes,West Bengal,2952,4
2024-03-03,Amazon,A9199,Accessories,Chhattisgarh,532,1
2024-03-03,Amazon,A9577,Clothes,Assam,3890,5
2024-03-03,Amazon,A6678,Accessories,Delhi,2685,5
2024-03-03,Amazon,A2802,Accessories,Telangana,846,1
2024-03-03,Amazon,A1404,Grocery,Telangana,3568,4
2024-03-03,Amazon,A6541,Electronics,Madhya Pradesh,2530,5
2024-03-03,Amazon,A7093,Clothes,Maharashtra,193,1
2024-03-04,Amazon,A3380,Electronics,Uttarakhand,1560,4
2024-03-04,Amazon,A5220,Clothes,Karnataka,1695,3
2024-03-04,Amazon,A4833,Accessories,Madhya Pradesh,880,2
2024-03-04,Amazon,A3543,Accessories,Andhra Pradesh,4895,5
2024-03-04,Amazon,A7511,Home Decor,Tamil Nadu,3348,4
2024-03-04,Amazon,A8918,Grocery,Maharashtra,2196,4
2024-03-04,Amazon,A8296,Home Decor,Telangana,2628,3
2024-03-04,Amazon,A6752,Accessories,Tamil Nadu,2404,4
2024-03-04,Amazon,A3415,Accessories,Telangana,1366,2
2024-03-04,Amazon,A9810,Grocery,Uttarakhand,1125,3
2024-03-04,Amazon,A9957,Grocery,Uttarakhand,217,1
2024-03-04,Amazon,A5356,Grocery,Gujarat,876,3
2024-03-04,Amazon,A3667,Grocery,Bihar,957,1
2024-03-04,Amazon,A7144,Accessories,Odisha,2916,4
2024-03-04,Amazon,A5965,Clothes,Jharkhand,676,4
2024-03-04,Amazon,A5585,Electronics,Madhya Pradesh,928,1
2024-03-04,Amazon,A3660,Clothes,Madhya Pradesh,628,2
2024-03-04,Amazon,A4013,Electronics,Delhi,1440,2
2024-03-04,Amazon,A1656,Home Decor,Uttar Pradesh,233,1
2024-03-04,Amazon,A4463,Clothes,Odisha,498,2
2024-03-04,Amazon,A2796,Accessories,Uttar Pradesh,1940,4
2024-03-04,Amazon,A3257,Home Decor,Telangana,550,1
2024-03-04,Amazon,A4628,Accessories,Assam,2660,4
2024-03-04,Amazon,A6462,Home Decor,West Bengal,1922,2
2024-03-04,Amazon,A2366,Electronics,West Bengal,560,5
2024-03-04,Amazon,A4840,Home Decor,Punjab,449,1
2024-03-04,Amazon,A4572,Home Decor,Bihar,2975,5
2024-03-04,Amazon,A9460,Accessories,Bihar,1788,3
2024-03-04,Amazon,A1913,Electronics,Bihar,531,3
2024-03-04,Amazon,A1176,Clothes,Gujarat,795,5
2024-03-04,Amazon,A9406,Accessories,West Bengal,310,1
2024-03-04,Amazon,A7973,Clothes,Odisha,1548,3
2024-03-04,Amazon,A6819,Home Decor,West Bengal,474,3
2024-03-04,Amazon,A7339,Clothes,Madhya Pradesh,610,5
2024-03-04,Amazon,A8742,Electronics,Delhi,780,5
2024-03-04,Amazon,A4787,Grocery,Uttarakhand,2922,3
2024-03-05,Amazon,A4057,Electronics,Jharkhand,2136,4
2024-03-05,Amazon,A4423,Electronics,Andhra Pradesh,1838,2
2024-03-05,Amazon,A7346,Grocery,Assam,1800,5
2024-03-05,Amazon,A5585,Home Decor,Assam,453,1
2024-03-05,Amazon,A8439,Electronics,Chhattisgarh,3396,4
2024-03-05,Amazon,A4904,Clothes,Telangana,880,1
2024-03-05,Amazon,A7056,Grocery,Bihar,883,1
2024-03-05,Amazon,A5923,Home Decor,Madhya Pradesh,3512,4
2024-03-05,Amazon,A2079,Electronics,Andhra Pradesh,1210,2
2024-03-05,Amazon,A4498,Clothes,Telangana,1574,2
2024-03-05,Amazon,A3831,Electronics,Maharashtra,1101,3
2024-03-05,Amazon,A5410,Home Decor,Chhattisgarh,1716,4
2024-03-05,Amazon,A6777,Grocery,West Bengal,579,1
2024-03-05,Amazon,A2196,Accessories,Maharashtra,1164,2
2024-03-05,Amazon,A7824,Grocery,Punjab,2934,3
2024-03-05,Amazon,A8246,Clothes,Delhi,1816,4
2024-03-05,Amazon,A1436,Clothes,Kerala,1830,3
2024-03-05,Amazon,A3400,Accessories,Delhi,1202,2
2024-03-05,Amazon,A6072,Accessories,Uttar Pradesh,1293,3
2024-03-05,Amazon,A7281,Clothes,Odisha,864,3
2024-03-05,Amazon,A7112,Electronics,Maharashtra,2454,3
2024-03-05,Amazon,A6040,Electronics,Uttar Pradesh,1192,4
2024-03-05,Amazon,A2415,Clothes,West Bengal,1494,3
2024-03-05,Amazon,A2832,Clothes,Madhya Pradesh,623,1
2024-03-05,Amazon,A3624,Grocery,Telangana,146,1
2024-03-05,Amazon,A5451,Accessories,Madhya Pradesh,339,1
2024-03-05,Amazon,A7749,Electronics,Maharashtra,352,1
2024-03-05,Amazon,A8708,Clothes,Karnataka,1536,4
2024-03-05,Amazon,A1127,Grocery,Madhya Pradesh,1850,2
2024-03-05,Amazon,A4897,Accessories,Punjab,2352,3
2024-03-05,Amazon,A8879,Clothes,Assam,824,2
2024-03-05,Amazon,A3247,Clothes,Uttar Pradesh,1810,2
2024-03-05,Amazon,A6603,Electronics,Tamil Nadu,3440,5
2024-03-05,Amazon,A6872,Home Decor,Andhra Pradesh,570,1
2024-03-05,Amazon,A6086,Clothes,Uttar Pradesh,662,1
2024-03-05,Amazon,A7247,Grocery,Assam,2900,4
2024-03-05,Amazon,A5483,Accessories,Kerala,1412,2
2024-03-05,Amazon,A4910,Home Decor,Jharkhand,708,4
2024-03-06,Amazon,A8026,Clothes,Uttarakhand,3252,4
2024-03-06,Amazon,A7953,Electronics,Delhi,423,1
2024-03-06,Amazon,A6089,Electronics,Gujarat,794,2
2024-03-06,Amazon,A8385,Accessories,Maharashtra,791,1
2024-03-06,Amazon,A3237,Clothes,Gujarat,1814,2
2024-03-06,Amazon,A8429,Home Decor,Chhattisgarh,726,2
2024-03-06,Amazon,A3609,Home Decor,Odisha,2404,4
2024-03-06,Amazon,A2032,Accessories,Delhi,2084,4
2024-03-06,Amazon,A1699,Grocery,Delhi,1856,2
2024-03-06,Amazon,A8814,Home Decor,Odisha,703,1
2024-03-06,Amazon,A9651,Electronics,Rajasthan,398,2
2024-03-06,Amazon,A7501,Accessories,Karnataka,365,1
2024-03-06,Amazon,A6804,Home Decor,Karnataka,1749,3
2024-03-06,Amazon,A9741,Clothes,Tamil Nadu,4725,5
2024-03-06,Amazon,A5378,Electronics,Delhi,399,3
2024-03-06,Amazon,A3468,Electronics,Rajasthan,2415,5
2024-03-06,Amazon,A2861,Grocery,Jharkhand,608,2
2024-03-06,Amazon,A4170,Grocery,Telangana,732,2
2024-03-06,Amazon,A6248,Grocery,Madhya Pradesh,1046,2
2024-03-06,Amazon,A4329,Grocery,Uttar Pradesh,343,1
2024-03-06,Amazon,A1613,Home Decor,West Bengal,4780,5
2024-03-06,Amazon,A7664,Grocery,Andhra Pradesh,1444,4
2024-03-06,Amazon,A6435,Accessories,Tamil Nadu,924,3
2024-03-06,Amazon,A2262,Home Decor,Rajasthan,413,1
2024-03-06,Amazon,A9226,Grocery,Delhi,2360,4
2024-03-06,Amazon,A5501,Clothes,Uttarakhand,1516,2
2024-03-06,Amazon,A5904,Clothes,Chhattisgarh,2975,5
2024-03-06,Amazon,A5946,Grocery,Rajasthan,1455,5
2024-03-07,Amazon,A8713,Home Decor,Assam,336,3
2024-03-07,Amazon,A5741,Home Decor,Maharashtra,792,4
2024-03-07,Amazon,A1199,Grocery,Assam,2763,3
2024-03-07,Amazon,A9022,Clothes,Andhra Pradesh,1940,4
2024-03-07,Amazon,A2553,Grocery,Odisha,2500,4
2024-03-07,Amazon,A3144,Clothes,Bihar,780,5
2024-03-07,Amazon,A4339,Home Decor,Odisha,1416,2
2024-03-07,Amazon,A1135,Grocery,Maharashtra,261,1
2024-03-07,Amazon,A7492,Accessories,Gujarat,557,1
2024-03-07,Amazon,A4228,Accessories,Tamil Nadu,205,1
2024-03-07,Amazon,A6448,Electronics,Kerala,2775,5
2024-03-07,Amazon,A9897,Accessories,Delhi,1368,2
2024-03-07,Amazon,A8012,Accessories,Punjab,3924,4
2024-03-07,Amazon,A6079,Electronics,Kerala,1600,4
2024-03-07,Amazon,A7250,Clothes,Chhattisgarh,1866,3
2024-03-07,Amazon,A5069,Accessories,Andhra Pradesh,3140,4
2024-03-07,Amazon,A5852,Accessories,Chhattisgarh,2037,3
2024-03-07,Amazon,A6452,Home Decor,Punjab,3448,4
2024-03-07,Amazon,A1214,Accessories,Maharashtra,4395,5
2024-03-07,Amazon,A5747,Home Decor,Kerala,2250,5
2024-03-07,Amazon,A5705,Clothes,Punjab,360,1
2024-03-07,Amazon,A4871,Home Decor,Karnataka,2096,4
2024-03-07,Amazon,A9060,Electronics,Karnataka,2840,5
2024-03-07,Amazon,A5641,Electronics,Karnataka,973,1
2024-03-07,Amazon,A2339,Electronics,Odisha,1380,4
2024-03-07,Amazon,A3295,Accessories,Kerala,1112,2
2024-03-08,Amazon,A1094,Clothes,Kerala,1580,5
2024-03-08,Amazon,A6993,Grocery,Haryana,814,1
2024-03-08,Amazon,A1935,Accessories,Punjab,1336,2
2024-03-08,Amazon,A6535,Accessories,Telangana,1702,2
2024-03-08,Amazon,A6052,Clothes,Uttarakhand,985,1
2024-03-08,Amazon,A1985,Grocery,Chhattisgarh,2601,3
2024-03-08,Amazon,A3654,Electronics,Telangana,2220,3
2024-03-08,Amazon,A7161,Clothes,Assam,985,1
2024-03-08,Amazon,A4604,Home Decor,Andhra Pradesh,580,4
2024-03-08,Amazon,A3238,Accessories,Jharkhand,801,1
2024-03-08,Amazon,A8165,Accessories,Andhra Pradesh,1428,2
2024-03-08,Amazon,A9190,Electronics,Uttar Pradesh,1646,2
2024-03-08,Amazon,A3212,Home Decor,Delhi,1599,3
2024-03-08,Amazon,A5091,Electronics,Assam,591,1
2024-03-08,Amazon,A1006,Home Decor,Uttar Pradesh,1302,3
2024-03-08,Amazon,A8607,Grocery,Kerala,2108,4
2024-03-08,Amazon,A5210,Accessories,Delhi,1245,3
2024-03-08,Amazon,A9150,Clothes,Bihar,1656,4
2024-03-08,Amazon,A5815,Grocery,Odisha,1560,3
2024-03-08,Amazon,A1529,Electronics,Haryana,4055,5
2024-03-08,Amazon,A1396,Grocery,West Bengal,582,3
2024-03-08,Amazon,A6237,Accessories,Maharashtra,249,1
2024-03-08,Amazon,A9338,Electronics,Jharkhand,768,1
2024-03-08,Amazon,A5994,Clothes,Kerala,851,1
2024-03-09,Amazon,A9731,Grocery,Jharkhand,3585,5
2024-03-09,Amazon,A9197,Accessories,Punjab,146,1
2024-03-09,Amazon,A1342,Grocery,Bihar,882,1
2024-03-09,Amazon,A8846,Electronics,Kerala,3720,4
2024-03-09,Amazon,A8768,Clothes,Madhya Pradesh,220,1
2024-03-09,Amazon,A8570,Grocery,Uttar Pradesh,286,1
2024-03-09,Amazon,A1235,Grocery,Haryana,4010,5
2024-03-09,Amazon,A4975,Home Decor,Uttar Pradesh,4725,5
2024-03-09,Amazon,A4256,Accessories,Madhya Pradesh,905,1
2024-03-09,Amazon,A5835,Home Decor,Haryana,656,1
2024-03-09,Amazon,A3375,Home Decor,Andhra Pradesh,1296,3
2024-03-09,Amazon,A6338,Electronics,Bihar,3424,4
2024-03-09,Amazon,A3450,Electronics,West Bengal,933,3
2024-03-09,Amazon,A1569,Clothes,Chhattisgarh,434,2
2024-03-09,Amazon,A9109,Accessories,Kerala,1562,2
2024-03-09,Amazon,A6441,Grocery,West Bengal,548,1
2024-03-09,Amazon,A3503,Accessories,Rajasthan,1128,3
2024-03-09,Amazon,A5183,Home Decor,Gujarat,1443,3
2024-03-09,Amazon,A2612,Home Decor,Punjab,588,4
2024-03-09,Amazon,A1163,Home Decor,Assam,3768,4
2024-03-09,Amazon,A7109,Clothes,Kerala,876,4
2024-03-09,Amazon,A8928,Home Decor,Uttarakhand,2416,4
2024-03-09,Amazon,A6738,Clothes,Tamil Nadu,2082,3
2024-03-09,Amazon,A2375,Electronics,Telangana,1624,4
2024-03-09,Amazon,A8880,Accessories,Uttar Pradesh,2829,3
2024-03-09,Amazon,A5051,Clothes,Andhra Pradesh,960,4
2024-03-09,Amazon,A9425,Clothes,Delhi,1150,5
2024-03-09,Amazon,A2330,Accessories,Uttar Pradesh,2892,4
2024-03-09,Amazon,A2729,Home Decor,Chhattisgarh,663,1
2024-03-09,Amazon,A7568,Home Decor,Chhattisgarh,1998,2
2024-03-09,Amazon,A7123,Clothes,Gujarat,1304,4
2024-03-09,Amazon,A6073,Accessories,Karnataka,1872,4
2024-03-09,Amazon,A5539,Accessories,Uttar Pradesh,768,1
2024-03-10,Amazon,A9704,Clothes,Uttarakhand,2478,3
2024-03-10,Amazon,A6839,Electronics,Telangana,1736,4
2024-03-10,Amazon,A5585,Electronics,Chhattisgarh,472,1
2024-03-10,Amazon,A3824,Electronics,Chhattisgarh,1560,3
2024-03-10,Amazon,A7114,Grocery,Tamil Nadu,886,2
2024-03-10,Amazon,A2668,Clothes,Rajasthan,3995,5
2024-03-10,Amazon,A1880,Electronics,Assam,988,2
2024-03-10,Amazon,A1387,Grocery,Telangana,1944,4
2024-03-10,Amazon,A1990,Home Decor,Uttarakhand,2425,5
2024-03-10,Amazon,A5637,Clothes,Gujarat,218,1
2024-03-10,Amazon,A2953,Grocery,Odisha,1112,4
2024-03-10,Amazon,A9607,Home Decor,Punjab,393,1
2024-03-10,Amazon,A9320,Clothes,Uttarakhand,289,1
2024-03-10,Amazon,A4040,Clothes,Uttar Pradesh,945,5
2024-03-10,Amazon,A3572,Electronics,Odisha,167,1
2024-03-10,Amazon,A9704,Accessories,Assam,2540,4
2024-03-10,Amazon,A7609,Electronics,West Bengal,1832,4
2024-03-10,Amazon,A7164,Clothes,Uttar Pradesh,1242,3
2024-03-10,Amazon,A7407,Electronics,Chhattisgarh,175,1
2024-03-10,Amazon,A9331,Home Decor,Odisha,694,1
2024-03-10,Amazon,A3979,Grocery,Karnataka,1706,2
2024-03-10,Amazon,A7125,Electronics,Assam,843,3
2024-03-10,Amazon,A9392,Electronics,Madhya Pradesh,1408,4
2024-03-10,Amazon,A7986,Accessories,Haryana,204,1
2024-03-10,Amazon,A8433,Home Decor,Madhya Pradesh,929,1
2024-03-10,Amazon,A8277,Clothes,Assam,2940,4
2024-03-10,Amazon,A2098,Clothes,Odisha,790,5
2024-03-10,Amazon,A2244,Home Decor,Madhya Pradesh,806,1
2024-03-10,Amazon,A8346,Accessories,Assam,584,4
2024-03-10,Amazon,A4295,Grocery,Kerala,1136,2
2024-03-10,Amazon,A5879,Electronics,Madhya Pradesh,777,1
2024-03-10,Amazon,A2634,Home Decor,Bihar,2211,3
2024-03-10,Amazon,A6312,Electronics,Punjab,516,4
2024-03-10,Amazon,A9279,Home Decor,Assam,508,1
2024-03-10,Amazon,A8905,Grocery,Kerala,3050,5
2024-03-11,Amazon,A9939,Clothes,Andhra Pradesh,650,2
2024-03-11,Amazon,A2929,Grocery,Chhattisgarh,557,1
2024-03-11,Amazon,A8442,Electronics,West Bengal,1914,3
2024-03-11,Amazon,A4583,Home Decor,Andhra Pradesh,3292,4
2024-03-11,Amazon,A7504,Accessories,Karnataka,625,5
2024-03-11,Amazon,A3808,Clothes,Tamil Nadu,2172,4
2024-03-11,Amazon,A5386,Accessories,Rajasthan,3720,4
2024-03-11,Amazon,A9720,Home Decor,Karnataka,169,1
2024-03-11,Amazon,A4955,Electronics,Haryana,372,1
2024-03-11,Amazon,A7080,Electronics,Haryana,1920,3
2024-03-11,Amazon,A9869,Home Decor,Gujarat,1402,2
2024-03-11,Amazon,A6218,Home Decor,Haryana,460,4
2024-03-11,Amazon,A5430,Grocery,Uttarakhand,933,3
2024-03-11,Amazon,A8306,Accessories,Rajasthan,1140,5
2024-03-11,Amazon,A8794,Accessories,Gujarat,2552,4
2024-03-11,Amazon,A6101,Clothes,Maharashtra,2679,3
2024-03-11,Amazon,A9598,Home Decor,Assam,1689,3
2024-03-11,Amazon,A5386,Home Decor,Gujarat,4085,5
2024-03-11,Amazon,A1731,Grocery,Uttarakhand,322,2
2024-03-11,Amazon,A5037,Home Decor,Delhi,2496,4
2024-03-11,Amazon,A6100,Clothes,Punjab,982,1
2024-03-11,Amazon,A3724,Home Decor,Uttar Pradesh,179,1
2024-03-11,Amazon,A1748,Electronics,Tamil Nadu,1498,2
2024-03-11,Amazon,A6448,Clothes,Jharkhand,1866,2
2024-03-11,Amazon,A7266,Electronics,West Bengal,932,4
2024-03-11,Amazon,A8310,Home Decor,Punjab,474,2
2024-03-11,Amazon,A9969,Clothes,Haryana,3908,4
2024-03-11,Amazon,A2854,Grocery,Gujarat,1430,2
2024-03-11,Amazon,A3049,Clothes,Maharashtra,1510,5
2024-03-11,Amazon,A1253,Accessories,Tamil Nadu,1856,2
2024-03-11,Amazon,A9427,Grocery,Karnataka,2015,5
2024-03-11,Amazon,A7963,Electronics,West Bengal,443,1
2024-03-11,Amazon,A2610,Electronics,Rajasthan,979,1
2024-03-11,Amazon,A9846,Grocery,Tamil Nadu,1786,2
2024-03-11,Amazon,A3824,Accessories,Haryana,1760,5
2024-03-11,Amazon,A6608,Accessories,Karnataka,1269,3
2024-03-11,Amazon,A1002,Grocery,Karnataka,3360,5
2024-03-12,Amazon,A3145,Accessories,Uttarakhand,197,1
2024-03-12,Amazon,A3132,Clothes,West Bengal,2224,4
2024-03-12,Amazon,A2444,Electronics,Andhra Pradesh,580,4
2024-03-12,Amazon,A5263,Electronics,Rajasthan,2400,5
2024-03-12,Amazon,A6060,Electronics,Uttar Pradesh,922,2
2024-03-12,Amazon,A9726,Accessories,Uttarakhand,524,1
2024-03-12,Amazon,A8938,Accessories,Delhi,3272,4
2024-03-12,Amazon,A3685,Accessories,Andhra Pradesh,3330,5
2024-03-12,Amazon,A8448,Grocery,Haryana,1305,5
2024-03-12,Amazon,A2033,Grocery,Delhi,863,1
2024-03-12,Amazon,A8649,Electronics,Telangana,1101,3
2024-03-12,Amazon,A7611,Home Decor,West Bengal,1626,3
2024-03-12,Amazon,A7171,Clothes,Chhattisgarh,1152,3
2024-03-12,Amazon,A3728,Accessories,Bihar,4315,5
2024-03-12,Amazon,A6491,Home Decor,West Bengal,465,3
2024-03-12,Amazon,A3235,Home Decor,Jharkhand,2185,5
2024-03-12,Amazon,A9397,Clothes,Odisha,1184,2
2024-03-12,Amazon,A2304,Home Decor,Uttarakhand,2760,4
2024-03-12,Amazon,A8810,Accessories,Haryana,779,1
2024-03-12,Amazon,A4006,Accessories,Jharkhand,3840,4
2024-03-12,Amazon,A6815,Clothes,West Bengal,890,1
2024-03-12,Amazon,A1146,Clothes,Uttarakhand,951,3
2024-03-12,Amazon,A7925,Grocery,Haryana,3096,4
2024-03-12,Amazon,A5692,Accessories,Telangana,2310,3
2024-03-12,Amazon,A5818,Grocery,Rajasthan,424,4
2024-03-12,Amazon,A9013,Clothes,Kerala,755,1
2024-03-12,Amazon,A6210,Clothes,Andhra Pradesh,1105,5
2024-03-12,Amazon,A5529,Grocery,Uttar Pradesh,400,1
2024-03-13,Amazon,A9939,Clothes,Kerala,1192,2
2024-03-13,Amazon,A9374,Grocery,Karnataka,885,3
2024-03-13,Amazon,A7668,Electronics,Telangana,408,2
2024-03-13,Amazon,A7156,Clothes,Uttarakhand,223,1
2024-03-13,Amazon,A2554,Grocery,Karnataka,390,3
2024-03-13,Amazon,A9283,Accessories,Madhya Pradesh,3912,4
2024-03-13,Amazon,A4485,Home Decor,Uttar Pradesh,621,1
2024-03-13,Amazon,A1896,Electronics,Uttarakhand,3044,4
2024-03-13,Amazon,A7300,Clothes,Jharkhand,210,2
2024-03-13,Amazon,A8974,Electronics,Uttar Pradesh,189,1
2024-03-13,Amazon,A9370,Accessories,Tamil Nadu,681,3
2024-03-13,Amazon,A1448,Grocery,Rajasthan,1551,3
2024-03-13,Amazon,A9119,Home Decor,Madhya Pradesh,418,2
2024-03-13,Amazon,A4029,Accessories,Kerala,1392,3
2024-03-13,Amazon,A4474,Grocery,Haryana,4320,5
2024-03-13,Amazon,A6212,Electronics,Uttarakhand,1032,3
2024-03-13,Amazon,A1442,Home Decor,Kerala,1918,2
2024-03-13,Amazon,A1014,Home Decor,Bihar,1048,4
2024-03-13,Amazon,A6172,Electronics,Delhi,750,3
2024-03-13,Amazon,A1836,Grocery,Uttar Pradesh,622,1
2024-03-13,Amazon,A9757,Accessories,Chhattisgarh,3355,5
2024-03-13,Amazon,A3391,Grocery,West Bengal,2064,4
2024-03-13,Amazon,A3577,Electronics,Uttarakhand,2538,3
2024-03-13,Amazon,A9670,Accessories,Andhra Pradesh,1925,5
2024-03-13,Amazon,A8873,Accessories,Andhra Pradesh,414,2
2024-03-13,Amazon,A1196,Home Decor,Uttar Pradesh,920,4
2024-03-13,Amazon,A7981,Clothes,Chhattisgarh,1158,2
2024-03-13,Amazon,A6195,Accessories,West Bengal,1902,3
2024-03-13,Amazon,A1436,Accessories,Chhattisgarh,801,3
2024-03-13,Amazon,A9491,Home Decor,Telangana,137,1
2024-03-13,Amazon,A1210,Grocery,Odisha,3415,5
2024-03-13,Amazon,A3968,Electronics,Kerala,864,1
2024-03-13,Amazon,A4601,Home Decor,Telangana,2772,4
2024-03-13,Amazon,A9518,Electronics,Tamil Nadu,1428,3
2024-03-13,Amazon,A7348,Accessories,Rajasthan,2040,3
2024-03-13,Amazon,A4194,Grocery,Punjab,585,3
2024-03-13,Amazon,A8280,Clothes,Delhi,820,5
2024-03-13,Amazon,A6929,Home Decor,Jharkhand,327,3
2024-03-14,Amazon,A1052,Electronics,Rajasthan,261,1
2024-03-14,Amazon,A4154,Clothes,Madhya Pradesh,2928,4
2024-03-14,Amazon,A3212,Electronics,Delhi,1062,2
2024-03-14,Amazon,A2901,Grocery,Kerala,2845,5
2024-03-14,Amazon,A3131,Grocery,Telangana,753,3
2024-03-14,Amazon,A1064,Grocery,Haryana,685,1
2024-03-14,Amazon,A3310,Electronics,Madhya Pradesh,453,3
2024-03-14,Amazon,A4525,Clothes,Madhya Pradesh,456,4
2024-03-14,Amazon,A6580,Home Decor,Bihar,450,2
2024-03-14,Amazon,A1414,Electronics,Rajasthan,913,1
2024-03-14,Amazon,A3547,Grocery,Bihar,2454,3
2024-03-14,Amazon,A2138,Clothes,Telangana,1336,4
2024-03-14,Amazon,A4925,Electronics,Delhi,150,1
2024-03-14,Amazon,A4391,Grocery,Chhattisgarh,901,1
2024-03-14,Amazon,A7372,Electronics,Uttarakhand,3415,5
2024-03-14,Amazon,A6725,Grocery,Haryana,321,1
2024-03-14,Amazon,A1869,Grocery,Gujarat,1304,4
2024-03-14,Amazon,A7920,Home Decor,Madhya Pradesh,3085,5
2024-03-14,Amazon,A8836,Home Decor,Madhya Pradesh,426,1
2024-03-14,Amazon,A8337,Clothes,Delhi,1148,4
2024-03-15,Amazon,A8942,Home Decor,Telangana,828,1
2024-03-15,Amazon,A7735,Home Decor,Maharashtra,1836,2
2024-03-15,Amazon,A2578,Accessories,Punjab,1120,4
2024-03-15,Amazon,A4957,Clothes,Rajasthan,2110,5
2024-03-15,Amazon,A3011,Accessories,Madhya Pradesh,2360,5
2024-03-15,Amazon,A1868,Grocery,Chhattisgarh,1929,3
2024-03-15,Amazon,A6405,Grocery,Punjab,2028,3
2024-03-15,Amazon,A1860,Clothes,Chhattisgarh,4485,5
2024-03-15,Amazon,A7619,Grocery,Chhattisgarh,415,1
2024-03-15,Amazon,A8994,Clothes,Chhattisgarh,4540,5
2024-03-15,Amazon,A8401,Grocery,Rajasthan,1197,3
2024-03-15,Amazon,A4474,Electronics,Odisha,884,2
2024-03-15,Amazon,A5224,Electronics,Madhya Pradesh,943,1
2024-03-15,Amazon,A7070,Electronics,Andhra Pradesh,2530,5
2024-03-15,Amazon,A3992,Clothes,Odisha,4290,5
2024-03-15,Amazon,A3223,Accessories,Maharashtra,1222,2
2024-03-15,Amazon,A6117,Accessories,Telangana,2650,5
2024-03-15,Amazon,A7772,Clothes,Punjab,1488,3
2024-03-15,Amazon,A7542,Electronics,Karnataka,2955,5
2024-03-15,Amazon,A2419,Home Decor,Bihar,3492,4
2024-03-15,Amazon,A9804,Grocery,Tamil Nadu,2968,4
2024-03-15,Amazon,A5849,Electronics,Gujarat,1874,2
2024-03-15,Amazon,A7300,Electronics,Tamil Nadu,1017,3
2024-03-15,Amazon,A2020,Accessories,Kerala,174,1
2024-03-15,Amazon,A8890,Accessories,Madhya Pradesh,430,2
2024-03-15,Amazon,A1748,Electronics,Tamil Nadu,792,1
2024-03-15,Amazon,A7549,Home Decor,Assam,727,1
2024-03-15,Amazon,A6953,Clothes,Maharashtra,1038,3
2024-03-16,Amazon,A5907,Grocery,Telangana,4880,5
2024-03-16,Amazon,A1016,Clothes,Madhya Pradesh,1248,2
2024-03-16,Amazon,A6484,Electronics,Bihar,3540,4
2024-03-16,Amazon,A1830,Accessories,Andhra Pradesh,1102,2
2024-03-16,Amazon,A8588,Home Decor,Telangana,1908,3
2024-03-16,Amazon,A8495,Clothes,Maharashtra,1648,4
2024-03-16,Amazon,A5421,Home Decor,Bihar,2012,4
2024-03-16,Amazon,A8666,Home Decor,Tamil Nadu,3955,5
2024-03-16,Amazon,A9887,Clothes,Karnataka,3320,4
2024-03-16,Amazon,A5162,Clothes,Telangana,752,1
2024-03-16,Amazon,A5379,Accessories,Odisha,474,2
2024-03-16,Amazon,A4707,Electronics,Chhattisgarh,2097,3
2024-03-16,Amazon,A4622,Grocery,Kerala,3936,4
2024-03-16,Amazon,A2490,Home Decor,Chhattisgarh,1095,3
2024-03-16,Amazon,A8951,Accessories,Uttarakhand,999,3
2024-03-16,Amazon,A3434,Electronics,Telangana,3780,5
2024-03-16,Amazon,A1523,Electronics,Kerala,544,4
2024-03-16,Amazon,A3316,Clothes,Madhya Pradesh,591,1
2024-03-16,Amazon,A4892,Accessories,Jharkhand,699,3
2024-03-16,Amazon,A5528,Grocery,Karnataka,4645,5
2024-03-16,Amazon,A3757,Electronics,Gujarat,970,2
2024-03-16,Amazon,A6376,Electronics,Karnataka,1366,2
2024-03-16,Amazon,A3181,Electronics,Kerala,518,2
2024-03-16,Amazon,A8041,Accessories,West Bengal,752,4
2024-03-16,Amazon,A7799,Clothes,Jharkhand,2808,3
2024-03-16,Amazon,A1100,Grocery,Haryana,1268,2
2024-03-16,Amazon,A9855,Grocery,Rajasthan,4200,5
2024-03-16,Amazon,A4119,Accessories,Uttar Pradesh,1215,3
2024-03-16,Amazon,A1496,Electronics,Assam,830,2
2024-03-16,Amazon,A1038,Electronics,Karnataka,555,1
2024-03-16,Amazon,A9733,Home Decor,Punjab,3404,4
2024-03-16,Amazon,A5784,Grocery,Karnataka,3740,4
2024-03-16,Amazon,A1122,Grocery,Chhattisgarh,2916,4
2024-03-16,Amazon,A1257,Electronics,Tamil Nadu,3184,4
2024-03-16,Amazon,A5625,Home Decor,Haryana,486,2
2024-03-16,Amazon,A9456,Electronics,Assam,530,5
2024-03-17,Amazon,A6576,Grocery,Punjab,1569,3
2024-03-17,Amazon,A9983,Home Decor,Assam,1048,4
2024-03-17,Amazon,A9723,Electronics,Delhi,1855,5
2024-03-17,Amazon,A5625,Clothes,Jharkhand,606,3
2024-03-17,Amazon,A9792,Grocery,Bihar,464,4
2024-03-17,Amazon,A4714,Grocery,West Bengal,4395,5
2024-03-17,Amazon,A3091,Accessories,Assam,350,1
2024-03-17,Amazon,A5150,Accessories,Maharashtra,411,3
2024-03-17,Amazon,A3970,Grocery,Punjab,472,4
2024-03-17,Amazon,A9715,Grocery,Gujarat,3400,5
2024-03-17,Amazon,A3010,Grocery,Tamil Nadu,864,4
2024-03-17,Amazon,A8532,Home Decor,Karnataka,550,5
2024-03-17,Amazon,A4306,Clothes,Uttar Pradesh,728,2
2024-03-17,Amazon,A3920,Accessories,Uttarakhand,1076,2
2024-03-17,Amazon,A9123,Grocery,Uttar Pradesh,538,2
2024-03-17,Amazon,A7087,Grocery,Andhra Pradesh,2852,4
2024-03-17,Amazon,A2045,Accessories,Odisha,1504,2
2024-03-17,Amazon,A9995,Electronics,Chhattisgarh,3410,5
2024-03-17,Amazon,A3448,Grocery,Punjab,3010,5
2024-03-17,Amazon,A7651,Grocery,Haryana,403,1
2024-03-17,Amazon,A6629,Electronics,Delhi,106,1
2024-03-17,Amazon,A1573,Clothes,Delhi,1010,2
2024-03-17,Amazon,A8230,Grocery,Madhya Pradesh,788,4
2024-03-17,Amazon,A5482,Electronics,Bihar,4955,5
2024-03-17,Amazon,A5243,Grocery,Haryana,1932,2
2024-03-17,Amazon,A9709,Accessories,Telangana,1284,2
2024-03-17,Amazon,A9304,Home Decor,West Bengal,1260,2
2024-03-17,Amazon,A1281,Accessories,Telangana,2190,3
2024-03-17,Amazon,A8540,Electronics,Tamil Nadu,2106,3
2024-03-17,Amazon,A2804,Accessories,Tamil Nadu,426,2
2024-03-17,Amazon,A9036,Clothes,Assam,3960,5
2024-03-17,Amazon,A7139,Electronics,Chhattisgarh,920,1
2024-03-17,Amazon,A7506,Grocery,Telangana,4875,5
2024-03-18,Amazon,A5015,Accessories,Assam,2300,5
2024-03-18,Amazon,A2069,Clothes,Maharashtra,3804,4
2024-03-18,Amazon,A5522,Home Decor,Tamil Nadu,1035,5
2024-03-18,Amazon,A4675,Accessories,Assam,1880,5
2024-03-18,Amazon,A7624,Home Decor,Punjab,1420,4
2024-03-18,Amazon,A6702,Clothes,Assam,2421,3
2024-03-18,Amazon,A3642,Electronics,Uttarakhand,1888,4
2024-03-18,Amazon,A9006,Clothes,Punjab,540,3
2024-03-18,Amazon,A6510,Home Decor,West Bengal,710,5
2024-03-18,Amazon,A6781,Clothes,Uttar Pradesh,1956,3
2024-03-18,Amazon,A1043,Home Decor,Andhra Pradesh,1155,3
2024-03-18,Amazon,A2372,Accessories,Gujarat,354,1
2024-03-18,Amazon,A3353,Clothes,Rajasthan,3516,4
2024-03-18,Amazon,A4912,Accessories,Uttar Pradesh,628,1
2024-03-18,Amazon,A1664,Home Decor,Punjab,785,1
2024-03-18,Amazon,A8654,Home Decor,Assam,2649,3
2024-03-18,Amazon,A6419,Clothes,Maharashtra,982,1
2024-03-18,Amazon,A5359,Clothes,Tamil Nadu,1870,5
2024-03-18,Amazon,A6168,Home Decor,Delhi,978,1
2024-03-18,Amazon,A6788,Grocery,Delhi,988,1
2024-03-18,Amazon,A5184,Home Decor,Chhattisgarh,630,2
2024-03-18,Amazon,A7871,Accessories,Maharashtra,753,1
2024-03-18,Amazon,A2810,Electronics,Haryana,3745,5
2024-03-18,Amazon,A9884,Clothes,Gujarat,2148,4
2024-03-18,Amazon,A1023,Electronics,Maharashtra,2646,3
2024-03-18,Amazon,A8390,Accessories,Uttarakhand,1280,4
2024-03-18,Amazon,A6924,Accessories,Tamil Nadu,4345,5
2024-03-18,Amazon,A4490,Home Decor,Maharashtra,3180,5
2024-03-18,Amazon,A9099,Grocery,Delhi,1484,4
2024-03-18,Amazon,A6348,Accessories,Madhya Pradesh,151,1
2024-03-18,Amazon,A4260,Accessories,Delhi,733,1
2024-03-18,Amazon,A2368,Electronics,Madhya Pradesh,2832,3
2024-03-18,Amazon,A1493,Clothes,Chhattisgarh,789,1
2024-03-19,Amazon,A7139,Electronics,Rajasthan,536,4
2024-03-19,Amazon,A9944,Grocery,Andhra Pradesh,1392,4
2024-03-19,Amazon,A5662,Accessories,Jharkhand,1000,2
2024-03-19,Amazon,A1419,Home Decor,Andhra Pradesh,1980,5
2024-03-19,Amazon,A9339,Clothes,Andhra Pradesh,1864,4
2024-03-19,Amazon,A8318,Home Decor,Chhattisgarh,570,1
2024-03-19,Amazon,A9683,Accessories,Bihar,915,1
2024-03-19,Amazon,A4365,Clothes,Bihar,1068,4
2024-03-19,Amazon,A9642,Grocery,Assam,1964,2
2024-03-19,Amazon,A9927,Accessories,Andhra Pradesh,311,1
2024-03-19,Amazon,A9939,Electronics,West Bengal,939,1
2024-03-19,Amazon,A5772,Electronics,Andhra Pradesh,201,1
2024-03-19,Amazon,A4129,Accessories,Jharkhand,722,2
2024-03-19,Amazon,A5460,Electronics,Andhra Pradesh,744,1
2024-03-19,Amazon,A5434,Clothes,Odisha,730,1
2024-03-19,Amazon,A9938,Clothes,Uttarakhand,1684,4
2024-03-19,Amazon,A1673,Home Decor,Karnataka,555,1
2024-03-19,Amazon,A7022,Accessories,Madhya Pradesh,1770,3
2024-03-19,Amazon,A8443,Clothes,Assam,1856,4
2024-03-19,Amazon,A6858,Grocery,West Bengal,3016,4
2024-03-19,Amazon,A3897,Home Decor,Jharkhand,688,2
2024-03-19,Amazon,A6945,Grocery,Karnataka,449,1
2024-03-20,Amazon,A8282,Clothes,Andhra Pradesh,3115,5
2024-03-20,Amazon,A3416,Accessories,Haryana,1144,4
2024-03-20,Amazon,A6533,Home Decor,Telangana,4485,5
2024-03-20,Amazon,A2052,Grocery,Uttarakhand,868,2
2024-03-20,Amazon,A5521,Grocery,Chhattisgarh,940,5
2024-03-20,Amazon,A3783,Accessories,Delhi,1906,2
2024-03-20,Amazon,A4570,Grocery,Maharashtra,2455,5
2024-03-20,Amazon,A4590,Electronics,Assam,2211,3
2024-03-20,Amazon,A4153,Clothes,Jharkhand,852,4
2024-03-20,Amazon,A8670,Electronics,Telangana,516,4
2024-03-20,Amazon,A9260,Home Decor,Kerala,1734,2
2024-03-20,Amazon,A3615,Grocery,Haryana,3250,5
2024-03-20,Amazon,A8498,Electronics,Odisha,590,5
2024-03-20,Amazon,A7383,Grocery,Chhattisgarh,2964,3
2024-03-20,Amazon,A8524,Clothes,Kerala,126,1
2024-03-20,Amazon,A2053,Clothes,Punjab,416,2
2024-03-20,Amazon,A5771,Accessories,Karnataka,582,2
2024-03-20,Amazon,A1751,Accessories,Uttar Pradesh,1812,4
2024-03-20,Amazon,A6229,Grocery,Madhya Pradesh,407,1
2024-03-20,Amazon,A6956,Electronics,Haryana,1602,3
2024-03-20,Amazon,A5044,Home Decor,Madhya Pradesh,4515,5
2024-03-20,Amazon,A9105,Home Decor,Tamil Nadu,3955,5
2024-03-20,Amazon,A5374,Clothes,Haryana,2285,5
2024-03-20,Amazon,A9920,Home Decor,Punjab,312,1
2024-03-20,Amazon,A9774,Home Decor,Assam,856,4
2024-03-20,Amazon,A3412,Home Decor,Tamil Nadu,950,1
2024-03-20,Amazon,A3751,Accessories,Delhi,333,1
2024-03-20,Amazon,A6303,Clothes,Andhra Pradesh,1720,2
2024-03-20,Amazon,A5790,Home Decor,Punjab,3060,5
2024-03-20,Amazon,A5866,Home Decor,Maharashtra,481,1
2024-03-20,Amazon,A3979,Grocery,Chhattisgarh,4005,5
2024-03-20,Amazon,A9780,Home Decor,Delhi,840,1
2024-03-20,Amazon,A8331,Grocery,Punjab,344,1
2024-03-20,Amazon,A8712,Grocery,Jharkhand,2555,5
2024-03-20,Amazon,A9383,Accessories,Delhi,2908,4
2024-03-20,Amazon,A7862,Electronics,Telangana,1233,3
2024-03-20,Amazon,A3998,Accessories,Odisha,1128,3
2024-03-20,Amazon,A5385,Accessories,Odisha,1942,2
2024-03-20,Amazon,A6837,Home Decor,Haryana,3220,5
2024-03-21,Amazon,A5809,Accessories,West Bengal,2984,4
2024-03-21,Amazon,A2854,Home Decor,Uttar Pradesh,670,5
2024-03-21,Amazon,A8402,Accessories,Haryana,662,1
2024-03-21,Amazon,A4244,Home Decor,Bihar,1645,5
2024-03-21,Amazon,A8441,Home Decor,Bihar,4750,5
2024-03-21,Amazon,A6862,Grocery,Rajasthan,348,2
2024-03-21,Amazon,A8175,Grocery,Assam,1660,4
2024-03-21,Amazon,A5646,Accessories,Maharashtra,2875,5
2024-03-21,Amazon,A2762,Grocery,West Bengal,1020,5
2024-03-21,Amazon,A7897,Grocery,Bihar,1482,3
2024-03-21,Amazon,A1622,Electronics,Delhi,572,4
2024-03-21,Amazon,A6616,Home Decor,Assam,1568,2
2024-03-21,Amazon,A6108,Clothes,West Bengal,505,5
2024-03-21,Amazon,A6214,Clothes,Tamil Nadu,494,2
2024-03-21,Amazon,A6593,Accessories,Karnataka,1364,2
2024-03-21,Amazon,A9494,Accessories,Tamil Nadu,3290,5
2024-03-21,Amazon,A5748,Home Decor,Rajasthan,592,1
2024-03-21,Amazon,A9820,Clothes,Kerala,1052,4
2024-03-21,Amazon,A4459,Home Decor,Chhattisgarh,1420,2
2024-03-21,Amazon,A9354,Grocery,Maharashtra,3352,4
2024-03-21,Amazon,A8574,Electronics,Uttar Pradesh,2469,3
2024-03-21,Amazon,A7476,Accessories,Chhattisgarh,1205,5
2024-03-21,Amazon,A5392,Grocery,Haryana,584,4
2024-03-21,Amazon,A9485,Clothes,Bihar,2180,5
2024-03-21,Amazon,A2657,Clothes,Madhya Pradesh,1521,3
2024-03-21,Amazon,A8888,Accessories,Tamil Nadu,914,2
2024-03-21,Amazon,A8916,Electronics,Karnataka,2844,4
2024-03-21,Amazon,A1964,Accessories,Chhattisgarh,2332,4
2024-03-21,Amazon,A9982,Clothes,Uttarakhand,3392,4
2024-03-21,Amazon,A9479,Grocery,Madhya Pradesh,2840,5
2024-03-21,Amazon,A3606,Grocery,Gujarat,340,1
2024-03-21,Amazon,A8699,Accessories,West Bengal,239,1
2024-03-21,Amazon,A2427,Grocery,Gujarat,2412,3
2024-03-21,Amazon,A3113,Accessories,Chhattisgarh,3600,4
2024-03-21,Amazon,A4598,Electronics,Chhattisgarh,1749,3
2024-03-21,Amazon,A3514,Home Decor,Telangana,939,3
2024-03-21,Amazon,A6708,Home Decor,Madhya Pradesh,3595,5
2024-03-22,Amazon,A3395,Grocery,Uttarakhand,896,2
2024-03-22,Amazon,A4878,Clothes,Haryana,342,2
2024-03-22,Amazon,A7409,Clothes,Karnataka,1928,4
2024-03-22,Amazon,A4963,Grocery,Delhi,1570,5
2024-03-22,Amazon,A8509,Accessories,Madhya Pradesh,4195,5
2024-03-22,Amazon,A1219,Electronics,Maharashtra,2645,5
2024-03-22,Amazon,A6149,Grocery,Jharkhand,1024,4
2024-03-22,Amazon,A8919,Home Decor,Telangana,2970,3
2024-03-22,Amazon,A8552,Clothes,Odisha,342,2
2024-03-22,Amazon,A8339,Electronics,Andhra Pradesh,587,1
2024-03-22,Amazon,A6514,Grocery,Tamil Nadu,4615,5
2024-03-22,Amazon,A7618,Grocery,Bihar,1572,2
2024-03-22,Amazon,A9987,Home Decor,Uttarakhand,1713,3
2024-03-22,Amazon,A7935,Electronics,Jharkhand,1476,4
2024-03-22,Amazon,A8665,Clothes,Karnataka,117,1
2024-03-22,Amazon,A4804,Grocery,Punjab,3995,5
2024-03-22,Amazon,A4121,Accessories,Kerala,2008,4
2024-03-22,Amazon,A3636,Clothes,Gujarat,1585,5
2024-03-22,Amazon,A1694,Electronics,Telangana,260,1
2024-03-22,Amazon,A2156,Grocery,Odisha,2499,3
2024-03-22,Amazon,A4745,Home Decor,Gujarat,768,1
2024-03-22,Amazon,A6165,Accessories,Chhattisgarh,1803,3
2024-03-23,Amazon,A3780,Accessories,Uttar Pradesh,1516,2
2024-03-23,Amazon,A8806,Electronics,Assam,1104,2
2024-03-23,Amazon,A4792,Electronics,Telangana,264,2
2024-03-23,Amazon,A6645,Electronics,Assam,482,1
2024-03-23,Amazon,A4881,Electronics,Bihar,2028,3
2024-03-23,Amazon,A9237,Accessories,Tamil Nadu,926,2
2024-03-23,Amazon,A2955,Accessories,Karnataka,1392,4
2024-03-23,Amazon,A4426,Electronics,Assam,4630,5
2024-03-23,Amazon,A1097,Home Decor,Assam,3848,4
2024-03-23,Amazon,A1507,Accessories,Delhi,2148,4
2024-03-23,Amazon,A1511,Electronics,Kerala,3835,5
2024-03-23,Amazon,A4051,Accessories,Delhi,1580,5
2024-03-23,Amazon,A2541,Electronics,Bihar,966,3
2024-03-23,Amazon,A5180,Accessories,Chhattisgarh,541,1
2024-03-23,Amazon,A2829,Accessories,Chhattisgarh,755,5
2024-03-23,Amazon,A2410,Electronics,Gujarat,908,1
2024-03-23,Amazon,A8924,Home Decor,Bihar,494,1
2024-03-23,Amazon,A7833,Accessories,Maharashtra,4435,5
2024-03-23,Amazon,A5950,Home Decor,Telangana,3004,4
2024-03-23,Amazon,A4794,Home Decor,Karnataka,2214,3
2024-03-23,Amazon,A1958,Accessories,Delhi,1202,2
2024-03-23,Amazon,A3087,Clothes,Telangana,3805,5
2024-03-23,Amazon,A6873,Electronics,Delhi,2250,3
2024-03-23,Amazon,A7698,Home Decor,Delhi,1398,3
2024-03-23,Amazon,A2929,Grocery,Karnataka,209,1
2024-03-23,Amazon,A2003,Grocery,West Bengal,4015,5
2024-03-23,Amazon,A6925,Accessories,Punjab,1923,3
2024-03-23,Amazon,A2825,Grocery,Punjab,1164,2
2024-03-23,Amazon,A8474,Electronics,Kerala,327,3
2024-03-23,Amazon,A1628,Clothes,Gujarat,605,5
2024-03-23,Amazon,A6149,Home Decor,West Bengal,3880,4
2024-03-23,Amazon,A1748,Home Decor,West Bengal,2916,3
2024-03-23,Amazon,A9445,Electronics,Assam,1636,2
2024-03-23,Amazon,A3672,Electronics,Uttarakhand,839,1
2024-03-23,Amazon,A2797,Electronics,Maharashtra,1645,5
2024-03-23,Amazon,A6240,Grocery,Tamil Nadu,1932,3
2024-03-24,Amazon,A1246,Grocery,Maharashtra,4780,5
2024-03-24,Amazon,A7040,Electronics,Rajasthan,236,2
2024-03-24,Amazon,A1177,Clothes,Gujarat,376,1
2024-03-24,Amazon,A8452,Accessories,Chhattisgarh,3472,4
2024-03-24,Amazon,A6266,Electronics,West Bengal,1032,3
2024-03-24,Amazon,A2447,Grocery,Punjab,4340,5
2024-03-24,Amazon,A1344,Accessories,Rajasthan,237,1
2024-03-24,Amazon,A9678,Clothes,Uttar Pradesh,4920,5
2024-03-24,Amazon,A6894,Accessories,Kerala,1484,4
2024-03-24,Amazon,A7821,Accessories,Karnataka,458,2
2024-03-24,Amazon,A8355,Accessories,Chhattisgarh,2508,4
2024-03-24,Amazon,A9223,Clothes,Assam,1120,2
2024-03-24,Amazon,A3848,Accessories,West Bengal,640,2
2024-03-24,Amazon,A9667,Accessories,Odisha,1008,3
2024-03-24,Amazon,A7191,Electronics,Uttar Pradesh,941,1
2024-03-24,Amazon,A2911,Clothes,Bihar,325,1
2024-03-24,Amazon,A8586,Electronics,Odisha,2256,3
2024-03-24,Amazon,A3313,Grocery,Bihar,1944,2
2024-03-24,Amazon,A8873,Electronics,Kerala,364,1
2024-03-24,Amazon,A9097,Home Decor,Madhya Pradesh,936,1
2024-03-24,Amazon,A8572,Clothes,Gujarat,1706,2
2024-03-24,Amazon,A2172,Grocery,West Bengal,214,2
2024-03-24,Amazon,A4031,Clothes,Tamil Nadu,1040,4
2024-03-24,Amazon,A6308,Home Decor,Rajasthan,1570,5
2024-03-24,Amazon,A3577,Home Decor,West Bengal,930,2
2024-03-24,Amazon,A2493,Home Decor,Chhattisgarh,1209,3
2024-03-24,Amazon,A4353,Accessories,Tamil Nadu,1396,4
2024-03-24,Amazon,A9676,Grocery,Delhi,3420,5
2024-03-24,Amazon,A9037,Accessories,Assam,3664,4
2024-03-24,Amazon,A7026,Clothes,Madhya Pradesh,1640,2
2024-03-24,Amazon,A4619,Grocery,Haryana,2404,4
2024-03-24,Amazon,A8701,Accessories,Rajasthan,878,2
2024-03-24,Amazon,A6979,Accessories,Chhattisgarh,2076,4
2024-03-24,Amazon,A1893,Home Decor,Jharkhand,4870,5
2024-03-24,Amazon,A1834,Clothes,Maharashtra,2605,5
2024-03-24,Amazon,A7550,Clothes,Odisha,3272,4
2024-03-24,Amazon,A2058,Electronics,Haryana,3572,4
2024-03-24,Amazon,A8028,Grocery,Madhya Pradesh,3928,4
2024-03-24,Amazon,A5994,Grocery,Assam,1900,4
2024-03-25,Amazon,A8729,Home Decor,Delhi,3484,4
2024-03-25,Amazon,A9955,Accessories,Tamil Nadu,298,1
2024-03-25,Amazon,A6510,Electronics,Rajasthan,722,2
2024-03-25,Amazon,A3886,Home Decor,Uttarakhand,3910,5
2024-03-25,Amazon,A6980,Clothes,Tamil Nadu,1420,4
2024-03-25,Amazon,A3994,Clothes,Madhya Pradesh,812,4
2024-03-25,Amazon,A4637,Electronics,Karnataka,156,1
2024-03-25,Amazon,A8659,Electronics,Haryana,218,2
2024-03-25,Amazon,A3659,Accessories,Chhattisgarh,1154,2
2024-03-25,Amazon,A5486,Clothes,Assam,2904,4
2024-03-25,Amazon,A7493,Accessories,Andhra Pradesh,2655,3
2024-03-25,Amazon,A2955,Grocery,Chhattisgarh,2192,4
2024-03-25,Amazon,A3754,Grocery,Delhi,1215,3
2024-03-25,Amazon,A2969,Electronics,Andhra Pradesh,2845,5
2024-03-25,Amazon,A9798,Clothes,Andhra Pradesh,2945,5
2024-03-25,Amazon,A6460,Grocery,Kerala,2510,5
2024-03-25,Amazon,A5246,Electronics,Telangana,1434,3
2024-03-25,Amazon,A5484,Home Decor,Andhra Pradesh,1644,2
2024-03-25,Amazon,A3680,Grocery,West Bengal,1465,5
2024-03-25,Amazon,A9999,Electronics,Punjab,1285,5
2024-03-25,Amazon,A9471,Electronics,Maharashtra,339,1
2024-03-25,Amazon,A1013,Accessories,Rajasthan,2210,5
2024-03-25,Amazon,A4488,Home Decor,Tamil Nadu,1095,5
2024-03-25,Amazon,A4055,Accessories,Uttarakhand,980,5
2024-03-25,Amazon,A4495,Accessories,Uttar Pradesh,1638,3
2024-03-25,Amazon,A3580,Grocery,Gujarat,557,1
2024-03-25,Amazon,A3905,Grocery,Kerala,620,4
2024-03-25,Amazon,A4324,Home Decor,Tamil Nadu,787,1
2024-03-25,Amazon,A6147,Home Decor,Chhattisgarh,1226,2
2024-03-26,Amazon,A8225,Grocery,Andhra Pradesh,613,1
2024-03-26,Amazon,A5339,Electronics,Uttar Pradesh,860,1
2024-03-26,Amazon,A4586,Grocery,West Bengal,972,2
2024-03-26,Amazon,A7115,Home Decor,Jharkhand,336,2
2024-03-26,Amazon,A2109,Home Decor,Gujarat,3848,4
2024-03-26,Amazon,A4267,Grocery,West Bengal,269,1
2024-03-26,Amazon,A6489,Grocery,Maharashtra,1965,5
2024-03-26,Amazon,A8789,Clothes,Haryana,1272,2
2024-03-26,Amazon,A9733,Grocery,Uttar Pradesh,1542,3
2024-03-26,Amazon,A9751,Grocery,Madhya Pradesh,909,3
2024-03-26,Amazon,A5272,Clothes,Telangana,269,1
2024-03-26,Amazon,A2159,Grocery,Karnataka,1476,4
2024-03-26,Amazon,A5477,Grocery,Uttar Pradesh,1692,3
2024-03-26,Amazon,A9438,Electronics,Telangana,1180,5
2024-03-26,Amazon,A8650,Clothes,Rajasthan,3476,4
2024-03-26,Amazon,A8537,Accessories,Punjab,265,1
2024-03-26,Amazon,A3671,Accessories,Jharkhand,3536,4
2024-03-26,Amazon,A7096,Clothes,Punjab,286,1
2024-03-26,Amazon,A2891,Home Decor,Kerala,3580,4
2024-03-26,Amazon,A4038,Home Decor,Rajasthan,3465,5
2024-03-26,Amazon,A2212,Home Decor,Bihar,1820,2
2024-03-26,Amazon,A9310,Grocery,Gujarat,675,1
2024-03-26,Amazon,A7171,Clothes,Andhra Pradesh,696,2
2024-03-26,Amazon,A9889,Accessories,Bihar,1274,2
2024-03-26,Amazon,A9248,Home Decor,Assam,306,3
2024-03-26,Amazon,A4424,Accessories,Telangana,1486,2
2024-03-26,Amazon,A1749,Home Decor,Rajasthan,3390,5
2024-03-26,Amazon,A9895,Clothes,Telangana,386,2
2024-03-27,Amazon,A6512,Home Decor,Tamil Nadu,234,1
2024-03-27,Amazon,A4885,Grocery,Assam,740,1
2024-03-27,Amazon,A2353,Home Decor,Uttar Pradesh,975,5
2024-03-27,Amazon,A8362,Grocery,Telangana,536,4
2024-03-27,Amazon,A2688,Grocery,Andhra Pradesh,3410,5
2024-03-27,Amazon,A8963,Clothes,Kerala,4025,5
2024-03-27,Amazon,A2718,Clothes,Punjab,3165,5
2024-03-27,Amazon,A3417,Accessories,Gujarat,618,3
2024-03-27,Amazon,A5075,Accessories,Chhattisgarh,465,1
2024-03-27,Amazon,A6607,Electronics,Delhi,1286,2
2024-03-27,Amazon,A5652,Grocery,Madhya Pradesh,3776,4
2024-03-27,Amazon,A8520,Grocery,Tamil Nadu,2631,3
2024-03-27,Amazon,A4610,Electronics,Uttar Pradesh,2544,3
2024-03-27,Amazon,A9445,Electronics,Punjab,240,1
2024-03-27,Amazon,A8712,Electronics,Tamil Nadu,1908,4
2024-03-27,Amazon,A6719,Home Decor,Jharkhand,225,1
2024-03-27,Amazon,A1488,Accessories,Tamil Nadu,813,1
2024-03-27,Amazon,A9781,Grocery,Gujarat,400,2
2024-03-27,Amazon,A6879,Accessories,Kerala,986,1
2024-03-27,Amazon,A9520,Grocery,Jharkhand,1668,2
2024-03-27,Amazon,A7975,Accessories,Telangana,3525,5
2024-03-27,Amazon,A9713,Clothes,Chhattisgarh,2900,4
2024-03-27,Amazon,A6974,Electronics,Punjab,3620,5
2024-03-27,Amazon,A6156,Grocery,Chhattisgarh,1308,2
2024-03-27,Amazon,A7696,Accessories,Rajasthan,2079,3
2024-03-27,Amazon,A3591,Home Decor,Tamil Nadu,1653,3
2024-03-27,Amazon,A8722,Grocery,Madhya Pradesh,2660,5
2024-03-27,Amazon,A8940,Accessories,Uttarakhand,2754,3
2024-03-28,Amazon,A9790,Accessories,Uttar Pradesh,147,1
2024-03-28,Amazon,A1463,Grocery,Rajasthan,240,1
2024-03-28,Amazon,A1825,Accessories,Telangana,819,3
2024-03-28,Amazon,A7129,Electronics,Delhi,1010,2
2024-03-28,Amazon,A9811,Accessories,Uttar Pradesh,782,1
2024-03-28,Amazon,A1232,Accessories,West Bengal,1885,5
2024-03-28,Amazon,A9257,Home Decor,Assam,708,3
2024-03-28,Amazon,A6282,Grocery,Punjab,3872,4
2024-03-28,Amazon,A2860,Home Decor,Jharkhand,2580,4
2024-03-28,Amazon,A6082,Accessories,Maharashtra,1798,2
2024-03-28,Amazon,A2475,Clothes,Uttar Pradesh,1054,2
2024-03-28,Amazon,A8955,Home Decor,West Bengal,2256,3
2024-03-28,Amazon,A4807,Home Decor,Tamil Nadu,2408,4
2024-03-28,Amazon,A8926,Home Decor,Uttar Pradesh,119,1
2024-03-28,Amazon,A5878,Grocery,Uttarakhand,766,2
2024-03-28,Amazon,A8722,Clothes,Maharashtra,1092,2
2024-03-28,Amazon,A1978,Clothes,Jharkhand,852,4
2024-03-28,Amazon,A3651,Clothes,Rajasthan,1970,2
2024-03-28,Amazon,A1588,Electronics,Haryana,2325,5
2024-03-28,Amazon,A2588,Clothes,Odisha,1416,2
2024-03-28,Amazon,A5992,Grocery,Bihar,2811,3
2024-03-28,Amazon,A7876,Accessories,Andhra Pradesh,2895,5
2024-03-28,Amazon,A7444,Home Decor,Gujarat,3172,4
2024-03-28,Amazon,A2627,Grocery,Gujarat,1720,4
2024-03-29,Amazon,A1800,Electronics,Gujarat,2952,3
2024-03-29,Amazon,A4519,Grocery,Uttar Pradesh,2500,4
2024-03-29,Amazon,A2898,Electronics,Uttar Pradesh,2922,3
2024-03-29,Amazon,A8919,Accessories,Haryana,888,1
2024-03-29,Amazon,A4694,Accessories,West Bengal,1922,2
2024-03-29,Amazon,A7687,Home Decor,Uttar Pradesh,448,2
2024-03-29,Amazon,A6034,Electronics,Odisha,500,5
2024-03-29,Amazon,A7073,Electronics,Odisha,490,2
2024-03-29,Amazon,A8288,Clothes,Maharashtra,3280,4
2024-03-29,Amazon,A5431,Electronics,Punjab,912,3
2024-03-29,Amazon,A1276,Home Decor,Chhattisgarh,1718,2
2024-03-29,Amazon,A2281,Home Decor,Odisha,717,1
2024-03-29,Amazon,A8719,Grocery,West Bengal,516,4
2024-03-29,Amazon,A8510,Home Decor,Bihar,416,1
2024-03-29,Amazon,A6380,Home Decor,Uttarakhand,1566,2
2024-03-29,Amazon,A8940,Clothes,Rajasthan,1096,2
2024-03-29,Amazon,A4242,Home Decor,Andhra Pradesh,1586,2
2024-03-29,Amazon,A7761,Clothes,Tamil Nadu,1876,2
2024-03-29,Amazon,A7356,Clothes,Delhi,1750,5
2024-03-29,Amazon,A9346,Clothes,Bihar,765,1
2024-03-29,Amazon,A3426,Accessories,Uttar Pradesh,2330,5
2024-03-29,Amazon,A9372,Grocery,Haryana,1460,4
2024-03-29,Amazon,A2003,Home Decor,Andhra Pradesh,4700,5
2024-03-30,Amazon,A1732,Accessories,Rajasthan,4760,5
2024-03-30,Amazon,A9810,Accessories,Haryana,2967,3
2024-03-30,Amazon,A4439,Home Decor,Uttarakhand,3335,5
2024-03-30,Amazon,A3869,Clothes,Karnataka,1976,2
2024-03-30,Amazon,A6813,Accessories,Maharashtra,1428,4
2024-03-30,Amazon,A5126,Clothes,Haryana,663,1
2024-03-30,Amazon,A2797,Electronics,Kerala,634,2
2024-03-30,Amazon,A4845,Accessories,Kerala,322,1
2024-03-30,Amazon,A8211,Clothes,Uttarakhand,2740,4
2024-03-30,Amazon,A7867,Grocery,Karnataka,724,4
2024-03-30,Amazon,A4677,Clothes,Uttar Pradesh,2940,5
2024-03-30,Amazon,A7626,Home Decor,Karnataka,816,3
2024-03-30,Amazon,A2824,Clothes,Rajasthan,1035,5
2024-03-30,Amazon,A7875,Electronics,Tamil Nadu,2324,4
2024-03-30,Amazon,A1645,Accessories,Maharashtra,1536,2
2024-03-30,Amazon,A4160,Grocery,Punjab,186,1
2024-03-30,Amazon,A9158,Grocery,West Bengal,263,1
2024-03-30,Amazon,A5082,Electronics,Tamil Nadu,2019,3
2024-03-30,Amazon,A3118,Electronics,Karnataka,471,3
2024-03-30,Amazon,A6247,Home Decor,Kerala,2430,5
2024-03-30,Amazon,A1020,Clothes,Tamil Nadu,437,1
2024-03-31,Amazon,A7021,Accessories,Haryana,3505,5
2024-03-31,Amazon,A5630,Electronics,Kerala,4990,5
2024-03-31,Amazon,A4590,Clothes,Chhattisgarh,1468,4
2024-03-31,Amazon,A9630,Accessories,Andhra Pradesh,1195,5
2024-03-31,Amazon,A1026,Accessories,Punjab,2440,4
2024-03-31,Amazon,A2004,Clothes,Madhya Pradesh,908,2
2024-03-31,Amazon,A9844,Grocery,Punjab,664,2
2024-03-31,Amazon,A1005,Home Decor,Bihar,2859,3
2024-03-31,Amazon,A5967,Home Decor,Delhi,1880,4
2024-03-31,Amazon,A5069,Accessories,Delhi,4545,5
2024-03-31,Amazon,A8738,Grocery,Delhi,2685,5
2024-03-31,Amazon,A2247,Grocery,Tamil Nadu,824,2
2024-03-31,Amazon,A1707,Home Decor,Assam,1162,2
2024-03-31,Amazon,A4079,Accessories,Chhattisgarh,1422,3
2024-03-31,Amazon,A5326,Home Decor,Gujarat,2094,3
2024-03-31,Amazon,A2287,Electronics,Rajasthan,996,1
2024-03-31,Amazon,A3840,Home Decor,Andhra Pradesh,2270,5
2024-03-31,Amazon,A8720,Home Decor,Uttar Pradesh,583,1
2024-03-31,Amazon,A8954,Electronics,Rajasthan,1222,2
2024-03-31,Amazon,A3906,Home Decor,Andhra Pradesh,2772,4
2024-03-31,Amazon,A6100,Home Decor,Telangana,825,5
2024-03-31,Amazon,A7202,Home Decor,Madhya Pradesh,1254,3
2024-03-31,Amazon,A3126,Accessories,Bihar,2238,3
2024-03-31,Amazon,A3999,Electronics,Rajasthan,399,3
2024-03-31,Amazon,A8083,Grocery,Chhattisgarh,1072,4
2024-03-31,Amazon,A9547,Grocery,Rajasthan,968,4
2024-03-31,Amazon,A5077,Electronics,Haryana,2412,4
2024-03-31,Amazon,A5148,Grocery,Madhya Pradesh,2400,5
2024-03-31,Amazon,A7479,Clothes,Uttar Pradesh,578,2
2024-03-31,Amazon,A3552,Clothes,Haryana,1260,2
2024-03-31,Amazon,A8146,Accessories,Andhra Pradesh,1802,2
2024-03-31,Amazon,A8137,Home Decor,Andhra Pradesh,3268,4
2024-03-31,Amazon,A9411,Home Decor,West Bengal,4575,5
2024-03-31,Amazon,A4557,Accessories,Telangana,4000,4
2024-03-31,Amazon,A7056,Accessories,Assam,830,2
2024-03-31,Amazon,A6577,Clothes,Karnataka,922,2
