date,platform,product_id,category,state,sales,quantity
2023-10-01,Flipkart,F1436,Grocery,Gujarat,4950,5
2023-10-01,Flipkart,F6483,Home Decor,Madhya Pradesh,846,3
2023-10-01,Flipkart,F5147,Electronics,Gujarat,1342,2
2023-10-01,Flipkart,F5917,Grocery,Uttarakhand,1995,3
2023-10-01,Flipkart,F7450,Clothes,Delhi,1176,3
2023-10-01,Flipkart,F9709,Clothes,Tamil Nadu,2375,5
2023-10-01,Flipkart,F9659,Grocery,Assam,726,1
2023-10-01,Flipkart,F2783,Electronics,Gujarat,296,1
2023-10-01,Flipkart,F8484,Grocery,Punjab,1392,2
2023-10-01,Flipkart,F1290,Clothes,Tamil Nadu,3210,5
2023-10-01,Flipkart,F5422,Grocery,Bihar,1426,2
2023-10-01,Flipkart,F2413,Grocery,Telangana,1872,3
2023-10-01,Flipkart,F7782,Electronics,Assam,958,1
2023-10-01,Flipkart,F8014,Accessories,Tamil Nadu,482,2
2023-10-01,Flipkart,F5119,Grocery,Gujarat,2208,3
2023-10-01,Flipkart,F2699,Grocery,Odisha,1740,3
2023-10-01,Flipkart,F8343,Clothes,Karnataka,1105,5
2023-10-01,Flipkart,F7790,Clothes,Karnataka,1905,3
2023-10-01,Flipkart,F1552,Home Decor,Bihar,786,2
2023-10-01,Flipkart,F6638,Home Decor,West Bengal,1794,3
2023-10-01,Flipkart,F9336,Home Decor,Karnataka,2735,5
2023-10-01,Flipkart,F3730,Electronics,Jharkhand,2889,3
2023-10-01,Flipkart,F3643,Accessories,Kerala,1934,2
2023-10-01,Flipkart,F3227,Electronics,Uttar Pradesh,1240,5
2023-10-01,Flipkart,F7056,Grocery,Punjab,550,2
2023-10-01,Flipkart,F2375,Accessories,Odisha,1672,2
2023-10-01,Flipkart,F6700,Accessories,West Bengal,1743,3
2023-10-01,Flipkart,F4816,Accessories,Madhya Pradesh,1204,2
2023-10-01,Flipkart,F4527,Grocery,Telangana,807,3
2023-10-01,Flipkart,F1360,Grocery,Odisha,2600,4
2023-10-01,Flipkart,F8753,Clothes,Maharashtra,2988,3
2023-10-01,Flipkart,F5147,Accessories,Maharashtra,252,2
2023-10-01,Flipkart,F4569,Grocery,Punjab,2552,4
2023-10-01,Flipkart,F9322,Grocery,Delhi,2976,3
2023-10-01,Flipkart,F5266,Clothes,Odisha,1204,4
2023-10-01,Flipkart,F8342,Electronics,Haryana,375,1
2023-10-01,Flipkart,F5290,Grocery,Rajasthan,1540,5
2023-10-01,Flipkart,F7533,Electronics,Uttarakhand,1281,3
2023-10-01,Flipkart,F4629,Electronics,Jharkhand,1388,4
2023-10-02,Flipkart,F8595,Clothes,Andhra Pradesh,1575,5
2023-10-02,Flipkart,F3707,Home Decor,Uttar Pradesh,865,5
2023-10-02,Flipkart,F9827,Home Decor,Uttarakhand,1130,5
2023-10-02,Flipkart,F7528,Accessories,Odisha,2060,4
2023-10-02,Flipkart,F5235,Grocery,Uttarakhand,2545,5
2023-10-02,Flipkart,F6078,Grocery,Gujarat,4000,4
2023-10-02,Flipkart,F4186,Electronics,Punjab,1220,2
2023-10-02,Flipkart,F3835,Electronics,Maharashtra,920,2
2023-10-02,Flipkart,F7055,Accessories,Gujarat,770,2
2023-10-02,Flipkart,F9204,Home Decor,Uttarakhand,972,2
2023-10-02,Flipkart,F1548,Electronics,Madhya Pradesh,486,1
2023-10-02,Flipkart,F7568,Home Decor,Andhra Pradesh,1315,5
2023-10-02,Flipkart,F8860,Accessories,Andhra Pradesh,1452,3
2023-10-02,Flipkart,F2826,Grocery,Delhi,353,1
2023-10-02,Flipkart,F6001,Home Decor,Kerala,2172,3
2023-10-02,Flipkart,F1762,Grocery,Punjab,3220,5
2023-10-02,Flipkart,F7313,Home Decor,Jharkhand,3572,4
2023-10-02,Flipkart,F5927,Accessories,Bihar,3944,4
2023-10-02,Flipkart,F1747,Grocery,Telangana,610,1
2023-10-02,Flipkart,F4018,Clothes,Madhya Pradesh,1508,4
2023-10-02,Flipkart,F5381,Accessories,Bihar,3870,5
2023-10-02,Flipkart,F2430,Accessories,Kerala,336,3
2023-10-02,Flipkart,F4627,Grocery,Karnataka,1368,2
2023-10-02,Flipkart,F6608,Home Decor,Punjab,1656,4
2023-10-02,Flipkart,F3130,Home Decor,Uttar Pradesh,583,1
2023-10-02,Flipkart,F2899,Accessories,Assam,728,4
2023-10-02,Flipkart,F4745,Accessories,Jharkhand,692,4
2023-10-02,Flipkart,F4848,Grocery,West Bengal,594,1
2023-10-03,Flipkart,F1800,Electronics,Bihar,444,4
2023-10-03,Flipkart,F3042,Accessories,Kerala,260,2
2023-10-03,Flipkart,F5012,Home Decor,Karnataka,4480,5
2023-10-03,Flipkart,F9206,Home Decor,Telangana,473,1
2023-10-03,Flipkart,F3931,Home Decor,Assam,1914,2
2023-10-03,Flipkart,F2867,Accessories,Chhattisgarh,135,1
2023-10-03,Flipkart,F6796,Accessories,Chhattisgarh,3316,4
2023-10-03,Flipkart,F2490,Grocery,Chhattisgarh,1390,5
2023-10-03,Flipkart,F1351,Accessories,Odisha,3888,4
2023-10-03,Flipkart,F8421,Electronics,Odisha,1200,4
2023-10-03,Flipkart,F5992,Accessories,Uttarakhand,1908,3
2023-10-03,Flipkart,F7878,Electronics,Bihar,877,1
2023-10-03,Flipkart,F2969,Home Decor,Assam,526,1
2023-10-03,Flipkart,F9584,Electronics,Punjab,2045,5
2023-10-03,Flipkart,F2119,Home Decor,Tamil Nadu,297,1
2023-10-03,Flipkart,F5370,Grocery,Odisha,2415,3
2023-10-03,Flipkart,F6171,Accessories,Madhya Pradesh,3750,5
2023-10-03,Flipkart,F1853,Accessories,Chhattisgarh,617,1
2023-10-03,Flipkart,F8777,Electronics,Karnataka,2625,5
2023-10-03,Flipkart,F5933,Home Decor,Chhattisgarh,181,1
2023-10-03,Flipkart,F9514,Clothes,Assam,4695,5
2023-10-03,Flipkart,F7676,Clothes,Haryana,1038,2
2023-10-03,Flipkart,F4296,Home Decor,Delhi,552,1
2023-10-03,Flipkart,F7395,Accessories,Andhra Pradesh,1278,2
2023-10-03,Flipkart,F9380,Clothes,Andhra Pradesh,454,2
2023-10-04,Flipkart,F5972,Electronics,Delhi,1240,4
2023-10-04,Flipkart,F3398,Home Decor,Assam,1552,4
2023-10-04,Flipkart,F3296,Clothes,Maharashtra,1200,5
2023-10-04,Flipkart,F8315,Electronics,Rajasthan,657,1
2023-10-04,Flipkart,F7936,Electronics,Maharashtra,446,1
2023-10-04,Flipkart,F6406,Electronics,Telangana,2619,3
2023-10-04,Flipkart,F8981,Clothes,Delhi,605,5
2023-10-04,Flipkart,F6876,Accessories,Gujarat,1731,3
2023-10-04,Flipkart,F3851,Electronics,Jharkhand,504,4
2023-10-04,Flipkart,F7725,Home Decor,Telangana,1216,4
2023-10-04,Flipkart,F1753,Accessories,Jharkhand,535,5
2023-10-04,Flipkart,F8532,Electronics,Chhattisgarh,637,1
2023-10-04,Flipkart,F8340,Accessories,Delhi,3800,5
2023-10-04,Flipkart,F8435,Grocery,Jharkhand,354,2
2023-10-04,Flipkart,F7873,Accessories,Uttar Pradesh,1624,4
2023-10-04,Flipkart,F1824,Home Decor,Madhya Pradesh,2928,3
2023-10-04,Flipkart,F2489,Clothes,Madhya Pradesh,578,2
2023-10-04,Flipkart,F1345,Accessories,Haryana,1629,3
2023-10-04,Flipkart,F4666,Clothes,Odisha,612,4
2023-10-04,Flipkart,F2229,Clothes,West Bengal,3905,5
2023-10-04,Flipkart,F1436,Accessories,Uttar Pradesh,1424,2
2023-10-04,Flipkart,F1861,Electronics,West Bengal,2108,4
2023-10-04,Flipkart,F9191,Accessories,Madhya Pradesh,739,1
2023-10-04,Flipkart,F2097,Grocery,Maharashtra,1740,5
2023-10-04,Flipkart,F3786,Accessories,Chhattisgarh,387,1
2023-10-04,Flipkart,F5316,Clothes,Delhi,2145,3
2023-10-04,Flipkart,F3046,Grocery,Haryana,378,3
2023-10-04,Flipkart,F7125,Grocery,Madhya Pradesh,1764,4
2023-10-04,Flipkart,F5177,Accessories,Uttarakhand,679,1
2023-10-04,Flipkart,F3926,Accessories,Punjab,752,1
2023-10-04,Flipkart,F5559,Home Decor,West Bengal,1430,2
2023-10-04,Flipkart,F7508,Grocery,Punjab,866,1
2023-10-04,Flipkart,F1670,Electronics,Haryana,1758,3
2023-10-04,Flipkart,F8868,Electronics,Tamil Nadu,1611,3
2023-10-04,Flipkart,F4271,Home Decor,Jharkhand,1902,2
2023-10-04,Flipkart,F4392,Home Decor,Delhi,2836,4
2023-10-04,Flipkart,F9417,Clothes,Chhattisgarh,746,2
2023-10-05,Flipkart,F6096,Accessories,Odisha,4925,5
2023-10-05,Flipkart,F2148,Electronics,Maharashtra,1530,2
2023-10-05,Flipkart,F4858,Accessories,Punjab,2965,5
2023-10-05,Flipkart,F2922,Accessories,Delhi,1932,2
2023-10-05,Flipkart,F3439,Home Decor,Haryana,1018,2
2023-10-05,Flipkart,F2660,Clothes,Maharashtra,4465,5
2023-10-05,Flipkart,F4879,Clothes,Andhra Pradesh,858,3
2023-10-05,Flipkart,F2189,Home Decor,Andhra Pradesh,1140,2
2023-10-05,Flipkart,F9953,Grocery,Tamil Nadu,747,1
2023-10-05,Flipkart,F2117,Grocery,Andhra Pradesh,1980,4
2023-10-05,Flipkart,F4601,Grocery,Madhya Pradesh,919,1
2023-10-05,Flipkart,F3435,Grocery,Madhya Pradesh,3872,4
2023-10-05,Flipkart,F3423,Electronics,Gujarat,2692,4
2023-10-05,Flipkart,F6110,Accessories,Andhra Pradesh,2178,3
2023-10-05,Flipkart,F5378,Home Decor,West Bengal,1352,2
2023-10-05,Flipkart,F4006,Clothes,Jharkhand,716,4
2023-10-05,Flipkart,F8135,Electronics,Uttar Pradesh,381,1
2023-10-05,Flipkart,F4992,Home Decor,Assam,1128,2
2023-10-05,Flipkart,F7954,Grocery,Delhi,2376,4
2023-10-05,Flipkart,F5535,Accessories,Jharkhand,316,2
2023-10-05,Flipkart,F7491,Clothes,Haryana,735,3
2023-10-05,Flipkart,F6560,Clothes,Uttar Pradesh,4305,5
2023-10-05,Flipkart,F9973,Grocery,Assam,4080,5
2023-10-05,Flipkart,F2425,Clothes,Uttar Pradesh,1238,2
2023-10-05,Flipkart,F6510,Accessories,West Bengal,557,1
2023-10-05,Flipkart,F8729,Clothes,Uttarakhand,1372,2
2023-10-06,Flipkart,F3512,Grocery,Assam,1680,3
2023-10-06,Flipkart,F3388,Home Decor,Kerala,471,3
2023-10-06,Flipkart,F8617,Home Decor,Telangana,768,2
2023-10-06,Flipkart,F8982,Accessories,Delhi,1112,2
2023-10-06,Flipkart,F4096,Grocery,Haryana,2280,4
2023-10-06,Flipkart,F3046,Accessories,Tamil Nadu,752,2
2023-10-06,Flipkart,F7091,Grocery,Delhi,1180,2
2023-10-06,Flipkart,F4437,Home Decor,Delhi,787,1
2023-10-06,Flipkart,F5436,Grocery,Maharashtra,3820,5
2023-10-06,Flipkart,F7929,Electronics,Gujarat,2244,4
2023-10-06,Flipkart,F8170,Accessories,Kerala,279,1
2023-10-06,Flipkart,F7259,Home Decor,West Bengal,701,1
2023-10-06,Flipkart,F6076,Electronics,Chhattisgarh,468,4
2023-10-06,Flipkart,F2244,Clothes,Tamil Nadu,1312,2
2023-10-06,Flipkart,F3243,Electronics,Kerala,2200,4
2023-10-06,Flipkart,F9498,Clothes,Tamil Nadu,1320,4
2023-10-06,Flipkart,F5776,Home Decor,Karnataka,1288,2
2023-10-06,Flipkart,F8224,Clothes,Maharashtra,1284,4
2023-10-06,Flipkart,F5367,Grocery,Tamil Nadu,1170,2
2023-10-06,Flipkart,F8105,Accessories,Karnataka,2564,4
2023-10-06,Flipkart,F1175,Accessories,Assam,3880,5
2023-10-06,Flipkart,F3835,Electronics,Punjab,386,1
2023-10-06,Flipkart,F3362,Accessories,Odisha,2688,3
2023-10-06,Flipkart,F6460,Electronics,Tamil Nadu,1450,5
2023-10-06,Flipkart,F5149,Accessories,Chhattisgarh,762,3
2023-10-06,Flipkart,F4530,Home Decor,Karnataka,2956,4
2023-10-06,Flipkart,F6079,Clothes,Uttarakhand,959,1
2023-10-06,Flipkart,F3072,Home Decor,Haryana,1428,3
2023-10-06,Flipkart,F6580,Grocery,Kerala,2172,4
2023-10-06,Flipkart,F2978,Grocery,West Bengal,297,1
2023-10-06,Flipkart,F7441,Electronics,Haryana,1584,3
2023-10-06,Flipkart,F8672,Grocery,Delhi,2304,3
2023-10-06,Flipkart,F2772,Clothes,Bihar,924,4
2023-10-06,Flipkart,F6464,Clothes,Jharkhand,558,3
2023-10-06,Flipkart,F6769,Clothes,Gujarat,3170,5
2023-10-06,Flipkart,F2276,Clothes,Uttar Pradesh,2751,3
2023-10-06,Flipkart,F7851,Electronics,Maharashtra,2613,3
2023-10-07,Flipkart,F2478,Home Decor,Haryana,520,4
2023-10-07,Flipkart,F2524,Accessories,Kerala,2877,3
2023-10-07,Flipkart,F3473,Accessories,Jharkhand,1164,2
2023-10-07,Flipkart,F8614,Grocery,Madhya Pradesh,4375,5
2023-10-07,Flipkart,F3985,Electronics,Rajasthan,514,1
2023-10-07,Flipkart,F3144,Electronics,Chhattisgarh,4855,5
2023-10-07,Flipkart,F8065,Home Decor,Bihar,1323,3
2023-10-07,Flipkart,F5162,Accessories,Odisha,2895,5
2023-10-07,Flipkart,F8458,Grocery,Uttarakhand,1386,2
2023-10-07,Flipkart,F4505,Grocery,Bihar,1065,3
2023-10-07,Flipkart,F7273,Electronics,Andhra Pradesh,1716,3
2023-10-07,Flipkart,F9451,Clothes,Gujarat,2856,3
2023-10-07,Flipkart,F2887,Grocery,Chhattisgarh,2835,3
2023-10-07,Flipkart,F7848,Accessories,Punjab,2634,3
2023-10-07,Flipkart,F3311,Home Decor,Maharashtra,1467,3
2023-10-07,Flipkart,F1663,Electronics,Telangana,791,1
2023-10-07,Flipkart,F9808,Clothes,Uttarakhand,1432,4
2023-10-07,Flipkart,F9673,Grocery,Punjab,1386,3
2023-10-07,Flipkart,F2972,Clothes,Kerala,103,1
2023-10-07,Flipkart,F9006,Grocery,Haryana,1855,5
2023-10-07,Flipkart,F9374,Home Decor,Tamil Nadu,2184,4
2023-10-07,Flipkart,F4035,Home Decor,Haryana,1132,4
2023-10-07,Flipkart,F1980,Home Decor,Rajasthan,873,3
2023-10-07,Flipkart,F2644,Accessories,Chhattisgarh,2440,4
2023-10-07,Flipkart,F7005,Grocery,West Bengal,1377,3
2023-10-07,Flipkart,F7243,Electronics,Kerala,2048,4
2023-10-07,Flipkart,F8464,Electronics,Maharashtra,4265,5
2023-10-07,Flipkart,F3129,Clothes,Uttar Pradesh,1257,3
2023-10-07,Flipkart,F8641,Home Decor,Andhra Pradesh,1386,3
2023-10-07,Flipkart,F2796,Accessories,Telangana,3185,5
2023-10-08,Flipkart,F2657,Accessories,Bihar,2934,3
2023-10-08,Flipkart,F6941,Grocery,Gujarat,296,2
2023-10-08,Flipkart,F3942,Clothes,Assam,2436,4
2023-10-08,Flipkart,F4480,Home Decor,Bihar,951,3
2023-10-08,Flipkart,F3572,Electronics,Kerala,424,2
2023-10-08,Flipkart,F7846,Clothes,Punjab,548,1
2023-10-08,Flipkart,F7919,Electronics,Jharkhand,707,1
2023-10-08,Flipkart,F7719,Grocery,Madhya Pradesh,2343,3
2023-10-08,Flipkart,F1306,Clothes,Uttarakhand,300,2
2023-10-08,Flipkart,F8611,Clothes,Rajasthan,690,3
2023-10-08,Flipkart,F9483,Clothes,Telangana,2305,5
2023-10-08,Flipkart,F3922,Clothes,Uttarakhand,4525,5
2023-10-08,Flipkart,F8325,Home Decor,Punjab,1160,5
2023-10-08,Flipkart,F1293,Home Decor,Chhattisgarh,684,1
2023-10-08,Flipkart,F7455,Electronics,Uttarakhand,1054,2
2023-10-08,Flipkart,F9130,Home Decor,Madhya Pradesh,1060,5
2023-10-08,Flipkart,F3909,Clothes,Haryana,1316,4
2023-10-08,Flipkart,F1836,Home Decor,Maharashtra,573,1
2023-10-08,Flipkart,F3652,Home Decor,Karnataka,595,5
2023-10-08,Flipkart,F9105,Home Decor,Jharkhand,3864,4
2023-10-08,Flipkart,F7345,Home Decor,Assam,716,4
2023-10-08,Flipkart,F4988,Home Decor,Delhi,2703,3
2023-10-08,Flipkart,F4400,Clothes,Andhra Pradesh,271,1
2023-10-08,Flipkart,F8964,Home Decor,Andhra Pradesh,1496,2
2023-10-08,Flipkart,F4755,Accessories,Madhya Pradesh,4775,5
2023-10-08,Flipkart,F5828,Accessories,Gujarat,2855,5
2023-10-08,Flipkart,F1255,Clothes,Maharashtra,1260,4
2023-10-08,Flipkart,F5100,Electronics,Jharkhand,418,2
2023-10-08,Flipkart,F8506,Clothes,Karnataka,3660,4
2023-10-08,Flipkart,F1692,Accessories,Tamil Nadu,1140,2
2023-10-08,Flipkart,F1467,Accessories,Bihar,1167,3
2023-10-08,Flipkart,F3383,Clothes,Delhi,2829,3
2023-10-09,Flipkart,F4893,Clothes,Uttar Pradesh,2292,3
2023-10-09,Flipkart,F9249,Clothes,Rajasthan,2095,5
2023-10-09,Flipkart,F8491,Accessories,Haryana,1094,2
2023-10-09,Flipkart,F9191,Electronics,Kerala,345,3
2023-10-09,Flipkart,F5967,Clothes,Delhi,846,1
2023-10-09,Flipkart,F9365,Electronics,Maharashtra,948,4
2023-10-09,Flipkart,F7268,Clothes,Telangana,714,2
2023-10-09,Flipkart,F1783,Accessories,West Bengal,897,3
2023-10-09,Flipkart,F9733,Electronics,Jharkhand,2084,4
2023-10-09,Flipkart,F2358,Home Decor,Assam,2223,3
2023-10-09,Flipkart,F5300,Accessories,Andhra Pradesh,2388,4
2023-10-09,Flipkart,F7745,Grocery,Chhattisgarh,366,1
2023-10-09,Flipkart,F8694,Grocery,Punjab,657,1
2023-10-09,Flipkart,F8794,Accessories,Andhra Pradesh,768,2
2023-10-09,Flipkart,F3604,Home Decor,Uttarakhand,272,2
2023-10-09,Flipkart,F6499,Accessories,Bihar,669,3
2023-10-09,Flipkart,F8720,Accessories,Tamil Nadu,215,1
2023-10-09,Flipkart,F6927,Grocery,Uttar Pradesh,249,1
2023-10-09,Flipkart,F3711,Home Decor,Punjab,1562,2
2023-10-09,Flipkart,F7100,Electronics,Haryana,3800,4
2023-10-09,Flipkart,F6271,Home Decor,Punjab,2288,4
2023-10-09,Flipkart,F8243,Grocery,Jharkhand,2874,3
2023-10-09,Flipkart,F4470,Grocery,Chhattisgarh,520,5
2023-10-09,Flipkart,F7602,Home Decor,Uttarakhand,2172,3
2023-10-09,Flipkart,F9847,Home Decor,Kerala,796,2
2023-10-09,Flipkart,F4521,Accessories,Madhya Pradesh,230,2
2023-10-09,Flipkart,F1163,Electronics,Madhya Pradesh,2070,5
2023-10-09,Flipkart,F8007,Grocery,Kerala,1806,2
2023-10-09,Flipkart,F1983,Grocery,Chhattisgarh,2784,4
2023-10-09,Flipkart,F1193,Electronics,Bihar,992,4
2023-10-09,Flipkart,F7902,Grocery,Uttar Pradesh,3256,4
2023-10-09,Flipkart,F3518,Clothes,Telangana,807,1
2023-10-09,Flipkart,F5749,Home Decor,Jharkhand,1182,2
2023-10-09,Flipkart,F6474,Accessories,Chhattisgarh,2508,4
2023-10-09,Flipkart,F5128,Electronics,Bihar,1288,4
2023-10-09,Flipkart,F2853,Electronics,Chhattisgarh,718,1
2023-10-10,Flipkart,F5121,Grocery,Odisha,1912,2
2023-10-10,Flipkart,F7299,Home Decor,West Bengal,214,2
2023-10-10,Flipkart,F7608,Electronics,Uttar Pradesh,1966,2
2023-10-10,Flipkart,F9621,Home Decor,Odisha,2356,4
2023-10-10,Flipkart,F9310,Home Decor,Karnataka,462,1
2023-10-10,Flipkart,F3244,Grocery,Assam,1698,3
2023-10-10,Flipkart,F4211,Home Decor,Delhi,1085,5
2023-10-10,Flipkart,F2606,Grocery,Andhra Pradesh,906,1
2023-10-10,Flipkart,F1180,Accessories,West Bengal,2755,5
2023-10-10,Flipkart,F1677,Accessories,West Bengal,1530,3
2023-10-10,Flipkart,F2753,Clothes,Madhya Pradesh,432,4
2023-10-10,Flipkart,F3426,Home Decor,Andhra Pradesh,2499,3
2023-10-10,Flipkart,F4149,Accessories,Rajasthan,2145,3
2023-10-10,Flipkart,F5195,Clothes,Uttar Pradesh,812,4
2023-10-10,Flipkart,F6879,Clothes,Tamil Nadu,2872,4
2023-10-10,Flipkart,F4541,Electronics,Kerala,1425,3
2023-10-10,Flipkart,F3812,Electronics,Punjab,2510,5
2023-10-10,Flipkart,F4986,Home Decor,Jharkhand,4780,5
2023-10-10,Flipkart,F4340,Grocery,West Bengal,1650,2
2023-10-10,Flipkart,F2178,Grocery,Madhya Pradesh,277,1
2023-10-10,Flipkart,F2009,Accessories,Maharashtra,2548,4
2023-10-10,Flipkart,F9240,Clothes,Assam,242,2
2023-10-10,Flipkart,F5726,Accessories,Uttar Pradesh,910,2
2023-10-10,Flipkart,F2012,Clothes,Madhya Pradesh,4635,5
2023-10-10,Flipkart,F2054,Accessories,Rajasthan,620,1
2023-10-10,Flipkart,F6477,Electronics,Andhra Pradesh,852,2
2023-10-10,Flipkart,F1848,Electronics,Uttar Pradesh,251,1
2023-10-10,Flipkart,F1378,Grocery,Rajasthan,1467,3
2023-10-10,Flipkart,F7062,Grocery,Uttarakhand,2985,3
2023-10-10,Flipkart,F4664,Accessories,Andhra Pradesh,917,1
2023-10-10,Flipkart,F3814,Electronics,Gujarat,1544,4
2023-10-11,Flipkart,F2234,Home Decor,Maharashtra,224,2
2023-10-11,Flipkart,F5755,Accessories,Uttar Pradesh,3840,4
2023-10-11,Flipkart,F4457,Electronics,Gujarat,725,1
2023-10-11,Flipkart,F5394,Clothes,Karnataka,492,3
2023-10-11,Flipkart,F9888,Electronics,Uttarakhand,1102,2
2023-10-11,Flipkart,F7714,Accessories,Haryana,1446,2
2023-10-11,Flipkart,F1927,Grocery,Uttarakhand,175,1
2023-10-11,Flipkart,F2618,Clothes,Uttar Pradesh,3832,4
2023-10-11,Flipkart,F9700,Electronics,Karnataka,3000,4
2023-10-11,Flipkart,F6150,Home Decor,Uttarakhand,951,1
2023-10-11,Flipkart,F8419,Grocery,Rajasthan,785,5
2023-10-11,Flipkart,F2355,Clothes,Madhya Pradesh,980,2
2023-10-11,Flipkart,F9095,Home Decor,Uttarakhand,1178,2
2023-10-11,Flipkart,F1983,Accessories,Uttarakhand,655,5
2023-10-11,Flipkart,F3004,Electronics,Andhra Pradesh,1200,4
2023-10-11,Flipkart,F7501,Electronics,West Bengal,2396,4
2023-10-11,Flipkart,F8812,Clothes,Maharashtra,277,1
2023-10-11,Flipkart,F5296,Grocery,Telangana,2650,5
2023-10-11,Flipkart,F7563,Clothes,Karnataka,1692,2
2023-10-11,Flipkart,F1497,Clothes,Uttarakhand,2456,4
2023-10-11,Flipkart,F9155,Home Decor,Uttar Pradesh,2889,3
2023-10-11,Flipkart,F4560,Home Decor,Rajasthan,426,2
2023-10-11,Flipkart,F2428,Grocery,Madhya Pradesh,2972,4
2023-10-11,Flipkart,F6442,Home Decor,Assam,2412,4
2023-10-11,Flipkart,F9828,Grocery,Madhya Pradesh,961,1
2023-10-11,Flipkart,F5437,Clothes,Bihar,429,1
2023-10-11,Flipkart,F8777,Home Decor,Gujarat,4500,5
2023-10-11,Flipkart,F1324,Accessories,Tamil Nadu,644,2
2023-10-11,Flipkart,F5282,Home Decor,Maharashtra,2830,5
2023-10-11,Flipkart,F5040,Home Decor,Jharkhand,879,3
2023-10-11,Flipkart,F1616,Grocery,Andhra Pradesh,784,2
2023-10-11,Flipkart,F6897,Accessories,Delhi,627,3
2023-10-11,Flipkart,F2438,Electronics,Assam,2658,3
2023-10-11,Flipkart,F7692,Home Decor,Jharkhand,3012,4
2023-10-11,Flipkart,F9807,Electronics,Kerala,3244,4
2023-10-11,Flipkart,F3565,Accessories,Uttarakhand,680,2
2023-10-11,Flipkart,F6788,Accessories,Gujarat,590,5
2023-10-11,Flipkart,F8744,Clothes,Karnataka,368,1
2023-10-11,Flipkart,F2345,Clothes,Uttarakhand,1248,4
2023-10-11,Flipkart,F6488,Grocery,Chhattisgarh,1107,3
2023-10-12,Flipkart,F3362,Clothes,Odisha,2385,5
2023-10-12,Flipkart,F1047,Home Decor,Punjab,2928,3
2023-10-12,Flipkart,F1801,Home Decor,Odisha,960,2
2023-10-12,Flipkart,F1842,Accessories,Gujarat,1392,2
2023-10-12,Flipkart,F6354,Electronics,Maharashtra,1065,3
2023-10-12,Flipkart,F7855,Home Decor,Odisha,2148,4
2023-10-12,Flipkart,F4194,Clothes,Odisha,3855,5
2023-10-12,Flipkart,F6110,Home Decor,Odisha,786,2
2023-10-12,Flipkart,F3925,Grocery,Jharkhand,722,2
2023-10-12,Flipkart,F9059,Home Decor,Karnataka,996,2
2023-10-12,Flipkart,F8427,Electronics,Rajasthan,3310,5
2023-10-12,Flipkart,F8339,Clothes,Uttar Pradesh,815,1
2023-10-12,Flipkart,F3494,Grocery,Rajasthan,725,5
2023-10-12,Flipkart,F9598,Accessories,Assam,855,1
2023-10-12,Flipkart,F6410,Accessories,Odisha,486,2
2023-10-12,Flipkart,F3347,Clothes,Odisha,1112,4
2023-10-12,Flipkart,F7659,Electronics,Jharkhand,934,2
2023-10-12,Flipkart,F3094,Clothes,Andhra Pradesh,688,1
2023-10-12,Flipkart,F6612,Accessories,Haryana,1692,4
2023-10-12,Flipkart,F2909,Accessories,Maharashtra,183,1
2023-10-12,Flipkart,F4395,Accessories,Odisha,921,3
2023-10-12,Flipkart,F7828,Clothes,Chhattisgarh,154,1
2023-10-12,Flipkart,F9607,Clothes,Assam,924,2
2023-10-12,Flipkart,F3557,Accessories,Jharkhand,330,1
2023-10-12,Flipkart,F6762,Grocery,Bihar,4975,5
2023-10-13,Flipkart,F8032,Home Decor,Delhi,1416,3
2023-10-13,Flipkart,F3590,Grocery,Assam,2463,3
2023-10-13,Flipkart,F7234,Accessories,Odisha,720,1
2023-10-13,Flipkart,F2782,Clothes,Uttar Pradesh,844,1
2023-10-13,Flipkart,F1863,Accessories,Andhra Pradesh,858,3
2023-10-13,Flipkart,F5217,Grocery,Madhya Pradesh,1584,3
2023-10-13,Flipkart,F9944,Home Decor,Kerala,1834,2
2023-10-13,Flipkart,F4196,Grocery,Delhi,3715,5
2023-10-13,Flipkart,F7406,Grocery,Jharkhand,1185,5
2023-10-13,Flipkart,F8533,Grocery,Kerala,2415,5
2023-10-13,Flipkart,F9141,Clothes,Kerala,334,2
2023-10-13,Flipkart,F7650,Accessories,Haryana,1678,2
2023-10-13,Flipkart,F5559,Home Decor,Uttar Pradesh,433,1
2023-10-13,Flipkart,F5619,Accessories,Kerala,686,2
2023-10-13,Flipkart,F2860,Clothes,Madhya Pradesh,1812,2
2023-10-13,Flipkart,F3509,Home Decor,West Bengal,2068,4
2023-10-13,Flipkart,F7644,Accessories,Maharashtra,918,1
2023-10-13,Flipkart,F4740,Clothes,Assam,2495,5
2023-10-13,Flipkart,F2452,Clothes,Delhi,1798,2
2023-10-13,Flipkart,F3420,Clothes,Andhra Pradesh,1995,3
2023-10-13,Flipkart,F5721,Home Decor,Jharkhand,402,3
2023-10-13,Flipkart,F4617,Accessories,Maharashtra,2680,5
2023-10-13,Flipkart,F9954,Clothes,Uttarakhand,1844,2
2023-10-13,Flipkart,F7621,Accessories,Uttar Pradesh,942,1
2023-10-13,Flipkart,F6679,Electronics,Kerala,1113,3
2023-10-13,Flipkart,F4130,Clothes,Uttar Pradesh,1701,3
2023-10-13,Flipkart,F6006,Grocery,Jharkhand,744,4
2023-10-13,Flipkart,F1342,Clothes,Tamil Nadu,254,1
2023-10-13,Flipkart,F4958,Clothes,Uttar Pradesh,1839,3
2023-10-13,Flipkart,F7504,Electronics,Gujarat,3795,5
2023-10-13,Flipkart,F3737,Electronics,Chhattisgarh,2877,3
2023-10-13,Flipkart,F9928,Home Decor,Uttarakhand,1980,5
2023-10-13,Flipkart,F2579,Electronics,Uttarakhand,3340,5
2023-10-13,Flipkart,F6929,Clothes,Maharashtra,486,2
2023-10-13,Flipkart,F8004,Electronics,Odisha,1206,2
2023-10-14,Flipkart,F3850,Clothes,Jharkhand,2934,3
2023-10-14,Flipkart,F5774,Accessories,Maharashtra,3755,5
2023-10-14,Flipkart,F9016,Clothes,Jharkhand,1308,4
2023-10-14,Flipkart,F1996,Clothes,Chhattisgarh,1602,2
2023-10-14,Flipkart,F3172,Electronics,Telangana,1798,2
2023-10-14,Flipkart,F3429,Grocery,Madhya Pradesh,1202,2
2023-10-14,Flipkart,F1167,Clothes,Punjab,4415,5
2023-10-14,Flipkart,F2764,Grocery,West Bengal,837,3
2023-10-14,Flipkart,F1667,Accessories,Maharashtra,3155,5
2023-10-14,Flipkart,F8792,Clothes,Uttarakhand,1000,2
2023-10-14,Flipkart,F1907,Accessories,Telangana,1566,2
2023-10-14,Flipkart,F3010,Clothes,Rajasthan,4760,5
2023-10-14,Flipkart,F7885,Grocery,Uttarakhand,1008,4
2023-10-14,Flipkart,F1487,Home Decor,Telangana,3468,4
2023-10-14,Flipkart,F7911,Accessories,Gujarat,786,1
2023-10-14,Flipkart,F5179,Grocery,Delhi,3515,5
2023-10-14,Flipkart,F2891,Electronics,Punjab,1137,3
2023-10-14,Flipkart,F4704,Accessories,Chhattisgarh,1686,2
2023-10-14,Flipkart,F7212,Accessories,Assam,226,1
2023-10-14,Flipkart,F2751,Clothes,Bihar,1005,5
2023-10-14,Flipkart,F3766,Clothes,Punjab,1505,5
2023-10-14,Flipkart,F2187,Grocery,Uttar Pradesh,3408,4
2023-10-14,Flipkart,F4643,Grocery,Madhya Pradesh,156,1
2023-10-14,Flipkart,F7263,Electronics,Maharashtra,300,2
2023-10-15,Flipkart,F6025,Home Decor,Haryana,772,2
2023-10-15,Flipkart,F1390,Grocery,Madhya Pradesh,570,5
2023-10-15,Flipkart,F1676,Electronics,Odisha,611,1
2023-10-15,Flipkart,F7959,Electronics,Jharkhand,872,1
2023-10-15,Flipkart,F4623,Electronics,Uttar Pradesh,420,4
2023-10-15,Flipkart,F5712,Home Decor,Tamil Nadu,894,1
2023-10-15,Flipkart,F8293,Accessories,Punjab,3365,5
2023-10-15,Flipkart,F6872,Accessories,Andhra Pradesh,542,2
2023-10-15,Flipkart,F9233,Home Decor,Rajasthan,2406,3
2023-10-15,Flipkart,F9798,Accessories,Maharashtra,349,1
2023-10-15,Flipkart,F7353,Grocery,Assam,2817,3
2023-10-15,Flipkart,F7198,Home Decor,Kerala,1105,5
2023-10-15,Flipkart,F9428,Accessories,Madhya Pradesh,3048,4
2023-10-15,Flipkart,F7129,Grocery,Assam,1364,2
2023-10-15,Flipkart,F8457,Accessories,Madhya Pradesh,2140,5
2023-10-15,Flipkart,F2111,Home Decor,West Bengal,1352,4
2023-10-15,Flipkart,F7251,Clothes,Andhra Pradesh,1975,5
2023-10-15,Flipkart,F5553,Home Decor,Uttarakhand,1524,3
2023-10-15,Flipkart,F4073,Grocery,Karnataka,1702,2
2023-10-15,Flipkart,F7522,Clothes,Haryana,2280,5
2023-10-15,Flipkart,F1162,Electronics,Karnataka,624,2
2023-10-15,Flipkart,F4292,Clothes,Andhra Pradesh,846,3
2023-10-15,Flipkart,F9924,Grocery,Odisha,832,4
2023-10-15,Flipkart,F2730,Home Decor,West Bengal,373,1
2023-10-15,Flipkart,F1707,Electronics,Delhi,708,1
2023-10-15,Flipkart,F5487,Clothes,Madhya Pradesh,1768,2
2023-10-15,Flipkart,F9550,Home Decor,Gujarat,725,1
2023-10-15,Flipkart,F2137,Clothes,Andhra Pradesh,2840,4
2023-10-15,Flipkart,F7748,Electronics,Madhya Pradesh,759,3
2023-10-15,Flipkart,F3787,Electronics,Maharashtra,855,3
2023-10-15,Flipkart,F6481,Home Decor,Haryana,1452,4
2023-10-15,Flipkart,F6269,Electronics,West Bengal,2958,3
2023-10-15,Flipkart,F3149,Accessories,Karnataka,2630,5
2023-10-15,Flipkart,F1729,Electronics,Rajasthan,1905,3
2023-10-15,Flipkart,F4204,Electronics,Andhra Pradesh,742,1
2023-10-16,Flipkart,F5354,Electronics,Maharashtra,295,1
2023-10-16,Flipkart,F2922,Home Decor,Punjab,3020,5
2023-10-16,Flipkart,F6217,Grocery,Madhya Pradesh,1668,4
2023-10-16,Flipkart,F4885,Clothes,Tamil Nadu,671,1
2023-10-16,Flipkart,F5788,Grocery,Telangana,2826,3
2023-10-16,Flipkart,F9707,Grocery,Uttarakhand,1863,3
2023-10-16,Flipkart,F3913,Home Decor,West Bengal,3415,5
2023-10-16,Flipkart,F5878,Electronics,Delhi,432,1
2023-10-16,Flipkart,F2562,Clothes,West Bengal,921,3
2023-10-16,Flipkart,F3322,Home Decor,Delhi,3705,5
2023-10-16,Flipkart,F1395,Clothes,Uttarakhand,1245,5
2023-10-16,Flipkart,F6123,Clothes,Uttarakhand,4170,5
2023-10-16,Flipkart,F4802,Electronics,Jharkhand,426,1
2023-10-16,Flipkart,F2908,Clothes,Telangana,1106,2
2023-10-16,Flipkart,F7956,Grocery,Assam,1760,2
2023-10-16,Flipkart,F1155,Clothes,Uttarakhand,1215,5
2023-10-16,Flipkart,F3952,Electronics,Gujarat,2605,5
2023-10-16,Flipkart,F1537,Electronics,Andhra Pradesh,3740,5
2023-10-16,Flipkart,F2988,Electronics,West Bengal,943,1
2023-10-16,Flipkart,F3644,Home Decor,Jharkhand,3035,5
2023-10-16,Flipkart,F7438,Accessories,Haryana,2061,3
2023-10-16,Flipkart,F9685,Electronics,Tamil Nadu,1456,2
2023-10-16,Flipkart,F7183,Accessories,West Bengal,1972,4
2023-10-16,Flipkart,F6221,Accessories,Gujarat,1884,4
2023-10-16,Flipkart,F9381,Accessories,Tamil Nadu,601,1
2023-10-16,Flipkart,F4996,Clothes,Madhya Pradesh,148,1
2023-10-17,Flipkart,F5224,Grocery,Chhattisgarh,1892,4
2023-10-17,Flipkart,F7469,Accessories,Kerala,960,5
2023-10-17,Flipkart,F2718,Home Decor,Gujarat,653,1
2023-10-17,Flipkart,F2941,Electronics,Rajasthan,2628,4
2023-10-17,Flipkart,F3678,Clothes,West Bengal,1592,2
2023-10-17,Flipkart,F3056,Accessories,West Bengal,3040,5
2023-10-17,Flipkart,F7791,Accessories,West Bengal,3568,4
2023-10-17,Flipkart,F4373,Home Decor,Rajasthan,379,1
2023-10-17,Flipkart,F9048,Home Decor,Odisha,676,4
2023-10-17,Flipkart,F7388,Clothes,Delhi,2760,3
2023-10-17,Flipkart,F9694,Clothes,Chhattisgarh,605,5
2023-10-17,Flipkart,F2594,Clothes,Jharkhand,1114,2
2023-10-17,Flipkart,F8361,Grocery,Chhattisgarh,2877,3
2023-10-17,Flipkart,F7606,Home Decor,Assam,3595,5
2023-10-17,Flipkart,F2979,Clothes,Kerala,4290,5
2023-10-17,Flipkart,F2637,Clothes,Uttarakhand,1368,4
2023-10-17,Flipkart,F3716,Home Decor,Delhi,3028,4
2023-10-17,Flipkart,F4951,Grocery,Odisha,1864,4
2023-10-17,Flipkart,F7671,Electronics,Maharashtra,2652,3
2023-10-17,Flipkart,F4686,Electronics,Gujarat,1644,2
2023-10-17,Flipkart,F8072,Clothes,Assam,650,1
2023-10-17,Flipkart,F5041,Home Decor,Jharkhand,672,2
2023-10-17,Flipkart,F8715,Accessories,Assam,500,2
2023-10-17,Flipkart,F1864,Electronics,Madhya Pradesh,1794,3
2023-10-17,Flipkart,F2660,Grocery,Andhra Pradesh,418,1
2023-10-17,Flipkart,F1076,Home Decor,Punjab,2896,4
2023-10-17,Flipkart,F2713,Home Decor,Telangana,1700,5
2023-10-17,Flipkart,F4936,Home Decor,Uttar Pradesh,505,5
2023-10-17,Flipkart,F1328,Electronics,Delhi,1540,2
2023-10-17,Flipkart,F8889,Electronics,Karnataka,676,4
2023-10-18,Flipkart,F5861,Accessories,Delhi,1918,2
2023-10-18,Flipkart,F5260,Home Decor,Kerala,710,2
2023-10-18,Flipkart,F8661,Accessories,Madhya Pradesh,501,3
2023-10-18,Flipkart,F2795,Home Decor,Punjab,608,2
2023-10-18,Flipkart,F1702,Clothes,Kerala,420,3
2023-10-18,Flipkart,F5672,Clothes,Uttarakhand,1905,3
2023-10-18,Flipkart,F1464,Electronics,Delhi,1876,2
2023-10-18,Flipkart,F9869,Grocery,Assam,413,1
2023-10-18,Flipkart,F5853,Home Decor,Gujarat,3920,5
2023-10-18,Flipkart,F4665,Accessories,Gujarat,1108,2
2023-10-18,Flipkart,F9966,Clothes,Uttarakhand,3128,4
2023-10-18,Flipkart,F2179,Grocery,Chhattisgarh,339,1
2023-10-18,Flipkart,F2959,Grocery,Bihar,399,1
2023-10-18,Flipkart,F1784,Home Decor,Rajasthan,1602,3
2023-10-18,Flipkart,F1283,Accessories,Tamil Nadu,1636,2
2023-10-18,Flipkart,F6421,Home Decor,Uttar Pradesh,3840,4
2023-10-18,Flipkart,F9992,Grocery,Maharashtra,1986,3
2023-10-18,Flipkart,F7373,Accessories,Punjab,1680,4
2023-10-18,Flipkart,F3021,Grocery,Jharkhand,507,3
2023-10-18,Flipkart,F9107,Accessories,Punjab,2108,4
2023-10-18,Flipkart,F3801,Grocery,Kerala,3620,5
2023-10-18,Flipkart,F6872,Electronics,Gujarat,739,1
2023-10-18,Flipkart,F4414,Electronics,Gujarat,1216,2
2023-10-18,Flipkart,F7206,Home Decor,Jharkhand,1872,2
2023-10-18,Flipkart,F9800,Grocery,Uttar Pradesh,636,2
2023-10-18,Flipkart,F8186,Clothes,Tamil Nadu,944,4
2023-10-18,Flipkart,F3335,Electronics,Gujarat,417,1
2023-10-18,Flipkart,F3392,Electronics,Tamil Nadu,2864,4
2023-10-18,Flipkart,F2438,Home Decor,Punjab,1752,2
2023-10-18,Flipkart,F6666,Home Decor,Haryana,615,5
2023-10-18,Flipkart,F5742,Home Decor,Andhra Pradesh,1230,3
2023-10-18,Flipkart,F6791,Home Decor,Odisha,724,1
2023-10-18,Flipkart,F5012,Accessories,Assam,828,4
2023-10-18,Flipkart,F7732,Home Decor,Gujarat,1740,5
2023-10-18,Flipkart,F7067,Clothes,Andhra Pradesh,550,2
2023-10-18,Flipkart,F2137,Home Decor,Rajasthan,273,1
2023-10-18,Flipkart,F2072,Clothes,Tamil Nadu,404,4
2023-10-18,Flipkart,F6347,Accessories,Rajasthan,768,1
2023-10-19,Flipkart,F5028,Grocery,Uttar Pradesh,4650,5
2023-10-19,Flipkart,F4795,Home Decor,Karnataka,924,2
2023-10-19,Flipkart,F4636,Grocery,Telangana,4360,5
2023-10-19,Flipkart,F9592,Home Decor,Jharkhand,1392,2
2023-10-19,Flipkart,F6338,Electronics,Punjab,2216,4
2023-10-19,Flipkart,F1497,Clothes,Uttarakhand,1059,3
2023-10-19,Flipkart,F8470,Electronics,Jharkhand,3700,5
2023-10-19,Flipkart,F8873,Electronics,Gujarat,1971,3
2023-10-19,Flipkart,F7853,Clothes,Gujarat,965,5
2023-10-19,Flipkart,F9644,Clothes,Andhra Pradesh,1666,2
2023-10-19,Flipkart,F6492,Electronics,Kerala,2964,4
2023-10-19,Flipkart,F2989,Grocery,Uttarakhand,858,3
2023-10-19,Flipkart,F5028,Grocery,Karnataka,4905,5
2023-10-19,Flipkart,F8491,Home Decor,Telangana,1468,4
2023-10-19,Flipkart,F2801,Home Decor,Gujarat,2952,4
2023-10-19,Flipkart,F2969,Electronics,West Bengal,2163,3
2023-10-19,Flipkart,F8972,Grocery,Telangana,974,1
2023-10-19,Flipkart,F8293,Accessories,Odisha,1215,5
2023-10-19,Flipkart,F5255,Accessories,West Bengal,935,1
2023-10-19,Flipkart,F9408,Home Decor,Maharashtra,2883,3
2023-10-19,Flipkart,F5787,Home Decor,Telangana,2264,4
2023-10-19,Flipkart,F9972,Accessories,Haryana,1368,2
2023-10-19,Flipkart,F2848,Accessories,Rajasthan,173,1
2023-10-19,Flipkart,F1851,Accessories,Bihar,4345,5
2023-10-19,Flipkart,F8793,Electronics,Maharashtra,2949,3
2023-10-19,Flipkart,F5151,Home Decor,Gujarat,1215,5
2023-10-19,Flipkart,F9533,Accessories,Rajasthan,1545,3
2023-10-19,Flipkart,F5079,Accessories,Punjab,1712,2
2023-10-20,Flipkart,F8453,Grocery,Tamil Nadu,2924,4
2023-10-20,Flipkart,F6495,Electronics,Karnataka,702,2
2023-10-20,Flipkart,F8181,Accessories,Telangana,3220,5
2023-10-20,Flipkart,F5611,Electronics,Haryana,384,1
2023-10-20,Flipkart,F4140,Home Decor,Delhi,2592,3
2023-10-20,Flipkart,F8147,Grocery,West Bengal,696,2
2023-10-20,Flipkart,F2903,Home Decor,Jharkhand,650,5
2023-10-20,Flipkart,F1467,Home Decor,West Bengal,2145,3
2023-10-20,Flipkart,F1107,Accessories,Haryana,363,3
2023-10-20,Flipkart,F9698,Home Decor,Jharkhand,2475,3
2023-10-20,Flipkart,F5540,Grocery,Assam,646,2
2023-10-20,Flipkart,F5458,Home Decor,Uttar Pradesh,1713,3
2023-10-20,Flipkart,F2818,Electronics,Delhi,585,3
2023-10-20,Flipkart,F6846,Home Decor,Bihar,4025,5
2023-10-20,Flipkart,F9696,Grocery,Andhra Pradesh,1122,2
2023-10-20,Flipkart,F5550,Accessories,Telangana,2560,4
2023-10-20,Flipkart,F9564,Clothes,Telangana,1336,2
2023-10-20,Flipkart,F9442,Clothes,Kerala,1744,4
2023-10-20,Flipkart,F3697,Home Decor,Tamil Nadu,3060,4
2023-10-20,Flipkart,F6271,Electronics,Madhya Pradesh,498,2
2023-10-20,Flipkart,F2627,Clothes,West Bengal,319,1
2023-10-20,Flipkart,F6896,Electronics,Telangana,1704,4
2023-10-20,Flipkart,F3221,Home Decor,Punjab,268,2
2023-10-20,Flipkart,F2962,Clothes,Haryana,440,1
2023-10-20,Flipkart,F9650,Home Decor,Madhya Pradesh,1293,3
2023-10-20,Flipkart,F5702,Home Decor,West Bengal,4945,5
2023-10-20,Flipkart,F2469,Clothes,West Bengal,1500,5
2023-10-20,Flipkart,F8631,Clothes,Uttar Pradesh,1474,2
2023-10-20,Flipkart,F1670,Home Decor,Assam,413,1
2023-10-20,Flipkart,F8385,Clothes,Jharkhand,819,3
2023-10-20,Flipkart,F1456,Clothes,Gujarat,3455,5
2023-10-20,Flipkart,F4567,Electronics,Bihar,423,3
2023-10-20,Flipkart,F3581,Electronics,Uttar Pradesh,650,5
2023-10-20,Flipkart,F5795,Home Decor,Gujarat,793,1
2023-10-20,Flipkart,F8438,Accessories,Andhra Pradesh,901,1
2023-10-20,Flipkart,F2688,Accessories,Odisha,870,2
2023-10-20,Flipkart,F2806,Grocery,Karnataka,2495,5
2023-10-20,Flipkart,F4487,Accessories,Delhi,644,4
2023-10-20,Flipkart,F7567,Accessories,Tamil Nadu,883,1
2023-10-21,Flipkart,F6792,Clothes,Gujarat,930,5
2023-10-21,Flipkart,F4521,Home Decor,Jharkhand,1062,2
2023-10-21,Flipkart,F2547,Home Decor,Punjab,3885,5
2023-10-21,Flipkart,F2953,Clothes,Kerala,2736,3
2023-10-21,Flipkart,F1101,Accessories,Uttarakhand,198,1
2023-10-21,Flipkart,F3710,Home Decor,Tamil Nadu,1796,4
2023-10-21,Flipkart,F4743,Grocery,Bihar,2583,3
2023-10-21,Flipkart,F6817,Grocery,Kerala,2860,5
2023-10-21,Flipkart,F8337,Clothes,Tamil Nadu,3050,5
2023-10-21,Flipkart,F3031,Clothes,Kerala,3416,4
2023-10-21,Flipkart,F1109,Clothes,Telangana,2224,4
2023-10-21,Flipkart,F7417,Grocery,Odisha,4155,5
2023-10-21,Flipkart,F9762,Accessories,Assam,3380,5
2023-10-21,Flipkart,F5094,Clothes,Maharashtra,4770,5
2023-10-21,Flipkart,F1181,Clothes,Assam,1415,5
2023-10-21,Flipkart,F3866,Grocery,Bihar,1950,5
2023-10-21,Flipkart,F8216,Home Decor,Bihar,2232,4
2023-10-21,Flipkart,F9599,Accessories,Rajasthan,1660,2
2023-10-21,Flipkart,F7737,Electronics,Haryana,500,4
2023-10-21,Flipkart,F7614,Clothes,Maharashtra,537,3
2023-10-22,Flipkart,F7959,Grocery,Gujarat,4825,5
2023-10-22,Flipkart,F4052,Electronics,Haryana,288,1
2023-10-22,Flipkart,F4242,Accessories,Karnataka,838,1
2023-10-22,Flipkart,F3852,Clothes,Haryana,736,1
2023-10-22,Flipkart,F6558,Accessories,Madhya Pradesh,3948,4
2023-10-22,Flipkart,F9538,Home Decor,Kerala,1915,5
2023-10-22,Flipkart,F7349,Home Decor,Jharkhand,405,1
2023-10-22,Flipkart,F9093,Accessories,Haryana,956,2
2023-10-22,Flipkart,F3735,Grocery,Andhra Pradesh,432,4
2023-10-22,Flipkart,F9884,Electronics,Maharashtra,1014,3
2023-10-22,Flipkart,F3697,Clothes,Karnataka,652,2
2023-10-22,Flipkart,F3871,Home Decor,Telangana,1155,5
2023-10-22,Flipkart,F8481,Home Decor,Assam,3088,4
2023-10-22,Flipkart,F2976,Grocery,Uttar Pradesh,2665,5
2023-10-22,Flipkart,F8389,Grocery,Karnataka,186,1
2023-10-22,Flipkart,F3446,Accessories,Telangana,2540,4
2023-10-22,Flipkart,F6483,Grocery,Gujarat,662,1
2023-10-22,Flipkart,F8410,Home Decor,Telangana,1824,3
2023-10-22,Flipkart,F4506,Clothes,West Bengal,2070,5
2023-10-22,Flipkart,F4828,Grocery,Delhi,2778,3
2023-10-22,Flipkart,F5909,Electronics,Jharkhand,1850,2
2023-10-22,Flipkart,F5220,Grocery,Kerala,1605,5
2023-10-22,Flipkart,F7268,Grocery,Odisha,614,2
2023-10-22,Flipkart,F1517,Home Decor,Uttarakhand,1128,3
2023-10-22,Flipkart,F9132,Accessories,Uttar Pradesh,1188,3
2023-10-22,Flipkart,F5907,Electronics,Maharashtra,2535,3
2023-10-22,Flipkart,F2855,Grocery,Madhya Pradesh,4860,5
2023-10-22,Flipkart,F5023,Grocery,Maharashtra,702,3
2023-10-22,Flipkart,F7961,Electronics,Rajasthan,1354,2
2023-10-22,Flipkart,F2859,Home Decor,Madhya Pradesh,230,2
2023-10-22,Flipkart,F8478,Clothes,Karnataka,312,1
2023-10-22,Flipkart,F7731,Grocery,Chhattisgarh,984,3
2023-10-22,Flipkart,F6191,Accessories,Haryana,1380,5
2023-10-22,Flipkart,F9188,Electronics,Maharashtra,3768,4
2023-10-22,Flipkart,F5865,Accessories,Odisha,2664,4
2023-10-22,Flipkart,F3256,Grocery,Jharkhand,615,3
2023-10-22,Flipkart,F3392,Accessories,Karnataka,922,2
2023-10-22,Flipkart,F4972,Grocery,Uttar Pradesh,576,4
2023-10-22,Flipkart,F5393,Clothes,Telangana,910,2
2023-10-23,Flipkart,F5965,Clothes,Tamil Nadu,824,4
2023-10-23,Flipkart,F1499,Accessories,Delhi,900,3
2023-10-23,Flipkart,F9059,Clothes,Andhra Pradesh,2196,3
2023-10-23,Flipkart,F6781,Clothes,Delhi,465,1
2023-10-23,Flipkart,F2679,Electronics,Assam,1355,5
2023-10-23,Flipkart,F8769,Home Decor,Madhya Pradesh,2613,3
2023-10-23,Flipkart,F5710,Home Decor,West Bengal,257,1
2023-10-23,Flipkart,F5221,Home Decor,Jharkhand,660,1
2023-10-23,Flipkart,F3377,Accessories,Odisha,1110,3
2023-10-23,Flipkart,F4708,Electronics,Madhya Pradesh,1950,5
2023-10-23,Flipkart,F9018,Grocery,Madhya Pradesh,664,2
2023-10-23,Flipkart,F5926,Home Decor,Haryana,476,2
2023-10-23,Flipkart,F4943,Electronics,Jharkhand,4440,5
2023-10-23,Flipkart,F9187,Electronics,Telangana,3248,4
2023-10-23,Flipkart,F2021,Accessories,Andhra Pradesh,254,2
2023-10-23,Flipkart,F2401,Electronics,Haryana,416,1
2023-10-23,Flipkart,F4384,Home Decor,Jharkhand,604,4
2023-10-23,Flipkart,F4456,Home Decor,Bihar,1875,5
2023-10-23,Flipkart,F9601,Clothes,Haryana,3900,5
2023-10-23,Flipkart,F6076,Clothes,Uttarakhand,3072,4
2023-10-23,Flipkart,F9664,Grocery,Rajasthan,1168,2
2023-10-23,Flipkart,F7281,Home Decor,Kerala,2520,4
2023-10-23,Flipkart,F1125,Clothes,Andhra Pradesh,1029,3
2023-10-23,Flipkart,F1262,Accessories,Haryana,433,1
2023-10-23,Flipkart,F3693,Grocery,Punjab,1005,3
2023-10-23,Flipkart,F8444,Clothes,Punjab,3968,4
2023-10-23,Flipkart,F1554,Accessories,Karnataka,1520,2
2023-10-23,Flipkart,F4092,Accessories,Andhra Pradesh,2020,4
2023-10-23,Flipkart,F6097,Accessories,Bihar,954,1
2023-10-23,Flipkart,F1981,Accessories,Kerala,2379,3
2023-10-23,Flipkart,F9961,Grocery,Delhi,1768,2
2023-10-23,Flipkart,F8209,Accessories,Bihar,1660,4
2023-10-23,Flipkart,F6052,Clothes,Delhi,1662,2
2023-10-23,Flipkart,F3904,Clothes,Kerala,458,2
2023-10-23,Flipkart,F8341,Electronics,West Bengal,1221,3
2023-10-23,Flipkart,F2583,Clothes,Telangana,773,1
2023-10-23,Flipkart,F6291,Home Decor,Assam,3420,5
2023-10-23,Flipkart,F4420,Accessories,Andhra Pradesh,2265,3
2023-10-24,Flipkart,F7966,Electronics,Assam,1964,2
2023-10-24,Flipkart,F6589,Grocery,Delhi,2901,3
2023-10-24,Flipkart,F1993,Electronics,Madhya Pradesh,122,1
2023-10-24,Flipkart,F8727,Grocery,Uttarakhand,3584,4
2023-10-24,Flipkart,F3015,Electronics,Punjab,364,1
2023-10-24,Flipkart,F8440,Grocery,Assam,3740,5
2023-10-24,Flipkart,F7981,Clothes,Kerala,3330,5
2023-10-24,Flipkart,F3934,Clothes,Haryana,2000,5
2023-10-24,Flipkart,F7886,Grocery,Uttarakhand,1746,2
2023-10-24,Flipkart,F3788,Clothes,Bihar,990,2
2023-10-24,Flipkart,F3003,Electronics,Haryana,524,4
2023-10-24,Flipkart,F1264,Home Decor,Assam,2332,4
2023-10-24,Flipkart,F8350,Electronics,Maharashtra,1734,2
2023-10-24,Flipkart,F7771,Clothes,Jharkhand,1485,3
2023-10-24,Flipkart,F3064,Electronics,Maharashtra,881,1
2023-10-24,Flipkart,F4287,Grocery,Karnataka,730,1
2023-10-24,Flipkart,F6687,Accessories,Chhattisgarh,4995,5
2023-10-24,Flipkart,F5950,Clothes,Chhattisgarh,3464,4
2023-10-24,Flipkart,F5845,Electronics,Delhi,1832,2
2023-10-24,Flipkart,F2094,Electronics,Haryana,1875,5
2023-10-24,Flipkart,F3883,Electronics,Andhra Pradesh,612,1
2023-10-24,Flipkart,F1448,Electronics,Maharashtra,675,5
2023-10-24,Flipkart,F2081,Clothes,Gujarat,2516,4
2023-10-24,Flipkart,F5096,Grocery,Rajasthan,2685,3
2023-10-24,Flipkart,F2546,Home Decor,West Bengal,149,1
2023-10-24,Flipkart,F4964,Electronics,Madhya Pradesh,3016,4
2023-10-24,Flipkart,F1318,Home Decor,Delhi,780,3
2023-10-24,Flipkart,F7954,Accessories,Assam,811,1
2023-10-24,Flipkart,F1313,Clothes,Gujarat,1526,2
2023-10-24,Flipkart,F7052,Home Decor,Telangana,2620,5
2023-10-24,Flipkart,F9417,Grocery,Delhi,4755,5
2023-10-24,Flipkart,F1001,Accessories,Jharkhand,580,2
2023-10-24,Flipkart,F7840,Electronics,Bihar,2766,3
2023-10-24,Flipkart,F4507,Accessories,Jharkhand,3680,5
2023-10-24,Flipkart,F6958,Clothes,Karnataka,1300,4
2023-10-25,Flipkart,F8655,Clothes,Uttar Pradesh,1370,5
2023-10-25,Flipkart,F3997,Electronics,Haryana,856,4
2023-10-25,Flipkart,F4286,Clothes,Chhattisgarh,2799,3
2023-10-25,Flipkart,F8390,Electronics,Uttarakhand,1966,2
2023-10-25,Flipkart,F3831,Accessories,Telangana,4895,5
2023-10-25,Flipkart,F1790,Grocery,Assam,1143,3
2023-10-25,Flipkart,F2375,Grocery,West Bengal,344,2
2023-10-25,Flipkart,F6544,Clothes,Maharashtra,880,5
2023-10-25,Flipkart,F3285,Accessories,Uttar Pradesh,828,3
2023-10-25,Flipkart,F5552,Clothes,Karnataka,3928,4
2023-10-25,Flipkart,F9097,Accessories,Rajasthan,946,1
2023-10-25,Flipkart,F2668,Home Decor,Uttar Pradesh,510,3
2023-10-25,Flipkart,F8678,Accessories,Assam,872,2
2023-10-25,Flipkart,F3827,Home Decor,Gujarat,2160,4
2023-10-25,Flipkart,F8694,Grocery,Jharkhand,975,1
2023-10-25,Flipkart,F3283,Home Decor,Jharkhand,1005,3
2023-10-25,Flipkart,F3626,Grocery,Kerala,1128,2
2023-10-25,Flipkart,F7091,Home Decor,Karnataka,663,3
2023-10-25,Flipkart,F6397,Home Decor,Karnataka,1575,5
2023-10-25,Flipkart,F3862,Accessories,Karnataka,552,1
2023-10-25,Flipkart,F3310,Electronics,Karnataka,2244,3
2023-10-26,Flipkart,F7724,Clothes,Gujarat,897,1
2023-10-26,Flipkart,F3649,Grocery,Madhya Pradesh,851,1
2023-10-26,Flipkart,F6965,Home Decor,Maharashtra,704,1
2023-10-26,Flipkart,F9235,Grocery,Odisha,286,2
2023-10-26,Flipkart,F7003,Home Decor,Jharkhand,2928,3
2023-10-26,Flipkart,F2830,Home Decor,Maharashtra,928,1
2023-10-26,Flipkart,F3849,Clothes,Rajasthan,1316,2
2023-10-26,Flipkart,F9841,Clothes,Maharashtra,1536,2
2023-10-26,Flipkart,F3862,Grocery,Delhi,146,1
2023-10-26,Flipkart,F5871,Home Decor,Madhya Pradesh,859,1
2023-10-26,Flipkart,F7236,Accessories,Jharkhand,2034,3
2023-10-26,Flipkart,F2508,Grocery,Assam,312,1
2023-10-26,Flipkart,F7288,Electronics,Haryana,412,2
2023-10-26,Flipkart,F6367,Grocery,Haryana,995,1
2023-10-26,Flipkart,F8234,Electronics,Telangana,655,1
2023-10-26,Flipkart,F6401,Grocery,Uttar Pradesh,1216,2
2023-10-26,Flipkart,F6122,Electronics,Maharashtra,114,1
2023-10-26,Flipkart,F6513,Electronics,Madhya Pradesh,2850,5
2023-10-26,Flipkart,F4021,Grocery,Jharkhand,765,5
2023-10-26,Flipkart,F1168,Grocery,Haryana,3330,5
2023-10-26,Flipkart,F6779,Electronics,Uttar Pradesh,465,1
2023-10-26,Flipkart,F7893,Electronics,Odisha,1630,5
2023-10-26,Flipkart,F7649,Home Decor,Rajasthan,1238,2
2023-10-26,Flipkart,F9724,Grocery,Uttarakhand,4490,5
2023-10-26,Flipkart,F5873,Electronics,Kerala,385,1
2023-10-26,Flipkart,F9134,Electronics,Andhra Pradesh,2667,3
2023-10-26,Flipkart,F8203,Electronics,Tamil Nadu,660,5
2023-10-26,Flipkart,F4410,Home Decor,Punjab,3060,5
2023-10-26,Flipkart,F4337,Electronics,Odisha,3355,5
2023-10-26,Flipkart,F8636,Grocery,Odisha,930,2
2023-10-26,Flipkart,F9311,Electronics,Punjab,253,1
2023-10-26,Flipkart,F2806,Home Decor,Haryana,797,1
2023-10-26,Flipkart,F2824,Home Decor,Telangana,553,1
2023-10-26,Flipkart,F5863,Clothes,Odisha,2390,5
2023-10-26,Flipkart,F2864,Clothes,Odisha,409,1
2023-10-26,Flipkart,F8562,Accessories,Rajasthan,1971,3
2023-10-27,Flipkart,F6943,Clothes,Rajasthan,831,1
2023-10-27,Flipkart,F8388,Accessories,Rajasthan,1615,5
2023-10-27,Flipkart,F3571,Accessories,Bihar,775,5
2023-10-27,Flipkart,F9737,Accessories,West Bengal,2420,4
2023-10-27,Flipkart,F2827,Accessories,Telangana,1482,3
2023-10-27,Flipkart,F5743,Accessories,Maharashtra,2880,4
2023-10-27,Flipkart,F9647,Accessories,Telangana,996,1
2023-10-27,Flipkart,F4850,Electronics,Uttar Pradesh,1476,4
2023-10-27,Flipkart,F8137,Grocery,Assam,1626,2
2023-10-27,Flipkart,F3835,Grocery,Maharashtra,1746,3
2023-10-27,Flipkart,F8758,Electronics,Telangana,2514,3
2023-10-27,Flipkart,F5052,Clothes,Kerala,191,1
2023-10-27,Flipkart,F4961,Grocery,Haryana,378,1
2023-10-27,Flipkart,F5743,Home Decor,Rajasthan,3715,5
2023-10-27,Flipkart,F6734,Clothes,Chhattisgarh,648,4
2023-10-27,Flipkart,F1886,Electronics,Maharashtra,1572,2
2023-10-27,Flipkart,F1711,Accessories,Haryana,610,2
2023-10-27,Flipkart,F5513,Electronics,Delhi,962,2
2023-10-27,Flipkart,F1525,Grocery,West Bengal,2547,3
2023-10-27,Flipkart,F2612,Clothes,Tamil Nadu,822,3
2023-10-27,Flipkart,F8768,Electronics,Tamil Nadu,4215,5
2023-10-27,Flipkart,F3021,Clothes,Jharkhand,1560,3
2023-10-27,Flipkart,F5087,Clothes,Gujarat,479,1
2023-10-27,Flipkart,F2005,Accessories,Kerala,1735,5
2023-10-27,Flipkart,F4846,Home Decor,Bihar,365,1
2023-10-27,Flipkart,F9143,Home Decor,Karnataka,650,5
2023-10-27,Flipkart,F6892,Grocery,Punjab,2990,5
2023-10-28,Flipkart,F2285,Home Decor,Tamil Nadu,3040,4
2023-10-28,Flipkart,F7672,Clothes,Gujarat,3476,4
2023-10-28,Flipkart,F9690,Grocery,Delhi,1317,3
2023-10-28,Flipkart,F5367,Grocery,Assam,394,2
2023-10-28,Flipkart,F5120,Grocery,Assam,876,3
2023-10-28,Flipkart,F5120,Grocery,Telangana,1720,5
2023-10-28,Flipkart,F2025,Clothes,Tamil Nadu,2404,4
2023-10-28,Flipkart,F5996,Home Decor,Assam,336,1
2023-10-28,Flipkart,F5624,Grocery,Jharkhand,1260,2
2023-10-28,Flipkart,F6158,Clothes,Gujarat,1492,4
2023-10-28,Flipkart,F4939,Accessories,Uttarakhand,1804,2
2023-10-28,Flipkart,F4550,Accessories,Kerala,400,4
2023-10-28,Flipkart,F1592,Clothes,West Bengal,512,2
2023-10-28,Flipkart,F2898,Clothes,Assam,274,1
2023-10-28,Flipkart,F7351,Home Decor,Uttarakhand,3755,5
2023-10-28,Flipkart,F4982,Grocery,Andhra Pradesh,1665,5
2023-10-28,Flipkart,F6267,Home Decor,Telangana,1000,4
2023-10-28,Flipkart,F6719,Accessories,Andhra Pradesh,4340,5
2023-10-28,Flipkart,F7890,Accessories,Gujarat,1054,2
2023-10-28,Flipkart,F5330,Clothes,Bihar,1568,4
2023-10-28,Flipkart,F1731,Electronics,Rajasthan,4535,5
2023-10-28,Flipkart,F9192,Electronics,Uttar Pradesh,1653,3
2023-10-28,Flipkart,F1396,Home Decor,Punjab,1148,2
2023-10-28,Flipkart,F2766,Accessories,Madhya Pradesh,855,3
2023-10-28,Flipkart,F3470,Grocery,Madhya Pradesh,2885,5
2023-10-28,Flipkart,F1720,Home Decor,Punjab,159,1
2023-10-28,Flipkart,F6532,Grocery,Madhya Pradesh,622,2
2023-10-28,Flipkart,F2826,Electronics,Rajasthan,635,1
2023-10-28,Flipkart,F1278,Home Decor,Chhattisgarh,1750,2
2023-10-28,Flipkart,F8282,Electronics,West Bengal,640,1
2023-10-29,Flipkart,F4612,Accessories,Uttar Pradesh,1308,4
2023-10-29,Flipkart,F3412,Accessories,Madhya Pradesh,1882,2
2023-10-29,Flipkart,F8389,Home Decor,Maharashtra,1420,2
2023-10-29,Flipkart,F5783,Electronics,Delhi,1924,2
2023-10-29,Flipkart,F9745,Grocery,Rajasthan,665,5
2023-10-29,Flipkart,F7258,Accessories,Delhi,4020,5
2023-10-29,Flipkart,F5289,Grocery,Haryana,1802,2
2023-10-29,Flipkart,F9578,Electronics,Maharashtra,774,2
2023-10-29,Flipkart,F5304,Electronics,West Bengal,687,3
2023-10-29,Flipkart,F3166,Grocery,Punjab,3868,4
2023-10-29,Flipkart,F2060,Grocery,Gujarat,2048,4
2023-10-29,Flipkart,F7615,Electronics,Delhi,4465,5
2023-10-29,Flipkart,F5486,Clothes,Kerala,336,1
2023-10-29,Flipkart,F7206,Grocery,Madhya Pradesh,707,1
2023-10-29,Flipkart,F9505,Clothes,Uttar Pradesh,1098,2
2023-10-29,Flipkart,F2018,Home Decor,Kerala,2464,4
2023-10-29,Flipkart,F7166,Grocery,Madhya Pradesh,2049,3
2023-10-29,Flipkart,F7088,Accessories,Andhra Pradesh,3524,4
2023-10-29,Flipkart,F7081,Electronics,Tamil Nadu,3736,4
2023-10-29,Flipkart,F2182,Electronics,Andhra Pradesh,489,3
2023-10-29,Flipkart,F9476,Clothes,Bihar,683,1
2023-10-29,Flipkart,F4012,Home Decor,Uttarakhand,823,1
2023-10-30,Flipkart,F3511,Grocery,Jharkhand,912,4
2023-10-30,Flipkart,F7231,Electronics,Odisha,3492,4
2023-10-30,Flipkart,F2295,Clothes,Andhra Pradesh,1304,4
2023-10-30,Flipkart,F6595,Clothes,Bihar,908,4
2023-10-30,Flipkart,F2159,Home Decor,Karnataka,795,3
2023-10-30,Flipkart,F7580,Grocery,Punjab,1198,2
2023-10-30,Flipkart,F8728,Grocery,Madhya Pradesh,3116,4
2023-10-30,Flipkart,F3021,Clothes,Odisha,2690,5
2023-10-30,Flipkart,F9790,Accessories,Bihar,720,2
2023-10-30,Flipkart,F7426,Accessories,Andhra Pradesh,2365,5
2023-10-30,Flipkart,F8671,Home Decor,Jharkhand,2675,5
2023-10-30,Flipkart,F8665,Home Decor,Maharashtra,3775,5
2023-10-30,Flipkart,F1241,Electronics,Uttarakhand,3935,5
2023-10-30,Flipkart,F9814,Clothes,Odisha,3760,4
2023-10-30,Flipkart,F5539,Clothes,Madhya Pradesh,1992,2
2023-10-30,Flipkart,F8392,Electronics,Bihar,1656,3
2023-10-30,Flipkart,F2887,Clothes,Jharkhand,2436,3
2023-10-30,Flipkart,F6507,Home Decor,Maharashtra,741,1
2023-10-30,Flipkart,F9703,Grocery,Madhya Pradesh,196,1
2023-10-30,Flipkart,F8209,Accessories,Jharkhand,2116,4
2023-10-31,Flipkart,F6721,Accessories,Andhra Pradesh,3944,4
2023-10-31,Flipkart,F2639,Electronics,Chhattisgarh,2463,3
2023-10-31,Flipkart,F8589,Clothes,Telangana,2995,5
2023-10-31,Flipkart,F1722,Electronics,Madhya Pradesh,340,1
2023-10-31,Flipkart,F5073,Accessories,Andhra Pradesh,619,1
2023-10-31,Flipkart,F8547,Home Decor,Haryana,565,1
2023-10-31,Flipkart,F1563,Electronics,Jharkhand,840,4
2023-10-31,Flipkart,F9167,Home Decor,Jharkhand,1917,3
2023-10-31,Flipkart,F4004,Accessories,Delhi,2090,5
2023-10-31,Flipkart,F5936,Clothes,Punjab,1834,2
2023-10-31,Flipkart,F3322,Clothes,Uttarakhand,972,4
2023-10-31,Flipkart,F2454,Accessories,Tamil Nadu,1968,2
2023-10-31,Flipkart,F5046,Clothes,Karnataka,1235,5
2023-10-31,Flipkart,F4897,Home Decor,Chhattisgarh,1994,2
2023-10-31,Flipkart,F1592,Clothes,Kerala,1558,2
2023-10-31,Flipkart,F7415,Accessories,Bihar,2553,3
2023-10-31,Flipkart,F6713,Home Decor,Punjab,927,3
2023-10-31,Flipkart,F9385,Clothes,Maharashtra,576,1
2023-10-31,Flipkart,F2344,Home Decor,Assam,2820,3
2023-10-31,Flipkart,F5786,Electronics,Maharashtra,1868,4
2023-10-31,Flipkart,F1658,Electronics,Delhi,2888,4
2023-10-31,Flipkart,F3009,Grocery,Uttarakhand,204,2
2023-10-31,Flipkart,F6717,Home Decor,Haryana,425,1
2023-10-31,Flipkart,F2773,Grocery,West Bengal,597,3
2023-10-31,Flipkart,F8498,Electronics,Tamil Nadu,782,2
2023-10-31,Flipkart,F6877,Home Decor,West Bengal,307,1
2023-10-31,Flipkart,F1665,Home Decor,Madhya Pradesh,656,4
2023-10-31,Flipkart,F1185,Clothes,Andhra Pradesh,915,3
2023-10-31,Flipkart,F7556,Grocery,Haryana,1788,4
2023-10-31,Flipkart,F5538,Accessories,Madhya Pradesh,366,3
2023-10-31,Flipkart,F4466,Electronics,Telangana,1371,3
2023-11-01,Flipkart,F5414,Clothes,Delhi,404,4
2023-11-01,Flipkart,F7701,Clothes,Rajasthan,1220,2
2023-11-01,Flipkart,F5047,Electronics,Maharashtra,1842,3
2023-11-01,Flipkart,F6125,Grocery,Gujarat,4515,5
2023-11-01,Flipkart,F1441,Home Decor,Uttar Pradesh,1164,3
2023-11-01,Flipkart,F7453,Accessories,Jharkhand,325,1
2023-11-01,Flipkart,F4424,Grocery,Bihar,1454,2
2023-11-01,Flipkart,F8020,Home Decor,Rajasthan,1360,4
2023-11-01,Flipkart,F9573,Accessories,Uttarakhand,1281,3
2023-11-01,Flipkart,F7624,Electronics,Bihar,1140,3
2023-11-01,Flipkart,F4577,Grocery,Punjab,118,1
2023-11-01,Flipkart,F9293,Grocery,Punjab,927,3
2023-11-01,Flipkart,F5541,Electronics,Delhi,4300,5
2023-11-01,Flipkart,F9241,Electronics,Delhi,1779,3
2023-11-01,Flipkart,F9398,Home Decor,Rajasthan,4055,5
2023-11-01,Flipkart,F1173,Electronics,Odisha,2192,4
2023-11-01,Flipkart,F8250,Electronics,Rajasthan,885,3
2023-11-01,Flipkart,F2111,Accessories,West Bengal,959,1
2023-11-01,Flipkart,F8461,Grocery,Uttarakhand,3460,4
2023-11-01,Flipkart,F3702,Home Decor,Bihar,163,1
2023-11-01,Flipkart,F6540,Home Decor,Rajasthan,314,2
2023-11-01,Flipkart,F1130,Grocery,Uttarakhand,453,1
2023-11-01,Flipkart,F7162,Accessories,Kerala,162,1
2023-11-01,Flipkart,F5073,Electronics,Tamil Nadu,280,2
2023-11-01,Flipkart,F8142,Home Decor,Karnataka,688,1
2023-11-01,Flipkart,F7679,Clothes,Uttar Pradesh,1020,2
2023-11-02,Flipkart,F7630,Home Decor,Telangana,1443,3
2023-11-02,Flipkart,F2615,Electronics,Kerala,447,3
2023-11-02,Flipkart,F5529,Clothes,Karnataka,1782,2
2023-11-02,Flipkart,F7736,Grocery,Jharkhand,4025,5
2023-11-02,Flipkart,F4225,Clothes,Jharkhand,369,1
2023-11-02,Flipkart,F9838,Accessories,Bihar,2575,5
2023-11-02,Flipkart,F7145,Accessories,West Bengal,1581,3
2023-11-02,Flipkart,F7228,Grocery,Delhi,131,1
2023-11-02,Flipkart,F9521,Clothes,Punjab,794,1
2023-11-02,Flipkart,F6854,Accessories,Andhra Pradesh,1233,3
2023-11-02,Flipkart,F6480,Electronics,Madhya Pradesh,3968,4
2023-11-02,Flipkart,F8663,Electronics,Tamil Nadu,912,3
2023-11-02,Flipkart,F1615,Home Decor,West Bengal,1851,3
2023-11-02,Flipkart,F9424,Clothes,Assam,2580,4
2023-11-02,Flipkart,F3183,Grocery,Delhi,2190,5
2023-11-02,Flipkart,F1454,Electronics,Haryana,1086,2
2023-11-02,Flipkart,F3894,Clothes,Telangana,1376,2
2023-11-02,Flipkart,F6313,Grocery,Kerala,1576,4
2023-11-02,Flipkart,F2612,Home Decor,Odisha,173,1
2023-11-02,Flipkart,F7964,Electronics,Jharkhand,1880,2
2023-11-02,Flipkart,F5262,Electronics,Bihar,2994,3
2023-11-02,Flipkart,F7548,Electronics,Tamil Nadu,276,1
2023-11-02,Flipkart,F1332,Grocery,Haryana,704,2
2023-11-02,Flipkart,F3458,Clothes,Rajasthan,243,1
2023-11-02,Flipkart,F4955,Grocery,Delhi,3140,5
2023-11-02,Flipkart,F2251,Electronics,Tamil Nadu,3904,4
2023-11-02,Flipkart,F3227,Clothes,Rajasthan,889,1
2023-11-02,Flipkart,F8706,Home Decor,Tamil Nadu,864,1
2023-11-02,Flipkart,F7275,Accessories,West Bengal,3275,5
2023-11-02,Flipkart,F5172,Accessories,Rajasthan,512,2
2023-11-02,Flipkart,F7435,Home Decor,Uttarakhand,1002,2
2023-11-02,Flipkart,F6413,Grocery,Chhattisgarh,1212,3
2023-11-02,Flipkart,F9019,Electronics,Odisha,1662,3
2023-11-02,Flipkart,F2312,Home Decor,Uttar Pradesh,2124,4
2023-11-02,Flipkart,F3608,Accessories,Karnataka,637,1
2023-11-02,Flipkart,F2830,Accessories,Kerala,2757,3
2023-11-02,Flipkart,F4837,Home Decor,Telangana,1665,3
2023-11-02,Flipkart,F8087,Electronics,Uttarakhand,735,3
2023-11-02,Flipkart,F6693,Electronics,Delhi,2400,4
2023-11-03,Flipkart,F8300,Home Decor,Rajasthan,2440,5
2023-11-03,Flipkart,F8728,Accessories,Kerala,2628,4
2023-11-03,Flipkart,F1907,Home Decor,Telangana,2848,4
2023-11-03,Flipkart,F2494,Electronics,Uttarakhand,1314,2
2023-11-03,Flipkart,F1912,Clothes,West Bengal,242,1
2023-11-03,Flipkart,F8290,Electronics,Rajasthan,142,1
2023-11-03,Flipkart,F8319,Grocery,Chhattisgarh,789,1
2023-11-03,Flipkart,F1862,Grocery,West Bengal,3405,5
2023-11-03,Flipkart,F6325,Accessories,Tamil Nadu,260,1
2023-11-03,Flipkart,F8754,Clothes,Telangana,927,1
2023-11-03,Flipkart,F1247,Clothes,Rajasthan,228,2
2023-11-03,Flipkart,F7109,Clothes,Tamil Nadu,1850,5
2023-11-03,Flipkart,F9364,Grocery,Rajasthan,4200,5
2023-11-03,Flipkart,F1849,Grocery,Telangana,2922,3
2023-11-03,Flipkart,F8002,Clothes,Bihar,362,2
2023-11-03,Flipkart,F5016,Home Decor,Maharashtra,884,2
2023-11-03,Flipkart,F3157,Electronics,Uttar Pradesh,840,5
2023-11-03,Flipkart,F7967,Clothes,Telangana,1209,3
2023-11-03,Flipkart,F2413,Grocery,Assam,3995,5
2023-11-03,Flipkart,F2888,Grocery,Telangana,2097,3
2023-11-03,Flipkart,F2950,Grocery,Gujarat,866,1
2023-11-03,Flipkart,F9054,Accessories,Telangana,1465,5
2023-11-03,Flipkart,F7433,Clothes,Bihar,1464,2
2023-11-03,Flipkart,F3204,Clothes,Rajasthan,416,4
2023-11-03,Flipkart,F6433,Home Decor,Odisha,925,5
2023-11-03,Flipkart,F5239,Accessories,Jharkhand,1110,2
2023-11-03,Flipkart,F6053,Accessories,Haryana,608,1
2023-11-03,Flipkart,F2628,Accessories,Rajasthan,2845,5
2023-11-03,Flipkart,F4307,Accessories,Tamil Nadu,218,1
2023-11-03,Flipkart,F9310,Electronics,Telangana,1452,4
2023-11-03,Flipkart,F9432,Grocery,Odisha,1974,3
2023-11-03,Flipkart,F2984,Home Decor,Madhya Pradesh,828,1
2023-11-03,Flipkart,F5201,Electronics,Tamil Nadu,532,2
2023-11-03,Flipkart,F6055,Grocery,Odisha,2640,3
2023-11-03,Flipkart,F7360,Accessories,Gujarat,326,1
2023-11-03,Flipkart,F5766,Clothes,Telangana,2580,3
2023-11-04,Flipkart,F3792,Electronics,West Bengal,714,2
2023-11-04,Flipkart,F2861,Grocery,Maharashtra,1252,4
2023-11-04,Flipkart,F2205,Home Decor,Chhattisgarh,3288,4
2023-11-04,Flipkart,F5508,Grocery,Madhya Pradesh,2931,3
2023-11-04,Flipkart,F7114,Clothes,Tamil Nadu,1384,4
2023-11-04,Flipkart,F2887,Clothes,Delhi,456,3
2023-11-04,Flipkart,F9988,Grocery,Andhra Pradesh,394,2
2023-11-04,Flipkart,F3051,Clothes,Tamil Nadu,544,4
2023-11-04,Flipkart,F7428,Clothes,Delhi,2400,4
2023-11-04,Flipkart,F4617,Home Decor,Tamil Nadu,982,1
2023-11-04,Flipkart,F4467,Electronics,Madhya Pradesh,204,2
2023-11-04,Flipkart,F3629,Grocery,Delhi,2760,5
2023-11-04,Flipkart,F5822,Accessories,Uttar Pradesh,934,2
2023-11-04,Flipkart,F9254,Grocery,West Bengal,1140,3
2023-11-04,Flipkart,F6448,Home Decor,Rajasthan,1374,3
2023-11-04,Flipkart,F7662,Accessories,Andhra Pradesh,660,3
2023-11-04,Flipkart,F1746,Accessories,Assam,898,2
2023-11-04,Flipkart,F7009,Accessories,Chhattisgarh,812,4
2023-11-04,Flipkart,F7080,Clothes,Maharashtra,1372,4
2023-11-04,Flipkart,F9908,Accessories,Haryana,786,3
2023-11-04,Flipkart,F4634,Home Decor,Jharkhand,3512,4
2023-11-04,Flipkart,F7752,Electronics,Gujarat,1116,3
2023-11-04,Flipkart,F5793,Electronics,Chhattisgarh,1120,2
2023-11-05,Flipkart,F9053,Home Decor,Odisha,3468,4
2023-11-05,Flipkart,F5574,Accessories,Odisha,765,5
2023-11-05,Flipkart,F2760,Clothes,Odisha,226,2
2023-11-05,Flipkart,F9371,Accessories,Kerala,2384,4
2023-11-05,Flipkart,F9620,Grocery,Tamil Nadu,1166,2
2023-11-05,Flipkart,F5464,Grocery,Uttar Pradesh,452,2
2023-11-05,Flipkart,F4633,Grocery,Maharashtra,1778,2
2023-11-05,Flipkart,F5983,Home Decor,Gujarat,800,1
2023-11-05,Flipkart,F2546,Electronics,Karnataka,2185,5
2023-11-05,Flipkart,F3257,Home Decor,Haryana,568,4
2023-11-05,Flipkart,F7925,Grocery,Delhi,354,3
2023-11-05,Flipkart,F1081,Clothes,Gujarat,921,3
2023-11-05,Flipkart,F4135,Grocery,Jharkhand,252,2
2023-11-05,Flipkart,F3308,Grocery,West Bengal,1146,2
2023-11-05,Flipkart,F4235,Clothes,Delhi,2871,3
2023-11-05,Flipkart,F2300,Clothes,Uttarakhand,2800,5
2023-11-05,Flipkart,F2720,Electronics,Madhya Pradesh,2888,4
2023-11-05,Flipkart,F9937,Clothes,Rajasthan,1032,4
2023-11-05,Flipkart,F5088,Home Decor,Madhya Pradesh,1912,4
2023-11-05,Flipkart,F1509,Grocery,Kerala,1550,2
2023-11-05,Flipkart,F8059,Accessories,Haryana,654,1
2023-11-05,Flipkart,F8828,Electronics,Maharashtra,2115,5
2023-11-05,Flipkart,F4389,Accessories,Andhra Pradesh,978,1
2023-11-05,Flipkart,F9212,Home Decor,Rajasthan,311,1
2023-11-05,Flipkart,F9448,Grocery,West Bengal,354,2
2023-11-05,Flipkart,F5382,Electronics,Andhra Pradesh,676,2
2023-11-05,Flipkart,F3498,Electronics,Madhya Pradesh,1521,3
2023-11-05,Flipkart,F2933,Clothes,Uttarakhand,172,1
2023-11-05,Flipkart,F4698,Grocery,Uttarakhand,820,4
2023-11-05,Flipkart,F7981,Accessories,Madhya Pradesh,1720,5
2023-11-05,Flipkart,F3870,Home Decor,Telangana,1488,4
2023-11-05,Flipkart,F3801,Electronics,Tamil Nadu,3770,5
2023-11-06,Flipkart,F8748,Home Decor,Karnataka,1222,2
2023-11-06,Flipkart,F1611,Grocery,Maharashtra,1704,3
2023-11-06,Flipkart,F5675,Clothes,West Bengal,3412,4
2023-11-06,Flipkart,F8180,Clothes,Rajasthan,3340,5
2023-11-06,Flipkart,F3642,Grocery,Karnataka,564,1
2023-11-06,Flipkart,F6953,Grocery,Chhattisgarh,235,1
2023-11-06,Flipkart,F3506,Grocery,Kerala,3920,5
2023-11-06,Flipkart,F4133,Accessories,Andhra Pradesh,784,2
2023-11-06,Flipkart,F4681,Home Decor,Haryana,867,1
2023-11-06,Flipkart,F8430,Clothes,Karnataka,3316,4
2023-11-06,Flipkart,F5142,Clothes,Tamil Nadu,3280,4
2023-11-06,Flipkart,F5061,Accessories,Jharkhand,1152,4
2023-11-06,Flipkart,F5676,Electronics,Telangana,710,1
2023-11-06,Flipkart,F3213,Electronics,West Bengal,3160,5
2023-11-06,Flipkart,F9268,Grocery,Kerala,784,2
2023-11-06,Flipkart,F6270,Accessories,Punjab,1032,4
2023-11-06,Flipkart,F7804,Electronics,Delhi,3170,5
2023-11-06,Flipkart,F9345,Electronics,Uttar Pradesh,2340,3
2023-11-06,Flipkart,F1422,Clothes,Bihar,2616,3
2023-11-06,Flipkart,F5745,Home Decor,Chhattisgarh,2685,3
2023-11-06,Flipkart,F5263,Clothes,Telangana,1968,3
2023-11-06,Flipkart,F3610,Home Decor,Odisha,1264,2
2023-11-06,Flipkart,F3979,Electronics,West Bengal,1485,3
2023-11-06,Flipkart,F1753,Grocery,Chhattisgarh,2455,5
2023-11-06,Flipkart,F1506,Clothes,Odisha,383,1
2023-11-06,Flipkart,F9774,Electronics,Chhattisgarh,1596,4
2023-11-06,Flipkart,F9893,Accessories,Andhra Pradesh,856,4
2023-11-06,Flipkart,F8198,Electronics,Delhi,2331,3
2023-11-06,Flipkart,F5757,Electronics,Andhra Pradesh,758,1
2023-11-06,Flipkart,F5140,Electronics,Odisha,288,1
2023-11-06,Flipkart,F7805,Electronics,Haryana,1176,2
2023-11-06,Flipkart,F3198,Grocery,Kerala,3656,4
2023-11-06,Flipkart,F9363,Accessories,Punjab,4445,5
2023-11-06,Flipkart,F8959,Grocery,Haryana,4510,5
2023-11-06,Flipkart,F7513,Grocery,Andhra Pradesh,2445,5
2023-11-06,Flipkart,F6441,Clothes,Bihar,1840,2
2023-11-06,Flipkart,F6745,Electronics,Madhya Pradesh,3205,5
2023-11-07,Flipkart,F4471,Clothes,Madhya Pradesh,1860,4
2023-11-07,Flipkart,F5982,Home Decor,Kerala,3916,4
2023-11-07,Flipkart,F4275,Electronics,Telangana,1334,2
2023-11-07,Flipkart,F2839,Home Decor,West Bengal,4245,5
2023-11-07,Flipkart,F7965,Accessories,Rajasthan,3732,4
2023-11-07,Flipkart,F1058,Clothes,Bihar,3480,5
2023-11-07,Flipkart,F8608,Electronics,Gujarat,616,1
2023-11-07,Flipkart,F5619,Accessories,Odisha,656,4
2023-11-07,Flipkart,F4571,Electronics,Tamil Nadu,160,1
2023-11-07,Flipkart,F8979,Home Decor,Maharashtra,1860,4
2023-11-07,Flipkart,F7569,Grocery,Karnataka,1010,5
2023-11-07,Flipkart,F5290,Grocery,Odisha,492,4
2023-11-07,Flipkart,F7285,Home Decor,Tamil Nadu,4200,5
2023-11-07,Flipkart,F7664,Grocery,Maharashtra,1821,3
2023-11-07,Flipkart,F8199,Home Decor,Kerala,1884,2
2023-11-07,Flipkart,F6328,Electronics,Madhya Pradesh,1255,5
2023-11-07,Flipkart,F3888,Accessories,Tamil Nadu,864,4
2023-11-07,Flipkart,F6505,Accessories,Assam,1060,5
2023-11-07,Flipkart,F8139,Home Decor,Bihar,117,1
2023-11-07,Flipkart,F4639,Grocery,Bihar,642,3
2023-11-07,Flipkart,F2678,Clothes,Tamil Nadu,1869,3
2023-11-07,Flipkart,F7503,Home Decor,Chhattisgarh,770,1
2023-11-07,Flipkart,F1364,Grocery,Karnataka,428,2
2023-11-07,Flipkart,F7024,Clothes,Uttarakhand,418,1
2023-11-07,Flipkart,F3807,Clothes,Gujarat,1809,3
2023-11-07,Flipkart,F9984,Home Decor,West Bengal,1104,2
2023-11-07,Flipkart,F3752,Clothes,West Bengal,1860,3
2023-11-07,Flipkart,F4011,Clothes,Jharkhand,690,5
2023-11-07,Flipkart,F4902,Home Decor,Chhattisgarh,334,2
2023-11-07,Flipkart,F3216,Electronics,Haryana,986,1
2023-11-07,Flipkart,F4531,Grocery,Telangana,3325,5
2023-11-07,Flipkart,F1868,Clothes,Jharkhand,3735,5
2023-11-07,Flipkart,F9427,Electronics,Andhra Pradesh,981,3
2023-11-07,Flipkart,F2120,Accessories,Delhi,556,4
2023-11-07,Flipkart,F6985,Electronics,Delhi,2817,3
2023-11-08,Flipkart,F1725,Accessories,Telangana,822,2
2023-11-08,Flipkart,F4457,Grocery,Odisha,4190,5
2023-11-08,Flipkart,F3030,Electronics,Odisha,1764,2
2023-11-08,Flipkart,F5445,Home Decor,Jharkhand,1833,3
2023-11-08,Flipkart,F3614,Grocery,Telangana,3300,4
2023-11-08,Flipkart,F1528,Clothes,Odisha,801,3
2023-11-08,Flipkart,F7150,Clothes,Haryana,209,1
2023-11-08,Flipkart,F8799,Accessories,Punjab,735,5
2023-11-08,Flipkart,F9341,Clothes,Jharkhand,1556,2
2023-11-08,Flipkart,F2241,Accessories,Maharashtra,1632,4
2023-11-08,Flipkart,F2670,Home Decor,Chhattisgarh,1225,5
2023-11-08,Flipkart,F3747,Electronics,Assam,993,3
2023-11-08,Flipkart,F4535,Grocery,Uttar Pradesh,1000,2
2023-11-08,Flipkart,F6249,Electronics,Delhi,1836,2
2023-11-08,Flipkart,F8405,Accessories,Karnataka,1104,4
2023-11-08,Flipkart,F2771,Home Decor,Madhya Pradesh,1830,3
2023-11-08,Flipkart,F9943,Home Decor,Rajasthan,847,1
2023-11-08,Flipkart,F4493,Clothes,Punjab,181,1
2023-11-08,Flipkart,F5520,Grocery,Uttar Pradesh,814,1
2023-11-08,Flipkart,F2708,Grocery,Odisha,1644,2
2023-11-08,Flipkart,F4753,Accessories,Punjab,1596,2
2023-11-08,Flipkart,F2531,Electronics,Haryana,1866,2
2023-11-08,Flipkart,F9072,Accessories,Karnataka,1734,2
2023-11-08,Flipkart,F8069,Electronics,Haryana,1905,3
2023-11-08,Flipkart,F7619,Home Decor,Karnataka,746,2
2023-11-08,Flipkart,F9991,Electronics,Bihar,580,4
2023-11-08,Flipkart,F6088,Accessories,Odisha,1914,3
2023-11-08,Flipkart,F6512,Grocery,Bihar,292,1
2023-11-08,Flipkart,F3517,Grocery,Uttarakhand,690,3
2023-11-09,Flipkart,F1728,Accessories,Punjab,1696,2
2023-11-09,Flipkart,F4020,Grocery,Andhra Pradesh,456,3
2023-11-09,Flipkart,F1076,Grocery,Andhra Pradesh,1630,2
2023-11-09,Flipkart,F9081,Grocery,Kerala,2660,4
2023-11-09,Flipkart,F3108,Clothes,Madhya Pradesh,645,3
2023-11-09,Flipkart,F8786,Clothes,Tamil Nadu,4630,5
2023-11-09,Flipkart,F6881,Electronics,Punjab,1932,2
2023-11-09,Flipkart,F6248,Electronics,Tamil Nadu,4275,5
2023-11-09,Flipkart,F1929,Clothes,Madhya Pradesh,1360,4
2023-11-09,Flipkart,F5052,Accessories,Chhattisgarh,790,5
2023-11-09,Flipkart,F1810,Grocery,Chhattisgarh,3988,4
2023-11-09,Flipkart,F5146,Clothes,Gujarat,2145,3
2023-11-09,Flipkart,F2785,Clothes,Andhra Pradesh,1730,5
2023-11-09,Flipkart,F5975,Clothes,Assam,342,1
2023-11-09,Flipkart,F4757,Electronics,Odisha,234,2
2023-11-09,Flipkart,F1750,Clothes,Telangana,2682,3
2023-11-09,Flipkart,F5082,Accessories,Bihar,647,1
2023-11-09,Flipkart,F8336,Home Decor,Delhi,1368,2
2023-11-09,Flipkart,F8025,Home Decor,Haryana,2864,4
2023-11-09,Flipkart,F5952,Grocery,Madhya Pradesh,2996,4
2023-11-09,Flipkart,F8652,Electronics,Odisha,416,4
2023-11-09,Flipkart,F7999,Accessories,Assam,1665,3
2023-11-09,Flipkart,F6538,Home Decor,Odisha,456,1
2023-11-09,Flipkart,F7900,Home Decor,Assam,519,1
2023-11-09,Flipkart,F3625,Home Decor,West Bengal,1504,4
2023-11-09,Flipkart,F7455,Electronics,Karnataka,723,3
2023-11-09,Flipkart,F4715,Accessories,Uttarakhand,814,1
2023-11-09,Flipkart,F4627,Home Decor,Uttarakhand,2004,3
2023-11-10,Flipkart,F5773,Clothes,Bihar,810,2
2023-11-10,Flipkart,F2452,Home Decor,Uttarakhand,1364,4
2023-11-10,Flipkart,F6974,Home Decor,Madhya Pradesh,723,1
2023-11-10,Flipkart,F9082,Home Decor,Telangana,436,2
2023-11-10,Flipkart,F6373,Accessories,Bihar,1648,2
2023-11-10,Flipkart,F8722,Clothes,Telangana,366,3
2023-11-10,Flipkart,F1194,Electronics,Andhra Pradesh,639,1
2023-11-10,Flipkart,F4590,Clothes,Andhra Pradesh,1884,3
2023-11-10,Flipkart,F5996,Clothes,Assam,470,2
2023-11-10,Flipkart,F1999,Grocery,Rajasthan,2440,5
2023-11-10,Flipkart,F3505,Home Decor,Odisha,1754,2
2023-11-10,Flipkart,F5891,Clothes,Rajasthan,804,2
2023-11-10,Flipkart,F3907,Home Decor,Uttar Pradesh,480,2
2023-11-10,Flipkart,F9921,Home Decor,Uttarakhand,2212,4
2023-11-10,Flipkart,F8005,Clothes,Gujarat,210,2
2023-11-10,Flipkart,F1180,Accessories,Madhya Pradesh,462,3
2023-11-10,Flipkart,F7588,Accessories,Gujarat,2372,4
2023-11-10,Flipkart,F8571,Clothes,Delhi,477,1
2023-11-10,Flipkart,F4909,Grocery,Uttar Pradesh,1732,2
2023-11-10,Flipkart,F8299,Clothes,Odisha,1144,2
2023-11-10,Flipkart,F5428,Grocery,Madhya Pradesh,673,1
2023-11-10,Flipkart,F5927,Grocery,Delhi,991,1
2023-11-10,Flipkart,F6365,Home Decor,Delhi,969,3
2023-11-10,Flipkart,F8929,Home Decor,West Bengal,2050,5
2023-11-10,Flipkart,F2639,Grocery,Bihar,3032,4
2023-11-10,Flipkart,F3256,Home Decor,Bihar,3636,4
2023-11-10,Flipkart,F7002,Grocery,Telangana,3248,4
2023-11-10,Flipkart,F5054,Electronics,Assam,739,1
2023-11-10,Flipkart,F6317,Electronics,Punjab,212,1
2023-11-10,Flipkart,F1122,Accessories,Gujarat,387,1
2023-11-10,Flipkart,F6862,Home Decor,Uttarakhand,856,2
2023-11-10,Flipkart,F8836,Clothes,Delhi,3768,4
2023-11-10,Flipkart,F8498,Grocery,Bihar,955,1
2023-11-10,Flipkart,F6683,Accessories,Chhattisgarh,467,1
2023-11-10,Flipkart,F3656,Electronics,Rajasthan,2952,4
2023-11-10,Flipkart,F9109,Grocery,Karnataka,3210,5
2023-11-10,Flipkart,F5956,Grocery,Karnataka,436,4
2023-11-10,Flipkart,F8916,Accessories,Kerala,484,4
2023-11-10,Flipkart,F7319,Grocery,Chhattisgarh,4540,5
2023-11-10,Flipkart,F2645,Electronics,Andhra Pradesh,450,2
2023-11-11,Flipkart,F8778,Electronics,Odisha,359,1
2023-11-11,Flipkart,F5570,Grocery,Tamil Nadu,1962,3
2023-11-11,Flipkart,F1545,Home Decor,Uttarakhand,4300,5
2023-11-11,Flipkart,F5626,Clothes,Uttar Pradesh,1175,5
2023-11-11,Flipkart,F8746,Electronics,Odisha,3005,5
2023-11-11,Flipkart,F5377,Grocery,Haryana,1986,3
2023-11-11,Flipkart,F1907,Electronics,Chhattisgarh,862,1
2023-11-11,Flipkart,F5867,Clothes,Odisha,326,2
2023-11-11,Flipkart,F7642,Electronics,Delhi,278,2
2023-11-11,Flipkart,F3897,Electronics,Uttarakhand,1918,2
2023-11-11,Flipkart,F9623,Clothes,Rajasthan,2480,5
2023-11-11,Flipkart,F2193,Home Decor,Kerala,312,1
2023-11-11,Flipkart,F5105,Grocery,Chhattisgarh,609,3
2023-11-11,Flipkart,F7111,Home Decor,Telangana,1242,2
2023-11-11,Flipkart,F1624,Clothes,Tamil Nadu,4785,5
2023-11-11,Flipkart,F7563,Home Decor,Haryana,2514,3
2023-11-11,Flipkart,F6282,Accessories,Odisha,3870,5
2023-11-11,Flipkart,F8756,Electronics,Maharashtra,3885,5
2023-11-11,Flipkart,F1450,Electronics,Rajasthan,1497,3
2023-11-11,Flipkart,F7250,Clothes,Karnataka,2840,5
2023-11-11,Flipkart,F4308,Grocery,Andhra Pradesh,643,1
2023-11-11,Flipkart,F8654,Clothes,Assam,375,1
2023-11-11,Flipkart,F8548,Home Decor,Telangana,3752,4
2023-11-11,Flipkart,F1148,Accessories,Tamil Nadu,4340,5
2023-11-12,Flipkart,F7208,Clothes,West Bengal,541,1
2023-11-12,Flipkart,F3361,Accessories,Delhi,208,1
2023-11-12,Flipkart,F9868,Accessories,Haryana,1576,4
2023-11-12,Flipkart,F6216,Clothes,Punjab,1430,5
2023-11-12,Flipkart,F7108,Electronics,Uttarakhand,318,1
2023-11-12,Flipkart,F7050,Grocery,Jharkhand,116,1
2023-11-12,Flipkart,F9570,Accessories,Uttar Pradesh,2084,4
2023-11-12,Flipkart,F2959,Grocery,Delhi,1504,2
2023-11-12,Flipkart,F9813,Home Decor,West Bengal,2790,5
2023-11-12,Flipkart,F5404,Home Decor,Uttarakhand,2475,5
2023-11-12,Flipkart,F2724,Clothes,Bihar,2665,5
2023-11-12,Flipkart,F5052,Home Decor,Odisha,3975,5
2023-11-12,Flipkart,F4433,Clothes,Maharashtra,748,2
2023-11-12,Flipkart,F3325,Grocery,Delhi,891,3
2023-11-12,Flipkart,F4010,Grocery,Uttarakhand,3615,5
2023-11-12,Flipkart,F1043,Clothes,Madhya Pradesh,600,1
2023-11-12,Flipkart,F5353,Electronics,West Bengal,644,1
2023-11-12,Flipkart,F3158,Home Decor,Chhattisgarh,2230,5
2023-11-12,Flipkart,F7217,Clothes,Rajasthan,4000,5
2023-11-12,Flipkart,F4227,Home Decor,Haryana,1461,3
2023-11-12,Flipkart,F8240,Accessories,Madhya Pradesh,1402,2
2023-11-12,Flipkart,F2598,Home Decor,Madhya Pradesh,628,4
2023-11-12,Flipkart,F3405,Electronics,Assam,1590,5
2023-11-12,Flipkart,F9275,Home Decor,Tamil Nadu,555,3
2023-11-12,Flipkart,F6322,Grocery,Kerala,1076,2
2023-11-12,Flipkart,F8799,Clothes,Jharkhand,2301,3
2023-11-12,Flipkart,F6190,Home Decor,Assam,2660,4
2023-11-12,Flipkart,F3555,Accessories,Rajasthan,1206,2
2023-11-12,Flipkart,F2488,Grocery,Punjab,876,4
2023-11-12,Flipkart,F5407,Electronics,Chhattisgarh,3145,5
2023-11-12,Flipkart,F6770,Clothes,Rajasthan,324,1
2023-11-12,Flipkart,F4479,Electronics,Assam,494,2
2023-11-12,Flipkart,F1247,Home Decor,Tamil Nadu,2648,4
2023-11-12,Flipkart,F2075,Accessories,Jharkhand,1224,4
2023-11-12,Flipkart,F2376,Grocery,Andhra Pradesh,910,2
2023-11-13,Flipkart,F1370,Grocery,Telangana,374,1
2023-11-13,Flipkart,F9416,Accessories,Kerala,2164,4
2023-11-13,Flipkart,F5115,Accessories,Gujarat,1656,3
2023-11-13,Flipkart,F7616,Electronics,Telangana,1292,4
2023-11-13,Flipkart,F9384,Home Decor,Telangana,664,2
2023-11-13,Flipkart,F7998,Electronics,Jharkhand,1440,4
2023-11-13,Flipkart,F5500,Home Decor,West Bengal,1148,2
2023-11-13,Flipkart,F6371,Home Decor,Uttarakhand,1290,5
2023-11-13,Flipkart,F1090,Clothes,West Bengal,1737,3
2023-11-13,Flipkart,F1663,Accessories,Chhattisgarh,4920,5
2023-11-13,Flipkart,F3827,Clothes,Tamil Nadu,944,4
2023-11-13,Flipkart,F6087,Grocery,Tamil Nadu,1408,2
2023-11-13,Flipkart,F9845,Grocery,Telangana,787,1
2023-11-13,Flipkart,F7692,Clothes,Rajasthan,1803,3
2023-11-13,Flipkart,F7671,Accessories,Delhi,1200,2
2023-11-13,Flipkart,F7540,Electronics,Delhi,982,1
2023-11-13,Flipkart,F6226,Clothes,Assam,206,1
2023-11-13,Flipkart,F4734,Electronics,Odisha,762,3
2023-11-13,Flipkart,F1077,Accessories,Karnataka,185,1
2023-11-13,Flipkart,F2147,Home Decor,Odisha,876,2
2023-11-13,Flipkart,F5255,Electronics,Rajasthan,1736,4
2023-11-13,Flipkart,F8570,Home Decor,Maharashtra,681,1
2023-11-13,Flipkart,F3135,Grocery,Gujarat,2956,4
2023-11-13,Flipkart,F8898,Grocery,Telangana,1496,4
2023-11-13,Flipkart,F8136,Home Decor,Assam,1436,4
2023-11-13,Flipkart,F3512,Home Decor,Jharkhand,2325,5
2023-11-13,Flipkart,F2301,Grocery,Jharkhand,732,3
2023-11-13,Flipkart,F3330,Electronics,Madhya Pradesh,1806,3
2023-11-13,Flipkart,F2939,Electronics,Andhra Pradesh,1872,2
2023-11-13,Flipkart,F2510,Electronics,Andhra Pradesh,3388,4
2023-11-13,Flipkart,F6368,Clothes,Jharkhand,2193,3
2023-11-13,Flipkart,F3907,Home Decor,Tamil Nadu,460,2
2023-11-13,Flipkart,F3099,Grocery,Odisha,1572,4
2023-11-14,Flipkart,F6112,Home Decor,Rajasthan,2355,3
2023-11-14,Flipkart,F9193,Home Decor,Bihar,2645,5
2023-11-14,Flipkart,F9404,Grocery,Gujarat,2820,4
2023-11-14,Flipkart,F1729,Electronics,Assam,3768,4
2023-11-14,Flipkart,F9555,Accessories,Rajasthan,1665,5
2023-11-14,Flipkart,F9462,Clothes,Odisha,1344,2
2023-11-14,Flipkart,F6153,Grocery,Delhi,1864,2
2023-11-14,Flipkart,F3485,Grocery,Rajasthan,1344,4
2023-11-14,Flipkart,F1654,Electronics,Odisha,3104,4
2023-11-14,Flipkart,F5718,Accessories,Tamil Nadu,3692,4
2023-11-14,Flipkart,F6401,Electronics,Punjab,1284,4
2023-11-14,Flipkart,F9557,Accessories,Uttarakhand,864,1
2023-11-14,Flipkart,F5957,Home Decor,Gujarat,1167,3
2023-11-14,Flipkart,F1513,Grocery,Rajasthan,3440,5
2023-11-14,Flipkart,F7492,Electronics,Rajasthan,3845,5
2023-11-14,Flipkart,F9160,Electronics,Telangana,523,1
2023-11-14,Flipkart,F9285,Home Decor,Uttar Pradesh,960,1
2023-11-14,Flipkart,F4713,Grocery,Odisha,693,1
2023-11-14,Flipkart,F3009,Accessories,Punjab,1395,5
2023-11-14,Flipkart,F4382,Grocery,Odisha,2185,5
2023-11-14,Flipkart,F3487,Home Decor,Andhra Pradesh,486,1
2023-11-14,Flipkart,F4422,Home Decor,Uttar Pradesh,2956,4
2023-11-14,Flipkart,F3288,Electronics,Delhi,335,1
2023-11-14,Flipkart,F5071,Grocery,Uttarakhand,1095,3
2023-11-14,Flipkart,F3678,Accessories,Uttar Pradesh,852,2
2023-11-14,Flipkart,F7262,Accessories,Gujarat,713,1
2023-11-14,Flipkart,F1722,Grocery,Punjab,504,3
2023-11-14,Flipkart,F8983,Home Decor,Madhya Pradesh,763,1
2023-11-14,Flipkart,F2459,Clothes,Jharkhand,4330,5
2023-11-14,Flipkart,F8649,Electronics,Andhra Pradesh,1664,2
2023-11-14,Flipkart,F3578,Clothes,West Bengal,1563,3
2023-11-14,Flipkart,F5261,Home Decor,Jharkhand,1191,3
2023-11-14,Flipkart,F6330,Electronics,Madhya Pradesh,970,2
2023-11-14,Flipkart,F2225,Grocery,Odisha,791,1
2023-11-14,Flipkart,F8402,Electronics,Karnataka,3252,4
2023-11-14,Flipkart,F6236,Home Decor,Uttar Pradesh,1701,3
2023-11-14,Flipkart,F6639,Electronics,Uttar Pradesh,3412,4
2023-11-14,Flipkart,F3002,Clothes,West Bengal,2391,3
2023-11-14,Flipkart,F1602,Accessories,Rajasthan,180,1
2023-11-14,Flipkart,F6352,Home Decor,Bihar,1528,2
2023-11-15,Flipkart,F3031,Grocery,Chhattisgarh,360,1
2023-11-15,Flipkart,F5922,Home Decor,Karnataka,1592,4
2023-11-15,Flipkart,F5327,Clothes,Punjab,1270,2
2023-11-15,Flipkart,F3507,Grocery,Jharkhand,4485,5
2023-11-15,Flipkart,F7781,Grocery,Uttar Pradesh,1804,4
2023-11-15,Flipkart,F8278,Accessories,Rajasthan,436,1
2023-11-15,Flipkart,F5035,Electronics,Uttarakhand,748,4
2023-11-15,Flipkart,F3979,Grocery,Uttar Pradesh,4510,5
2023-11-15,Flipkart,F4840,Accessories,Jharkhand,3248,4
2023-11-15,Flipkart,F2760,Accessories,Andhra Pradesh,3092,4
2023-11-15,Flipkart,F3246,Home Decor,Telangana,4190,5
2023-11-15,Flipkart,F8787,Grocery,Telangana,3268,4
2023-11-15,Flipkart,F5032,Accessories,Rajasthan,3676,4
2023-11-15,Flipkart,F1361,Grocery,Andhra Pradesh,413,1
2023-11-15,Flipkart,F4672,Home Decor,Jharkhand,3360,4
2023-11-15,Flipkart,F9483,Accessories,Andhra Pradesh,872,2
2023-11-15,Flipkart,F2675,Grocery,Jharkhand,1804,2
2023-11-15,Flipkart,F8988,Electronics,Punjab,1026,2
2023-11-15,Flipkart,F7000,Electronics,Assam,2584,4
2023-11-15,Flipkart,F2449,Clothes,Punjab,824,1
2023-11-15,Flipkart,F1738,Grocery,Uttarakhand,1708,2
2023-11-15,Flipkart,F7469,Electronics,West Bengal,570,5
2023-11-15,Flipkart,F6526,Grocery,Jharkhand,314,2
2023-11-15,Flipkart,F6619,Clothes,Punjab,344,2
2023-11-15,Flipkart,F6347,Clothes,West Bengal,370,2
2023-11-15,Flipkart,F1939,Grocery,Andhra Pradesh,1456,2
2023-11-15,Flipkart,F4627,Grocery,Kerala,1248,4
2023-11-15,Flipkart,F5811,Grocery,Tamil Nadu,2424,3
2023-11-15,Flipkart,F1782,Electronics,Bihar,2283,3
2023-11-15,Flipkart,F1994,Accessories,Gujarat,924,3
2023-11-15,Flipkart,F2435,Grocery,Odisha,3892,4
2023-11-15,Flipkart,F9136,Electronics,Uttarakhand,3632,4
2023-11-15,Flipkart,F2066,Electronics,Gujarat,566,1
2023-11-15,Flipkart,F4584,Grocery,Maharashtra,2088,4
2023-11-15,Flipkart,F7019,Grocery,Chhattisgarh,2721,3
2023-11-15,Flipkart,F9835,Accessories,Haryana,1239,3
2023-11-15,Flipkart,F7245,Accessories,West Bengal,1566,3
2023-11-16,Flipkart,F1590,Home Decor,Odisha,2370,5
2023-11-16,Flipkart,F6654,Grocery,Uttarakhand,3800,5
2023-11-16,Flipkart,F8619,Accessories,Kerala,2515,5
2023-11-16,Flipkart,F7260,Home Decor,Jharkhand,3444,4
2023-11-16,Flipkart,F6450,Grocery,Uttarakhand,879,1
2023-11-16,Flipkart,F6444,Electronics,Delhi,1024,2
2023-11-16,Flipkart,F3324,Electronics,Telangana,3368,4
2023-11-16,Flipkart,F2424,Electronics,Assam,4495,5
2023-11-16,Flipkart,F4252,Home Decor,Telangana,694,1
2023-11-16,Flipkart,F6391,Clothes,Assam,1581,3
2023-11-16,Flipkart,F9037,Electronics,Karnataka,1320,5
2023-11-16,Flipkart,F8848,Home Decor,Punjab,304,2
2023-11-16,Flipkart,F5487,Electronics,West Bengal,1257,3
2023-11-16,Flipkart,F6202,Accessories,Kerala,1770,2
2023-11-16,Flipkart,F5155,Grocery,Assam,4740,5
2023-11-16,Flipkart,F5666,Home Decor,Assam,2823,3
2023-11-16,Flipkart,F4185,Home Decor,Uttarakhand,1329,3
2023-11-16,Flipkart,F3175,Clothes,Punjab,764,2
2023-11-16,Flipkart,F7016,Home Decor,Maharashtra,1608,4
2023-11-16,Flipkart,F5324,Electronics,Uttarakhand,2808,4
2023-11-16,Flipkart,F6796,Clothes,Haryana,1590,5
2023-11-16,Flipkart,F9012,Grocery,Rajasthan,624,2
2023-11-16,Flipkart,F9410,Accessories,Maharashtra,1980,3
2023-11-16,Flipkart,F5499,Grocery,Telangana,1743,3
2023-11-16,Flipkart,F4184,Grocery,Jharkhand,345,1
2023-11-16,Flipkart,F8376,Home Decor,Uttar Pradesh,874,1
2023-11-16,Flipkart,F7304,Accessories,Chhattisgarh,2032,4
2023-11-16,Flipkart,F2667,Accessories,Telangana,802,2
2023-11-16,Flipkart,F8192,Electronics,Tamil Nadu,1990,2
2023-11-16,Flipkart,F5118,Electronics,Andhra Pradesh,638,1
2023-11-16,Flipkart,F1080,Accessories,Karnataka,3320,5
2023-11-16,Flipkart,F6293,Accessories,Madhya Pradesh,2499,3
2023-11-16,Flipkart,F8829,Clothes,Delhi,1546,2
2023-11-16,Flipkart,F7375,Electronics,Delhi,1532,2
2023-11-16,Flipkart,F7456,Grocery,Tamil Nadu,1536,4
2023-11-16,Flipkart,F2770,Accessories,Karnataka,1195,5
2023-11-16,Flipkart,F6155,Grocery,Kerala,2330,5
2023-11-16,Flipkart,F8268,Grocery,Tamil Nadu,313,1
2023-11-16,Flipkart,F6518,Home Decor,Uttarakhand,3644,4
2023-11-17,Flipkart,F3186,Clothes,Odisha,995,1
2023-11-17,Flipkart,F4209,Clothes,Uttar Pradesh,456,4
2023-11-17,Flipkart,F1400,Accessories,West Bengal,2540,4
2023-11-17,Flipkart,F8477,Electronics,West Bengal,2064,3
2023-11-17,Flipkart,F7141,Home Decor,Madhya Pradesh,1428,3
2023-11-17,Flipkart,F9098,Clothes,Odisha,1398,2
2023-11-17,Flipkart,F7940,Electronics,Odisha,4035,5
2023-11-17,Flipkart,F6631,Home Decor,Haryana,2604,4
2023-11-17,Flipkart,F7875,Home Decor,Rajasthan,708,1
2023-11-17,Flipkart,F2923,Grocery,Jharkhand,3412,4
2023-11-17,Flipkart,F9050,Home Decor,Punjab,4935,5
2023-11-17,Flipkart,F9886,Electronics,Telangana,2172,3
2023-11-17,Flipkart,F8795,Clothes,Assam,1132,2
2023-11-17,Flipkart,F5480,Grocery,Maharashtra,1518,2
2023-11-17,Flipkart,F8105,Accessories,Odisha,406,2
2023-11-17,Flipkart,F8519,Grocery,Gujarat,1362,3
2023-11-17,Flipkart,F8598,Accessories,Jharkhand,3990,5
2023-11-17,Flipkart,F4881,Grocery,Punjab,2875,5
2023-11-17,Flipkart,F3502,Electronics,Jharkhand,495,1
2023-11-17,Flipkart,F6400,Electronics,Delhi,5000,5
2023-11-17,Flipkart,F2748,Clothes,Gujarat,2505,3
2023-11-17,Flipkart,F6685,Home Decor,Kerala,1875,5
2023-11-17,Flipkart,F8091,Accessories,Odisha,1326,2
2023-11-17,Flipkart,F1343,Grocery,Delhi,1653,3
2023-11-17,Flipkart,F5784,Clothes,Kerala,1686,3
2023-11-17,Flipkart,F1462,Home Decor,Andhra Pradesh,1180,4
2023-11-17,Flipkart,F4936,Grocery,Chhattisgarh,3380,5
2023-11-17,Flipkart,F4863,Accessories,Delhi,540,4
2023-11-17,Flipkart,F4116,Electronics,Madhya Pradesh,772,1
2023-11-18,Flipkart,F6329,Accessories,Telangana,945,5
2023-11-18,Flipkart,F9128,Grocery,Jharkhand,2988,4
2023-11-18,Flipkart,F5170,Home Decor,Karnataka,888,4
2023-11-18,Flipkart,F2085,Clothes,Delhi,357,3
2023-11-18,Flipkart,F1221,Clothes,Karnataka,2928,3
2023-11-18,Flipkart,F4243,Accessories,Telangana,2690,5
2023-11-18,Flipkart,F1360,Grocery,Maharashtra,691,1
2023-11-18,Flipkart,F1662,Electronics,Karnataka,3400,5
2023-11-18,Flipkart,F2116,Accessories,Rajasthan,748,1
2023-11-18,Flipkart,F3407,Clothes,Jharkhand,778,1
2023-11-18,Flipkart,F6976,Electronics,West Bengal,202,2
2023-11-18,Flipkart,F9764,Home Decor,Uttarakhand,2445,3
2023-11-18,Flipkart,F4070,Accessories,Andhra Pradesh,2601,3
2023-11-18,Flipkart,F1205,Clothes,Uttar Pradesh,796,1
2023-11-18,Flipkart,F2855,Clothes,Assam,711,3
2023-11-18,Flipkart,F5459,Clothes,Madhya Pradesh,2810,5
2023-11-18,Flipkart,F8106,Clothes,Chhattisgarh,3595,5
2023-11-18,Flipkart,F4258,Grocery,West Bengal,3820,4
2023-11-18,Flipkart,F3097,Accessories,Chhattisgarh,150,1
2023-11-18,Flipkart,F5784,Clothes,West Bengal,318,1
2023-11-18,Flipkart,F2843,Home Decor,Assam,3935,5
2023-11-18,Flipkart,F9117,Electronics,Rajasthan,1569,3
2023-11-18,Flipkart,F9541,Electronics,Rajasthan,2512,4
2023-11-18,Flipkart,F3339,Home Decor,West Bengal,452,1
2023-11-18,Flipkart,F6475,Accessories,Uttar Pradesh,277,1
2023-11-18,Flipkart,F6434,Electronics,Madhya Pradesh,2688,3
2023-11-18,Flipkart,F2302,Grocery,Chhattisgarh,1192,2
2023-11-18,Flipkart,F4059,Electronics,Kerala,4760,5
2023-11-18,Flipkart,F1936,Home Decor,Madhya Pradesh,1854,3
2023-11-18,Flipkart,F8837,Electronics,Delhi,2315,5
2023-11-18,Flipkart,F5150,Clothes,Karnataka,378,2
2023-11-18,Flipkart,F4455,Grocery,West Bengal,2733,3
2023-11-18,Flipkart,F3133,Grocery,Telangana,2380,5
2023-11-18,Flipkart,F3884,Clothes,Jharkhand,2096,4
2023-11-18,Flipkart,F6004,Grocery,Gujarat,3345,5
2023-11-19,Flipkart,F5920,Accessories,Uttarakhand,1885,5
2023-11-19,Flipkart,F4426,Home Decor,West Bengal,2895,3
2023-11-19,Flipkart,F6645,Grocery,Gujarat,4920,5
2023-11-19,Flipkart,F8618,Grocery,Uttar Pradesh,4405,5
2023-11-19,Flipkart,F6533,Accessories,Delhi,1020,2
2023-11-19,Flipkart,F5195,Home Decor,Madhya Pradesh,670,5
2023-11-19,Flipkart,F4182,Grocery,Karnataka,577,1
2023-11-19,Flipkart,F2032,Accessories,Rajasthan,944,1
2023-11-19,Flipkart,F1115,Home Decor,Haryana,1302,3
2023-11-19,Flipkart,F8771,Grocery,Chhattisgarh,2475,5
2023-11-19,Flipkart,F2394,Grocery,Madhya Pradesh,4540,5
2023-11-19,Flipkart,F3374,Grocery,Haryana,867,3
2023-11-19,Flipkart,F6977,Clothes,Chhattisgarh,975,3
2023-11-19,Flipkart,F2718,Grocery,Telangana,816,4
2023-11-19,Flipkart,F5152,Grocery,Uttar Pradesh,270,1
2023-11-19,Flipkart,F8364,Electronics,West Bengal,1698,3
2023-11-19,Flipkart,F8573,Clothes,Rajasthan,671,1
2023-11-19,Flipkart,F2574,Clothes,Rajasthan,778,2
2023-11-19,Flipkart,F4053,Clothes,Kerala,2742,3
2023-11-19,Flipkart,F4016,Electronics,Haryana,1365,3
2023-11-19,Flipkart,F5452,Clothes,Haryana,752,4
2023-11-19,Flipkart,F9087,Clothes,Bihar,698,1
2023-11-19,Flipkart,F5284,Clothes,Jharkhand,1324,4
2023-11-19,Flipkart,F1884,Grocery,Madhya Pradesh,2292,4
2023-11-19,Flipkart,F3441,Clothes,Chhattisgarh,980,4
2023-11-20,Flipkart,F1292,Clothes,Karnataka,2502,3
2023-11-20,Flipkart,F2259,Clothes,Uttarakhand,1596,4
2023-11-20,Flipkart,F5961,Accessories,Uttar Pradesh,132,1
2023-11-20,Flipkart,F5796,Home Decor,Bihar,1066,2
2023-11-20,Flipkart,F6471,Electronics,Bihar,1068,3
2023-11-20,Flipkart,F9987,Home Decor,Tamil Nadu,154,1
2023-11-20,Flipkart,F2505,Grocery,Telangana,1512,3
2023-11-20,Flipkart,F5319,Clothes,Kerala,1274,2
2023-11-20,Flipkart,F4457,Home Decor,Odisha,1336,2
2023-11-20,Flipkart,F4279,Accessories,Kerala,299,1
2023-11-20,Flipkart,F1087,Clothes,Haryana,3640,4
2023-11-20,Flipkart,F5658,Electronics,Maharashtra,528,2
2023-11-20,Flipkart,F8668,Grocery,Madhya Pradesh,3628,4
2023-11-20,Flipkart,F7870,Home Decor,Uttarakhand,611,1
2023-11-20,Flipkart,F4783,Accessories,Odisha,548,1
2023-11-20,Flipkart,F7297,Clothes,Delhi,3684,4
2023-11-20,Flipkart,F2308,Clothes,Punjab,1983,3
2023-11-20,Flipkart,F6125,Home Decor,Uttar Pradesh,661,1
2023-11-20,Flipkart,F1522,Electronics,Haryana,269,1
2023-11-20,Flipkart,F6085,Grocery,Telangana,950,2
2023-11-20,Flipkart,F4978,Clothes,Kerala,516,4
2023-11-20,Flipkart,F9403,Electronics,Rajasthan,1779,3
2023-11-20,Flipkart,F9507,Accessories,Punjab,3975,5
2023-11-20,Flipkart,F1693,Grocery,Karnataka,256,2
2023-11-20,Flipkart,F6371,Home Decor,Madhya Pradesh,493,1
2023-11-20,Flipkart,F7243,Grocery,Uttar Pradesh,2265,3
2023-11-20,Flipkart,F2440,Accessories,Telangana,588,1
2023-11-20,Flipkart,F4784,Home Decor,Telangana,2868,3
2023-11-20,Flipkart,F7149,Accessories,Kerala,440,1
2023-11-20,Flipkart,F8278,Grocery,Odisha,3840,5
2023-11-20,Flipkart,F8565,Electronics,Karnataka,1606,2
2023-11-20,Flipkart,F4532,Accessories,Odisha,1078,2
2023-11-20,Flipkart,F7854,Electronics,Odisha,594,2
2023-11-20,Flipkart,F8533,Clothes,Kerala,274,2
2023-11-20,Flipkart,F4662,Electronics,Telangana,2345,5
2023-11-20,Flipkart,F5043,Clothes,Rajasthan,3532,4
2023-11-20,Flipkart,F4416,Clothes,Odisha,3016,4
2023-11-21,Flipkart,F7475,Clothes,Punjab,597,3
2023-11-21,Flipkart,F2792,Clothes,Telangana,705,5
2023-11-21,Flipkart,F9305,Clothes,Andhra Pradesh,4710,5
2023-11-21,Flipkart,F4820,Home Decor,Odisha,248,2
2023-11-21,Flipkart,F8202,Home Decor,Karnataka,556,1
2023-11-21,Flipkart,F3995,Grocery,Kerala,161,1
2023-11-21,Flipkart,F6727,Home Decor,Uttarakhand,1302,2
2023-11-21,Flipkart,F8023,Grocery,Telangana,1164,2
2023-11-21,Flipkart,F3538,Grocery,Rajasthan,4895,5
2023-11-21,Flipkart,F1774,Clothes,Uttarakhand,1108,4
2023-11-21,Flipkart,F9893,Grocery,Haryana,1810,5
2023-11-21,Flipkart,F3117,Electronics,Jharkhand,436,1
2023-11-21,Flipkart,F9937,Home Decor,Uttarakhand,2907,3
2023-11-21,Flipkart,F2021,Grocery,Punjab,2785,5
2023-11-21,Flipkart,F6776,Electronics,Odisha,274,1
2023-11-21,Flipkart,F1410,Clothes,West Bengal,619,1
2023-11-21,Flipkart,F8609,Accessories,Kerala,657,3
2023-11-21,Flipkart,F6038,Electronics,Haryana,783,1
2023-11-21,Flipkart,F8427,Accessories,Assam,2000,5
2023-11-21,Flipkart,F9789,Clothes,Gujarat,110,1
2023-11-21,Flipkart,F4677,Clothes,Gujarat,3085,5
2023-11-21,Flipkart,F8212,Electronics,Kerala,2512,4
2023-11-21,Flipkart,F2468,Home Decor,Chhattisgarh,1954,2
2023-11-21,Flipkart,F4926,Accessories,Kerala,2025,5
2023-11-21,Flipkart,F6739,Accessories,Uttar Pradesh,664,2
2023-11-21,Flipkart,F6855,Clothes,Kerala,443,1
2023-11-21,Flipkart,F7170,Clothes,Rajasthan,1330,2
2023-11-22,Flipkart,F6837,Accessories,Telangana,1680,5
2023-11-22,Flipkart,F9495,Home Decor,Kerala,1536,4
2023-11-22,Flipkart,F7165,Grocery,Andhra Pradesh,261,1
2023-11-22,Flipkart,F4354,Home Decor,Rajasthan,531,3
2023-11-22,Flipkart,F1666,Clothes,Uttar Pradesh,1674,3
2023-11-22,Flipkart,F7676,Electronics,Assam,962,1
2023-11-22,Flipkart,F8575,Clothes,Uttarakhand,2735,5
2023-11-22,Flipkart,F7444,Home Decor,Kerala,3752,4
2023-11-22,Flipkart,F8619,Accessories,Andhra Pradesh,1890,3
2023-11-22,Flipkart,F2465,Electronics,Gujarat,1344,2
2023-11-22,Flipkart,F1532,Grocery,Punjab,2736,3
2023-11-22,Flipkart,F1884,Clothes,Odisha,1365,3
2023-11-22,Flipkart,F1604,Accessories,Maharashtra,1952,2
2023-11-22,Flipkart,F2952,Clothes,Assam,4210,5
2023-11-22,Flipkart,F3054,Home Decor,Telangana,2876,4
2023-11-22,Flipkart,F8289,Grocery,Jharkhand,3175,5
2023-11-22,Flipkart,F1587,Clothes,Odisha,985,1
2023-11-22,Flipkart,F6245,Accessories,Bihar,807,1
2023-11-22,Flipkart,F9416,Accessories,Gujarat,1269,3
2023-11-22,Flipkart,F8877,Electronics,Odisha,870,1
2023-11-22,Flipkart,F9148,Home Decor,Bihar,1080,2
2023-11-22,Flipkart,F2607,Clothes,Bihar,2976,4
2023-11-22,Flipkart,F4767,Accessories,Odisha,164,1
2023-11-22,Flipkart,F7142,Grocery,Odisha,1818,2
2023-11-22,Flipkart,F5525,Grocery,Delhi,1196,4
2023-11-22,Flipkart,F2115,Electronics,Uttarakhand,1990,2
2023-11-22,Flipkart,F1549,Electronics,Andhra Pradesh,310,2
2023-11-22,Flipkart,F1314,Home Decor,Punjab,739,1
2023-11-22,Flipkart,F3075,Electronics,Haryana,875,1
2023-11-23,Flipkart,F9117,Electronics,West Bengal,1956,3
2023-11-23,Flipkart,F8279,Grocery,Punjab,890,5
2023-11-23,Flipkart,F9064,Clothes,Odisha,855,1
2023-11-23,Flipkart,F3348,Grocery,Rajasthan,3070,5
2023-11-23,Flipkart,F1416,Clothes,Delhi,726,3
2023-11-23,Flipkart,F5466,Home Decor,Chhattisgarh,366,3
2023-11-23,Flipkart,F2481,Grocery,Bihar,891,3
2023-11-23,Flipkart,F3024,Electronics,Andhra Pradesh,2493,3
2023-11-23,Flipkart,F2617,Grocery,Kerala,1200,5
2023-11-23,Flipkart,F7163,Clothes,Maharashtra,956,1
2023-11-23,Flipkart,F3889,Clothes,Jharkhand,2061,3
2023-11-23,Flipkart,F5181,Electronics,Uttar Pradesh,288,1
2023-11-23,Flipkart,F2516,Home Decor,Maharashtra,2736,4
2023-11-23,Flipkart,F2441,Electronics,Uttar Pradesh,1527,3
2023-11-23,Flipkart,F5213,Home Decor,West Bengal,1318,2
2023-11-23,Flipkart,F1979,Clothes,Rajasthan,1205,5
2023-11-23,Flipkart,F8053,Clothes,Odisha,809,1
2023-11-23,Flipkart,F7206,Grocery,Jharkhand,3500,5
2023-11-23,Flipkart,F9615,Home Decor,Kerala,874,1
2023-11-23,Flipkart,F9694,Clothes,Madhya Pradesh,1325,5
2023-11-23,Flipkart,F1695,Home Decor,Delhi,379,1
2023-11-23,Flipkart,F7515,Clothes,Assam,2504,4
2023-11-23,Flipkart,F7702,Electronics,Tamil Nadu,2448,4
2023-11-23,Flipkart,F6383,Home Decor,Odisha,2228,4
2023-11-23,Flipkart,F3833,Electronics,Punjab,3292,4
2023-11-23,Flipkart,F2421,Grocery,Chhattisgarh,1434,2
2023-11-23,Flipkart,F2534,Home Decor,Haryana,3180,5
2023-11-23,Flipkart,F3271,Clothes,Odisha,1300,2
2023-11-23,Flipkart,F6605,Clothes,Telangana,4815,5
2023-11-23,Flipkart,F5682,Electronics,Maharashtra,920,4
2023-11-23,Flipkart,F1514,Electronics,Odisha,2930,5
2023-11-23,Flipkart,F7039,Home Decor,Uttar Pradesh,848,1
2023-11-23,Flipkart,F2255,Clothes,Punjab,2412,3
2023-11-23,Flipkart,F1679,Electronics,Assam,569,1
2023-11-23,Flipkart,F5530,Grocery,Kerala,4745,5
2023-11-23,Flipkart,F8651,Grocery,Kerala,1322,2
2023-11-24,Flipkart,F1758,Electronics,Bihar,874,2
2023-11-24,Flipkart,F8113,Home Decor,Chhattisgarh,2168,4
2023-11-24,Flipkart,F3604,Accessories,Delhi,1970,5
2023-11-24,Flipkart,F2443,Clothes,Bihar,1436,2
2023-11-24,Flipkart,F4513,Grocery,Karnataka,468,4
2023-11-24,Flipkart,F7138,Electronics,Delhi,4490,5
2023-11-24,Flipkart,F9321,Home Decor,Maharashtra,3175,5
2023-11-24,Flipkart,F2178,Clothes,Gujarat,2816,4
2023-11-24,Flipkart,F3558,Grocery,Tamil Nadu,972,1
2023-11-24,Flipkart,F5333,Electronics,Jharkhand,4055,5
2023-11-24,Flipkart,F2933,Clothes,Uttar Pradesh,486,2
2023-11-24,Flipkart,F6048,Clothes,Punjab,768,1
2023-11-24,Flipkart,F1528,Home Decor,Karnataka,1707,3
2023-11-24,Flipkart,F9273,Home Decor,Kerala,728,2
2023-11-24,Flipkart,F2015,Grocery,Jharkhand,336,2
2023-11-24,Flipkart,F1372,Electronics,Chhattisgarh,2187,3
2023-11-24,Flipkart,F5776,Electronics,Bihar,1730,5
2023-11-24,Flipkart,F8988,Home Decor,Uttarakhand,2277,3
2023-11-24,Flipkart,F6631,Home Decor,Jharkhand,1924,4
2023-11-24,Flipkart,F5755,Accessories,West Bengal,472,1
2023-11-24,Flipkart,F8183,Accessories,Odisha,617,1
2023-11-24,Flipkart,F5016,Clothes,Odisha,3135,5
2023-11-24,Flipkart,F6628,Electronics,Maharashtra,2208,3
2023-11-24,Flipkart,F5097,Electronics,Uttarakhand,310,2
2023-11-24,Flipkart,F9260,Grocery,Chhattisgarh,756,1
2023-11-24,Flipkart,F1068,Grocery,Uttar Pradesh,1910,2
2023-11-24,Flipkart,F2472,Accessories,Delhi,1345,5
2023-11-24,Flipkart,F3526,Accessories,Andhra Pradesh,1912,4
2023-11-24,Flipkart,F3555,Clothes,Rajasthan,3080,5
2023-11-24,Flipkart,F2469,Electronics,Rajasthan,2532,4
2023-11-24,Flipkart,F9526,Grocery,Kerala,2574,3
2023-11-24,Flipkart,F1519,Home Decor,Gujarat,2004,4
2023-11-24,Flipkart,F8718,Accessories,Assam,3804,4
2023-11-24,Flipkart,F5658,Grocery,Andhra Pradesh,1632,4
2023-11-24,Flipkart,F1740,Electronics,Karnataka,2260,5
2023-11-24,Flipkart,F5608,Home Decor,Bihar,2874,3
2023-11-24,Flipkart,F5436,Home Decor,Kerala,438,2
2023-11-25,Flipkart,F8822,Home Decor,Delhi,615,3
2023-11-25,Flipkart,F8597,Grocery,Punjab,1287,3
2023-11-25,Flipkart,F2062,Grocery,Chhattisgarh,561,1
2023-11-25,Flipkart,F4388,Grocery,Gujarat,3968,4
2023-11-25,Flipkart,F6485,Accessories,Madhya Pradesh,1020,5
2023-11-25,Flipkart,F7206,Accessories,Gujarat,3452,4
2023-11-25,Flipkart,F4878,Electronics,Uttar Pradesh,554,1
2023-11-25,Flipkart,F6287,Clothes,Bihar,325,1
2023-11-25,Flipkart,F7486,Clothes,Jharkhand,1114,2
2023-11-25,Flipkart,F6327,Electronics,Delhi,2840,5
2023-11-25,Flipkart,F2899,Accessories,Delhi,1584,4
2023-11-25,Flipkart,F6662,Electronics,Rajasthan,561,1
2023-11-25,Flipkart,F9131,Electronics,Delhi,1812,2
2023-11-25,Flipkart,F5114,Accessories,Bihar,582,1
2023-11-25,Flipkart,F9922,Electronics,Uttarakhand,3384,4
2023-11-25,Flipkart,F6222,Grocery,Uttar Pradesh,318,2
2023-11-25,Flipkart,F5192,Accessories,Bihar,238,1
2023-11-25,Flipkart,F5902,Home Decor,Assam,717,3
2023-11-25,Flipkart,F2903,Grocery,Maharashtra,156,1
2023-11-25,Flipkart,F4727,Electronics,Odisha,3240,4
2023-11-25,Flipkart,F1612,Clothes,Bihar,357,3
2023-11-25,Flipkart,F1620,Clothes,Haryana,1436,2
2023-11-25,Flipkart,F6475,Electronics,Gujarat,1485,5
2023-11-25,Flipkart,F2844,Grocery,Rajasthan,1980,5
2023-11-25,Flipkart,F5625,Electronics,Kerala,1317,3
2023-11-25,Flipkart,F7885,Clothes,Tamil Nadu,4515,5
2023-11-25,Flipkart,F3981,Accessories,Punjab,4580,5
2023-11-25,Flipkart,F1960,Accessories,Andhra Pradesh,1220,2
2023-11-25,Flipkart,F4043,Home Decor,Delhi,1490,5
2023-11-25,Flipkart,F3480,Home Decor,Odisha,2880,5
2023-11-26,Flipkart,F8979,Grocery,Haryana,1942,2
2023-11-26,Flipkart,F1737,Grocery,Maharashtra,1436,4
2023-11-26,Flipkart,F7209,Home Decor,Uttarakhand,1431,3
2023-11-26,Flipkart,F7373,Grocery,Jharkhand,2673,3
2023-11-26,Flipkart,F5677,Clothes,West Bengal,179,1
2023-11-26,Flipkart,F7898,Home Decor,Punjab,1696,2
2023-11-26,Flipkart,F4917,Clothes,Bihar,1352,4
2023-11-26,Flipkart,F1883,Accessories,Karnataka,586,1
2023-11-26,Flipkart,F5383,Home Decor,Tamil Nadu,3304,4
2023-11-26,Flipkart,F6995,Accessories,Madhya Pradesh,2456,4
2023-11-26,Flipkart,F6411,Accessories,Gujarat,351,3
2023-11-26,Flipkart,F4401,Accessories,Uttarakhand,2718,3
2023-11-26,Flipkart,F4410,Grocery,West Bengal,1797,3
2023-11-26,Flipkart,F7270,Home Decor,Gujarat,1732,4
2023-11-26,Flipkart,F9205,Accessories,Tamil Nadu,1674,2
2023-11-26,Flipkart,F5384,Grocery,Delhi,678,3
2023-11-26,Flipkart,F5437,Electronics,Maharashtra,1850,2
2023-11-26,Flipkart,F6452,Clothes,Telangana,1326,3
2023-11-26,Flipkart,F7939,Clothes,Karnataka,1456,4
2023-11-26,Flipkart,F2574,Electronics,Odisha,612,3
2023-11-26,Flipkart,F2847,Grocery,Telangana,1530,2
2023-11-26,Flipkart,F6977,Grocery,Haryana,500,2
2023-11-26,Flipkart,F9210,Home Decor,Tamil Nadu,3080,4
2023-11-26,Flipkart,F9561,Clothes,Uttarakhand,2116,4
2023-11-26,Flipkart,F1485,Electronics,Jharkhand,1728,4
2023-11-26,Flipkart,F2863,Home Decor,Telangana,3896,4
2023-11-26,Flipkart,F6473,Grocery,Bihar,606,1
2023-11-26,Flipkart,F1691,Grocery,Maharashtra,716,1
2023-11-26,Flipkart,F5497,Grocery,Assam,627,3
2023-11-26,Flipkart,F2531,Electronics,Uttar Pradesh,115,1
2023-11-26,Flipkart,F2919,Electronics,Uttar Pradesh,659,1
2023-11-26,Flipkart,F9830,Accessories,Madhya Pradesh,1145,5
2023-11-27,Flipkart,F8165,Home Decor,Maharashtra,174,1
2023-11-27,Flipkart,F7434,Grocery,Madhya Pradesh,2790,5
2023-11-27,Flipkart,F4687,Accessories,Delhi,1510,2
2023-11-27,Flipkart,F9592,Grocery,Odisha,1134,2
2023-11-27,Flipkart,F8922,Grocery,Madhya Pradesh,712,4
2023-11-27,Flipkart,F1623,Clothes,Odisha,147,1
2023-11-27,Flipkart,F4186,Grocery,Maharashtra,4460,5
2023-11-27,Flipkart,F9511,Electronics,Rajasthan,4635,5
2023-11-27,Flipkart,F1690,Electronics,Tamil Nadu,1982,2
2023-11-27,Flipkart,F4729,Grocery,Gujarat,289,1
2023-11-27,Flipkart,F3356,Electronics,Maharashtra,728,2
2023-11-27,Flipkart,F3589,Electronics,Tamil Nadu,760,4
2023-11-27,Flipkart,F5732,Home Decor,Madhya Pradesh,2345,5
2023-11-27,Flipkart,F9330,Grocery,Maharashtra,570,2
2023-11-27,Flipkart,F4513,Grocery,Andhra Pradesh,1104,3
2023-11-27,Flipkart,F6306,Accessories,Kerala,4785,5
2023-11-27,Flipkart,F3392,Accessories,Odisha,1608,4
2023-11-27,Flipkart,F8868,Grocery,Kerala,559,1
2023-11-27,Flipkart,F5215,Accessories,Uttar Pradesh,465,3
2023-11-27,Flipkart,F4068,Electronics,Odisha,1290,3
2023-11-27,Flipkart,F8671,Grocery,Karnataka,2091,3
2023-11-27,Flipkart,F7637,Home Decor,Kerala,2416,4
2023-11-27,Flipkart,F7058,Electronics,Karnataka,2820,4
2023-11-27,Flipkart,F6076,Grocery,Kerala,1368,2
2023-11-27,Flipkart,F5116,Home Decor,Punjab,912,1
2023-11-27,Flipkart,F1114,Grocery,Odisha,992,1
2023-11-27,Flipkart,F1417,Accessories,Delhi,969,3
2023-11-27,Flipkart,F1435,Electronics,Telangana,1235,5
2023-11-27,Flipkart,F5744,Grocery,Chhattisgarh,1725,3
2023-11-27,Flipkart,F5950,Grocery,Karnataka,206,2
2023-11-27,Flipkart,F3291,Accessories,Rajasthan,1869,3
2023-11-28,Flipkart,F6534,Clothes,Haryana,1532,2
2023-11-28,Flipkart,F8554,Clothes,Punjab,996,4
2023-11-28,Flipkart,F1149,Grocery,Uttarakhand,1347,3
2023-11-28,Flipkart,F5383,Clothes,Chhattisgarh,2508,4
2023-11-28,Flipkart,F4292,Clothes,Assam,511,1
2023-11-28,Flipkart,F6590,Grocery,Delhi,1707,3
2023-11-28,Flipkart,F9120,Electronics,Karnataka,298,2
2023-11-28,Flipkart,F5085,Grocery,Rajasthan,2862,3
2023-11-28,Flipkart,F2254,Clothes,Jharkhand,2229,3
2023-11-28,Flipkart,F3491,Electronics,Delhi,484,1
2023-11-28,Flipkart,F3615,Accessories,Odisha,2848,4
2023-11-28,Flipkart,F1267,Grocery,Maharashtra,3190,5
2023-11-28,Flipkart,F9329,Grocery,West Bengal,543,3
2023-11-28,Flipkart,F2086,Clothes,Haryana,936,2
2023-11-28,Flipkart,F4076,Accessories,Chhattisgarh,1653,3
2023-11-28,Flipkart,F3228,Grocery,Uttarakhand,512,4
2023-11-28,Flipkart,F7087,Clothes,Delhi,373,1
2023-11-28,Flipkart,F9940,Electronics,Karnataka,4950,5
2023-11-28,Flipkart,F5524,Home Decor,Telangana,745,5
2023-11-28,Flipkart,F5084,Home Decor,Odisha,1612,2
2023-11-28,Flipkart,F7529,Grocery,Punjab,715,5
2023-11-28,Flipkart,F7990,Clothes,Odisha,333,3
2023-11-28,Flipkart,F2979,Grocery,Tamil Nadu,2340,4
2023-11-28,Flipkart,F7723,Electronics,Telangana,1496,4
2023-11-28,Flipkart,F7023,Home Decor,Kerala,2560,4
2023-11-28,Flipkart,F5309,Accessories,Bihar,896,4
2023-11-28,Flipkart,F1339,Home Decor,Chhattisgarh,3920,5
2023-11-29,Flipkart,F2817,Home Decor,Tamil Nadu,1540,2
2023-11-29,Flipkart,F9713,Clothes,Gujarat,526,2
2023-11-29,Flipkart,F9158,Grocery,Uttarakhand,1290,3
2023-11-29,Flipkart,F6473,Clothes,Maharashtra,772,2
2023-11-29,Flipkart,F3713,Home Decor,Karnataka,3935,5
2023-11-29,Flipkart,F1288,Clothes,Tamil Nadu,2856,3
2023-11-29,Flipkart,F6439,Electronics,Chhattisgarh,2457,3
2023-11-29,Flipkart,F8993,Grocery,Chhattisgarh,306,3
2023-11-29,Flipkart,F3424,Grocery,Uttarakhand,3884,4
2023-11-29,Flipkart,F2854,Clothes,West Bengal,177,1
2023-11-29,Flipkart,F7451,Electronics,Delhi,2348,4
2023-11-29,Flipkart,F7556,Accessories,Delhi,1671,3
2023-11-29,Flipkart,F6982,Accessories,Karnataka,3525,5
2023-11-29,Flipkart,F8420,Clothes,Kerala,255,1
2023-11-29,Flipkart,F6886,Home Decor,Tamil Nadu,2388,3
2023-11-29,Flipkart,F5279,Home Decor,Assam,4665,5
2023-11-29,Flipkart,F9294,Electronics,Gujarat,304,2
2023-11-29,Flipkart,F4871,Clothes,Punjab,915,1
2023-11-29,Flipkart,F6680,Grocery,Haryana,650,5
2023-11-29,Flipkart,F3447,Home Decor,Haryana,1264,4
2023-11-29,Flipkart,F2119,Clothes,Andhra Pradesh,2205,3
2023-11-29,Flipkart,F5747,Accessories,Gujarat,1630,5
2023-11-29,Flipkart,F8649,Grocery,Odisha,760,2
2023-11-29,Flipkart,F1141,Home Decor,West Bengal,199,1
2023-11-29,Flipkart,F6241,Home Decor,West Bengal,182,1
2023-11-29,Flipkart,F3163,Grocery,Karnataka,1510,2
2023-11-29,Flipkart,F1353,Accessories,Delhi,474,2
2023-11-29,Flipkart,F5171,Accessories,Uttarakhand,800,2
2023-11-29,Flipkart,F3823,Clothes,Bihar,1275,5
2023-11-29,Flipkart,F4829,Electronics,Punjab,2052,3
2023-11-29,Flipkart,F5162,Home Decor,Maharashtra,4945,5
2023-11-29,Flipkart,F9933,Home Decor,Assam,2852,4
2023-11-29,Flipkart,F5372,Electronics,Chhattisgarh,888,1
2023-11-29,Flipkart,F7808,Accessories,Kerala,3020,5
2023-11-29,Flipkart,F3823,Home Decor,Tamil Nadu,531,3
2023-11-29,Flipkart,F7273,Accessories,Haryana,2262,3
2023-11-29,Flipkart,F3331,Home Decor,Odisha,1170,3
2023-11-29,Flipkart,F1984,Home Decor,Tamil Nadu,3100,5
2023-11-29,Flipkart,F3891,Electronics,Chhattisgarh,1106,2
2023-11-29,Flipkart,F7365,Accessories,Odisha,996,3
2023-11-30,Flipkart,F8053,Electronics,Uttar Pradesh,4180,5
2023-11-30,Flipkart,F7275,Accessories,Jharkhand,2032,4
2023-11-30,Flipkart,F5764,Electronics,Gujarat,1096,2
2023-11-30,Flipkart,F8082,Accessories,Jharkhand,441,3
2023-11-30,Flipkart,F1366,Grocery,Karnataka,479,1
2023-11-30,Flipkart,F7322,Electronics,Bihar,3260,5
2023-11-30,Flipkart,F6880,Electronics,Chhattisgarh,1580,5
2023-11-30,Flipkart,F5793,Home Decor,Chhattisgarh,282,1
2023-11-30,Flipkart,F2284,Accessories,West Bengal,843,3
2023-11-30,Flipkart,F4862,Home Decor,Chhattisgarh,2880,3
2023-11-30,Flipkart,F8057,Electronics,Jharkhand,2763,3
2023-11-30,Flipkart,F6424,Home Decor,Uttarakhand,746,1
2023-11-30,Flipkart,F3964,Electronics,Uttarakhand,4680,5
2023-11-30,Flipkart,F6920,Accessories,Kerala,512,2
2023-11-30,Flipkart,F7115,Clothes,Delhi,276,1
2023-11-30,Flipkart,F8983,Clothes,Gujarat,1968,2
2023-11-30,Flipkart,F9056,Electronics,Uttarakhand,1042,2
2023-11-30,Flipkart,F3377,Home Decor,West Bengal,966,2
2023-11-30,Flipkart,F6832,Clothes,Delhi,684,4
2023-11-30,Flipkart,F5150,Grocery,Odisha,722,2
2023-12-01,Flipkart,F3976,Grocery,Odisha,1173,3
2023-12-01,Flipkart,F2685,Grocery,Telangana,1436,2
2023-12-01,Flipkart,F3645,Grocery,Andhra Pradesh,906,1
2023-12-01,Flipkart,F9776,Grocery,Haryana,2241,3
2023-12-01,Flipkart,F8064,Accessories,Odisha,2644,4
2023-12-01,Flipkart,F7372,Electronics,Uttar Pradesh,882,3
2023-12-01,Flipkart,F4431,Home Decor,Punjab,2584,4
2023-12-01,Flipkart,F8708,Home Decor,Tamil Nadu,3608,4
2023-12-01,Flipkart,F1963,Grocery,West Bengal,500,1
2023-12-01,Flipkart,F1058,Home Decor,Chhattisgarh,522,1
2023-12-01,Flipkart,F6096,Accessories,Jharkhand,3104,4
2023-12-01,Flipkart,F6857,Home Decor,Rajasthan,1198,2
2023-12-01,Flipkart,F3954,Clothes,Rajasthan,1700,5
2023-12-01,Flipkart,F6002,Accessories,Chhattisgarh,1884,4
2023-12-01,Flipkart,F9604,Home Decor,Haryana,2892,3
2023-12-01,Flipkart,F7143,Grocery,Madhya Pradesh,3935,5
2023-12-01,Flipkart,F1844,Home Decor,Telangana,119,1
2023-12-01,Flipkart,F4807,Electronics,Haryana,1025,5
2023-12-01,Flipkart,F2451,Home Decor,Chhattisgarh,744,3
2023-12-01,Flipkart,F5570,Grocery,Kerala,3180,4
2023-12-01,Flipkart,F8404,Electronics,Karnataka,2397,3
2023-12-01,Flipkart,F5922,Clothes,Jharkhand,230,2
2023-12-01,Flipkart,F4029,Clothes,Rajasthan,1674,3
2023-12-01,Flipkart,F2839,Grocery,Assam,870,5
2023-12-01,Flipkart,F7370,Accessories,Assam,3732,4
2023-12-01,Flipkart,F1641,Electronics,Andhra Pradesh,3500,5
2023-12-01,Flipkart,F7649,Accessories,Gujarat,921,1
2023-12-01,Flipkart,F8419,Clothes,Punjab,156,1
2023-12-01,Flipkart,F2804,Electronics,Tamil Nadu,796,1
2023-12-01,Flipkart,F4324,Electronics,Andhra Pradesh,1836,3
2023-12-01,Flipkart,F2560,Electronics,Uttarakhand,1065,3
2023-12-02,Flipkart,F8034,Electronics,Odisha,3648,4
2023-12-02,Flipkart,F1260,Clothes,Delhi,3728,4
2023-12-02,Flipkart,F5004,Accessories,Telangana,1420,4
2023-12-02,Flipkart,F1087,Grocery,Gujarat,3972,4
2023-12-02,Flipkart,F5248,Grocery,Haryana,792,3
2023-12-02,Flipkart,F5820,Accessories,Jharkhand,4290,5
2023-12-02,Flipkart,F2505,Home Decor,Karnataka,3600,5
2023-12-02,Flipkart,F5743,Electronics,Bihar,1775,5
2023-12-02,Flipkart,F3242,Electronics,Chhattisgarh,1140,3
2023-12-02,Flipkart,F6372,Grocery,Punjab,1068,3
2023-12-02,Flipkart,F7880,Clothes,Maharashtra,426,3
2023-12-02,Flipkart,F9467,Grocery,Odisha,2460,3
2023-12-02,Flipkart,F1467,Home Decor,Delhi,221,1
2023-12-02,Flipkart,F3785,Clothes,Rajasthan,870,2
2023-12-02,Flipkart,F6880,Electronics,Uttarakhand,2744,4
2023-12-02,Flipkart,F7259,Clothes,Haryana,244,1
2023-12-02,Flipkart,F8600,Grocery,Gujarat,1260,3
2023-12-02,Flipkart,F7739,Home Decor,Kerala,1970,5
2023-12-02,Flipkart,F1303,Electronics,Assam,1232,4
2023-12-02,Flipkart,F6659,Accessories,Tamil Nadu,627,3
2023-12-03,Flipkart,F3161,Grocery,Gujarat,1046,2
2023-12-03,Flipkart,F3533,Electronics,Punjab,2060,4
2023-12-03,Flipkart,F7110,Accessories,West Bengal,416,4
2023-12-03,Flipkart,F5669,Clothes,Delhi,660,4
2023-12-03,Flipkart,F4277,Accessories,Madhya Pradesh,1030,2
2023-12-03,Flipkart,F8343,Clothes,Andhra Pradesh,676,2
2023-12-03,Flipkart,F5964,Accessories,Uttarakhand,326,2
2023-12-03,Flipkart,F3788,Grocery,Chhattisgarh,716,4
2023-12-03,Flipkart,F7208,Accessories,Kerala,303,1
2023-12-03,Flipkart,F7037,Clothes,Uttarakhand,396,3
2023-12-03,Flipkart,F7620,Grocery,Karnataka,2968,4
2023-12-03,Flipkart,F5176,Home Decor,Chhattisgarh,2235,3
2023-12-03,Flipkart,F1065,Home Decor,Kerala,2655,3
2023-12-03,Flipkart,F1391,Home Decor,Uttarakhand,564,3
2023-12-03,Flipkart,F2215,Home Decor,Tamil Nadu,1581,3
2023-12-03,Flipkart,F7276,Grocery,Bihar,3155,5
2023-12-03,Flipkart,F8171,Home Decor,Bihar,716,1
2023-12-03,Flipkart,F5815,Accessories,Maharashtra,2188,4
2023-12-03,Flipkart,F7415,Home Decor,Rajasthan,2850,5
2023-12-03,Flipkart,F5732,Grocery,Chhattisgarh,2016,4
2023-12-03,Flipkart,F3647,Grocery,Kerala,1869,3
2023-12-03,Flipkart,F5716,Electronics,Uttar Pradesh,2096,4
2023-12-03,Flipkart,F9482,Electronics,Haryana,1482,3
2023-12-03,Flipkart,F8383,Electronics,Uttar Pradesh,990,3
2023-12-03,Flipkart,F7687,Electronics,Haryana,2556,3
2023-12-03,Flipkart,F7298,Grocery,Karnataka,753,1
2023-12-04,Flipkart,F2973,Clothes,Delhi,2448,3
2023-12-04,Flipkart,F7441,Grocery,West Bengal,2319,3
2023-12-04,Flipkart,F6585,Electronics,Rajasthan,1628,2
2023-12-04,Flipkart,F3788,Home Decor,Gujarat,2523,3
2023-12-04,Flipkart,F4048,Accessories,Uttar Pradesh,2568,4
2023-12-04,Flipkart,F6822,Home Decor,Tamil Nadu,2116,4
2023-12-04,Flipkart,F4205,Clothes,Maharashtra,2109,3
2023-12-04,Flipkart,F3021,Grocery,West Bengal,754,1
2023-12-04,Flipkart,F3553,Grocery,Bihar,495,1
2023-12-04,Flipkart,F6270,Electronics,Uttarakhand,3356,4
2023-12-04,Flipkart,F1256,Clothes,Assam,202,2
2023-12-04,Flipkart,F2531,Electronics,Bihar,2283,3
2023-12-04,Flipkart,F7050,Accessories,Assam,567,1
2023-12-04,Flipkart,F2695,Home Decor,Telangana,1445,5
2023-12-04,Flipkart,F4026,Accessories,West Bengal,1632,3
2023-12-04,Flipkart,F2692,Accessories,Tamil Nadu,461,1
2023-12-04,Flipkart,F9301,Clothes,Karnataka,4960,5
2023-12-04,Flipkart,F2684,Grocery,Madhya Pradesh,959,1
2023-12-04,Flipkart,F4724,Electronics,Maharashtra,307,1
2023-12-04,Flipkart,F1991,Home Decor,Jharkhand,624,1
2023-12-04,Flipkart,F2083,Clothes,Jharkhand,3016,4
2023-12-04,Flipkart,F9154,Electronics,Chhattisgarh,1820,2
2023-12-04,Flipkart,F6359,Accessories,Uttarakhand,3020,5
2023-12-04,Flipkart,F7400,Home Decor,Odisha,236,2
2023-12-04,Flipkart,F4743,Home Decor,Punjab,945,5
2023-12-04,Flipkart,F1879,Accessories,Assam,379,1
2023-12-04,Flipkart,F9408,Grocery,Haryana,1956,4
2023-12-04,Flipkart,F5891,Home Decor,Chhattisgarh,541,1
2023-12-04,Flipkart,F9615,Clothes,Kerala,780,5
2023-12-04,Flipkart,F3637,Clothes,Madhya Pradesh,2106,3
2023-12-04,Flipkart,F9421,Home Decor,Uttar Pradesh,770,2
2023-12-04,Flipkart,F2847,Home Decor,Delhi,1094,2
2023-12-04,Flipkart,F3357,Accessories,Telangana,1647,3
2023-12-04,Flipkart,F1165,Grocery,Jharkhand,1740,3
2023-12-04,Flipkart,F2399,Home Decor,Kerala,1664,4
2023-12-05,Flipkart,F6082,Clothes,Madhya Pradesh,431,1
2023-12-05,Flipkart,F6887,Clothes,Bihar,1360,5
2023-12-05,Flipkart,F1380,Electronics,Delhi,1791,3
2023-12-05,Flipkart,F6752,Home Decor,Gujarat,224,2
2023-12-05,Flipkart,F6596,Home Decor,Maharashtra,1552,4
2023-12-05,Flipkart,F5613,Clothes,Odisha,658,2
2023-12-05,Flipkart,F4695,Electronics,Chhattisgarh,678,3
2023-12-05,Flipkart,F3755,Home Decor,Uttar Pradesh,262,2
2023-12-05,Flipkart,F8656,Grocery,Madhya Pradesh,510,2
2023-12-05,Flipkart,F4338,Accessories,Telangana,312,1
2023-12-05,Flipkart,F3038,Electronics,Telangana,2932,4
2023-12-05,Flipkart,F1379,Accessories,Gujarat,1262,2
2023-12-05,Flipkart,F3601,Clothes,Chhattisgarh,1980,5
2023-12-05,Flipkart,F7858,Clothes,Gujarat,1734,2
2023-12-05,Flipkart,F1404,Grocery,Assam,502,2
2023-12-05,Flipkart,F1172,Clothes,Chhattisgarh,3952,4
2023-12-05,Flipkart,F4978,Clothes,Telangana,3612,4
2023-12-05,Flipkart,F8768,Electronics,Punjab,2493,3
2023-12-05,Flipkart,F3829,Clothes,Uttarakhand,1764,4
2023-12-05,Flipkart,F2794,Home Decor,Odisha,4090,5
2023-12-05,Flipkart,F4863,Electronics,Madhya Pradesh,1040,4
2023-12-05,Flipkart,F6536,Accessories,Delhi,302,2
2023-12-06,Flipkart,F2838,Accessories,Uttar Pradesh,2656,4
2023-12-06,Flipkart,F3750,Grocery,Punjab,1168,2
2023-12-06,Flipkart,F5227,Grocery,Gujarat,427,1
2023-12-06,Flipkart,F8821,Clothes,Punjab,479,1
2023-12-06,Flipkart,F4172,Electronics,Karnataka,1524,3
2023-12-06,Flipkart,F1662,Grocery,Tamil Nadu,2000,5
2023-12-06,Flipkart,F7003,Grocery,Telangana,1610,5
2023-12-06,Flipkart,F1765,Home Decor,Delhi,1671,3
2023-12-06,Flipkart,F4165,Grocery,Jharkhand,1595,5
2023-12-06,Flipkart,F6506,Electronics,Andhra Pradesh,1340,4
2023-12-06,Flipkart,F3996,Electronics,Maharashtra,299,1
2023-12-06,Flipkart,F6099,Grocery,Chhattisgarh,1083,3
2023-12-06,Flipkart,F9337,Home Decor,Tamil Nadu,343,1
2023-12-06,Flipkart,F6816,Clothes,Bihar,1042,2
2023-12-06,Flipkart,F5967,Accessories,Haryana,992,1
2023-12-06,Flipkart,F2234,Electronics,Punjab,1293,3
2023-12-06,Flipkart,F6159,Electronics,Kerala,1665,5
2023-12-06,Flipkart,F5804,Electronics,Madhya Pradesh,700,1
2023-12-06,Flipkart,F2294,Electronics,Gujarat,1839,3
2023-12-06,Flipkart,F2852,Electronics,Madhya Pradesh,3308,4
2023-12-06,Flipkart,F3288,Accessories,Odisha,1988,4
2023-12-06,Flipkart,F5778,Accessories,Gujarat,280,1
2023-12-06,Flipkart,F2056,Clothes,Chhattisgarh,708,2
2023-12-06,Flipkart,F8929,Clothes,Maharashtra,4430,5
2023-12-06,Flipkart,F8180,Accessories,Telangana,1810,2
2023-12-06,Flipkart,F6292,Accessories,Maharashtra,2095,5
2023-12-07,Flipkart,F7769,Clothes,Odisha,462,2
2023-12-07,Flipkart,F9705,Electronics,Maharashtra,4860,5
2023-12-07,Flipkart,F6027,Home Decor,Karnataka,852,4
2023-12-07,Flipkart,F1763,Home Decor,Andhra Pradesh,498,1
2023-12-07,Flipkart,F3374,Electronics,Punjab,1800,5
2023-12-07,Flipkart,F7357,Accessories,Chhattisgarh,882,3
2023-12-07,Flipkart,F1824,Clothes,Uttarakhand,180,1
2023-12-07,Flipkart,F8608,Clothes,Bihar,1395,5
2023-12-07,Flipkart,F9480,Grocery,Haryana,1800,5
2023-12-07,Flipkart,F4603,Electronics,Haryana,1656,4
2023-12-07,Flipkart,F1832,Electronics,Chhattisgarh,886,1
2023-12-07,Flipkart,F7303,Grocery,Uttarakhand,4000,5
2023-12-07,Flipkart,F2918,Accessories,Tamil Nadu,2095,5
2023-12-07,Flipkart,F4501,Home Decor,Punjab,1928,4
2023-12-07,Flipkart,F8635,Clothes,Karnataka,2925,3
2023-12-07,Flipkart,F6903,Electronics,Rajasthan,1827,3
2023-12-07,Flipkart,F9769,Grocery,Jharkhand,2568,4
2023-12-07,Flipkart,F9876,Home Decor,Assam,1236,3
2023-12-07,Flipkart,F1831,Accessories,Gujarat,282,2
2023-12-07,Flipkart,F1260,Home Decor,West Bengal,2812,4
2023-12-07,Flipkart,F8274,Grocery,Bihar,1594,2
2023-12-07,Flipkart,F7674,Clothes,West Bengal,1845,5
2023-12-07,Flipkart,F4311,Clothes,Jharkhand,4540,5
2023-12-07,Flipkart,F3385,Accessories,Uttarakhand,856,4
2023-12-07,Flipkart,F6798,Grocery,Tamil Nadu,846,3
2023-12-07,Flipkart,F5745,Electronics,Chhattisgarh,922,2
2023-12-07,Flipkart,F9201,Accessories,Kerala,216,2
2023-12-08,Flipkart,F8050,Grocery,Maharashtra,3180,5
2023-12-08,Flipkart,F3642,Clothes,Maharashtra,1713,3
2023-12-08,Flipkart,F8999,Home Decor,Assam,4095,5
2023-12-08,Flipkart,F5280,Clothes,Maharashtra,244,2
2023-12-08,Flipkart,F8808,Home Decor,Delhi,882,1
2023-12-08,Flipkart,F5915,Accessories,Tamil Nadu,1560,3
2023-12-08,Flipkart,F7787,Accessories,Telangana,1035,5
2023-12-08,Flipkart,F7546,Grocery,Kerala,2140,5
2023-12-08,Flipkart,F4525,Clothes,Kerala,1888,4
2023-12-08,Flipkart,F5441,Accessories,Andhra Pradesh,926,2
2023-12-08,Flipkart,F4795,Electronics,Andhra Pradesh,1778,2
2023-12-08,Flipkart,F5298,Electronics,Delhi,1162,2
2023-12-08,Flipkart,F4359,Home Decor,Delhi,502,2
2023-12-08,Flipkart,F1858,Home Decor,Jharkhand,908,2
2023-12-08,Flipkart,F6999,Clothes,Haryana,1935,5
2023-12-08,Flipkart,F1398,Grocery,Gujarat,3825,5
2023-12-08,Flipkart,F9267,Grocery,Uttar Pradesh,280,1
2023-12-08,Flipkart,F3591,Home Decor,Rajasthan,1996,2
2023-12-08,Flipkart,F5907,Clothes,Bihar,245,1
2023-12-08,Flipkart,F9843,Home Decor,Jharkhand,3680,4
2023-12-08,Flipkart,F6882,Accessories,Uttar Pradesh,368,1
2023-12-08,Flipkart,F7335,Home Decor,Telangana,1704,2
2023-12-08,Flipkart,F1678,Home Decor,Punjab,1216,2
2023-12-08,Flipkart,F8048,Accessories,Madhya Pradesh,366,1
2023-12-08,Flipkart,F6350,Grocery,Karnataka,615,5
2023-12-08,Flipkart,F9221,Accessories,Delhi,2862,3
2023-12-08,Flipkart,F6843,Clothes,Uttar Pradesh,1555,5
2023-12-08,Flipkart,F3406,Clothes,Chhattisgarh,2785,5
2023-12-08,Flipkart,F1060,Electronics,Gujarat,3310,5
2023-12-08,Flipkart,F8086,Clothes,Assam,1732,4
2023-12-08,Flipkart,F7873,Accessories,West Bengal,737,1
2023-12-08,Flipkart,F9347,Home Decor,Tamil Nadu,263,1
2023-12-08,Flipkart,F1521,Home Decor,Andhra Pradesh,2760,4
2023-12-08,Flipkart,F1726,Electronics,Delhi,1140,2
2023-12-08,Flipkart,F3125,Electronics,Maharashtra,121,1
2023-12-08,Flipkart,F1355,Home Decor,Karnataka,1458,3
2023-12-08,Flipkart,F3068,Home Decor,Karnataka,832,1
2023-12-09,Flipkart,F5029,Electronics,Tamil Nadu,1680,2
2023-12-09,Flipkart,F2680,Home Decor,Jharkhand,3168,4
2023-12-09,Flipkart,F4178,Grocery,Maharashtra,2155,5
2023-12-09,Flipkart,F3488,Electronics,Karnataka,4690,5
2023-12-09,Flipkart,F1109,Grocery,Kerala,2331,3
2023-12-09,Flipkart,F8629,Home Decor,Chhattisgarh,486,3
2023-12-09,Flipkart,F3747,Electronics,Bihar,1645,5
2023-12-09,Flipkart,F5513,Clothes,Kerala,214,1
2023-12-09,Flipkart,F7344,Grocery,Telangana,2948,4
2023-12-09,Flipkart,F3994,Grocery,Punjab,696,1
2023-12-09,Flipkart,F2435,Accessories,West Bengal,1590,2
2023-12-09,Flipkart,F6037,Grocery,Tamil Nadu,3845,5
2023-12-09,Flipkart,F8049,Accessories,Kerala,347,1
2023-12-09,Flipkart,F7462,Electronics,Assam,2448,3
2023-12-09,Flipkart,F1374,Accessories,Uttar Pradesh,3924,4
2023-12-09,Flipkart,F3758,Accessories,Jharkhand,1294,2
2023-12-09,Flipkart,F9450,Grocery,Madhya Pradesh,1870,2
2023-12-09,Flipkart,F6085,Clothes,Assam,1952,4
2023-12-09,Flipkart,F5530,Home Decor,Bihar,1524,3
2023-12-09,Flipkart,F3880,Clothes,Madhya Pradesh,1221,3
2023-12-09,Flipkart,F8527,Grocery,Uttarakhand,564,1
2023-12-09,Flipkart,F6441,Clothes,Assam,1290,5
2023-12-09,Flipkart,F2578,Grocery,Maharashtra,940,2
2023-12-09,Flipkart,F3652,Accessories,Gujarat,626,1
2023-12-10,Flipkart,F1340,Clothes,Haryana,820,1
2023-12-10,Flipkart,F5502,Accessories,West Bengal,3625,5
2023-12-10,Flipkart,F6765,Accessories,Rajasthan,2524,4
2023-12-10,Flipkart,F5711,Clothes,Assam,1030,5
2023-12-10,Flipkart,F9707,Accessories,Kerala,1495,5
2023-12-10,Flipkart,F1840,Electronics,Uttarakhand,1208,4
2023-12-10,Flipkart,F8866,Accessories,Odisha,1078,2
2023-12-10,Flipkart,F6816,Accessories,Haryana,3195,5
2023-12-10,Flipkart,F7096,Grocery,Rajasthan,764,1
2023-12-10,Flipkart,F9551,Grocery,Uttarakhand,1864,4
2023-12-10,Flipkart,F2847,Grocery,Odisha,1890,5
2023-12-10,Flipkart,F9179,Home Decor,Madhya Pradesh,4040,5
2023-12-10,Flipkart,F4184,Electronics,Delhi,107,1
2023-12-10,Flipkart,F8778,Electronics,Telangana,1224,4
2023-12-10,Flipkart,F5684,Accessories,Assam,2799,3
2023-12-10,Flipkart,F6480,Home Decor,Telangana,408,4
2023-12-10,Flipkart,F7135,Home Decor,Gujarat,1950,3
2023-12-10,Flipkart,F1529,Grocery,Bihar,349,1
2023-12-10,Flipkart,F9558,Grocery,Kerala,1598,2
2023-12-10,Flipkart,F1388,Electronics,Delhi,2061,3
2023-12-10,Flipkart,F8435,Home Decor,Assam,1488,3
2023-12-10,Flipkart,F7675,Clothes,Haryana,312,3
2023-12-11,Flipkart,F1099,Grocery,Punjab,1200,3
2023-12-11,Flipkart,F7288,Accessories,Jharkhand,1404,2
2023-12-11,Flipkart,F3955,Electronics,Haryana,1698,2
2023-12-11,Flipkart,F7303,Clothes,Kerala,1842,2
2023-12-11,Flipkart,F7150,Electronics,Gujarat,940,2
2023-12-11,Flipkart,F2714,Electronics,Odisha,542,1
2023-12-11,Flipkart,F9092,Grocery,Assam,488,2
2023-12-11,Flipkart,F9081,Clothes,Telangana,3380,5
2023-12-11,Flipkart,F3543,Accessories,Madhya Pradesh,1185,5
2023-12-11,Flipkart,F9793,Clothes,Bihar,480,1
2023-12-11,Flipkart,F8534,Electronics,Delhi,2229,3
2023-12-11,Flipkart,F7431,Grocery,Kerala,1084,2
2023-12-11,Flipkart,F3244,Clothes,Kerala,2264,4
2023-12-11,Flipkart,F8814,Grocery,Uttar Pradesh,324,2
2023-12-11,Flipkart,F1861,Accessories,Rajasthan,960,3
2023-12-11,Flipkart,F8004,Clothes,Madhya Pradesh,643,1
2023-12-11,Flipkart,F4875,Electronics,Delhi,2456,4
2023-12-11,Flipkart,F2987,Home Decor,Tamil Nadu,1077,3
2023-12-11,Flipkart,F4727,Home Decor,Karnataka,2690,5
2023-12-11,Flipkart,F6665,Grocery,Delhi,1056,2
2023-12-11,Flipkart,F1833,Home Decor,Uttarakhand,2517,3
2023-12-11,Flipkart,F8437,Clothes,Punjab,1740,3
2023-12-11,Flipkart,F4585,Home Decor,Rajasthan,735,1
2023-12-11,Flipkart,F8511,Home Decor,Bihar,354,3
2023-12-11,Flipkart,F8721,Home Decor,Odisha,1908,2
2023-12-11,Flipkart,F6719,Clothes,Haryana,1500,2
2023-12-11,Flipkart,F1058,Home Decor,Kerala,2868,3
2023-12-11,Flipkart,F6725,Clothes,Tamil Nadu,4135,5
2023-12-11,Flipkart,F2013,Clothes,Maharashtra,517,1
2023-12-12,Flipkart,F8675,Grocery,Jharkhand,1299,3
2023-12-12,Flipkart,F3684,Clothes,Delhi,1476,2
2023-12-12,Flipkart,F2733,Clothes,Odisha,1308,4
2023-12-12,Flipkart,F8719,Grocery,Telangana,1380,4
2023-12-12,Flipkart,F5016,Clothes,Bihar,356,2
2023-12-12,Flipkart,F5325,Grocery,Kerala,600,5
2023-12-12,Flipkart,F3975,Electronics,West Bengal,172,1
2023-12-12,Flipkart,F4588,Electronics,Maharashtra,756,4
2023-12-12,Flipkart,F1851,Home Decor,Gujarat,873,1
2023-12-12,Flipkart,F1673,Accessories,Telangana,3584,4
2023-12-12,Flipkart,F2584,Clothes,Karnataka,737,1
2023-12-12,Flipkart,F2486,Clothes,Assam,240,2
2023-12-12,Flipkart,F4922,Grocery,Assam,753,1
2023-12-12,Flipkart,F4368,Clothes,Delhi,1394,2
2023-12-12,Flipkart,F4135,Grocery,Uttarakhand,772,1
2023-12-12,Flipkart,F1873,Electronics,Rajasthan,512,2
2023-12-12,Flipkart,F4620,Grocery,Haryana,1743,3
2023-12-12,Flipkart,F3601,Electronics,Uttarakhand,294,1
2023-12-12,Flipkart,F4246,Grocery,Andhra Pradesh,127,1
2023-12-12,Flipkart,F5549,Accessories,Karnataka,2776,4
2023-12-12,Flipkart,F9874,Accessories,Delhi,2808,4
2023-12-12,Flipkart,F2320,Grocery,Haryana,590,2
2023-12-12,Flipkart,F3900,Electronics,Karnataka,848,4
2023-12-13,Flipkart,F4908,Home Decor,Madhya Pradesh,440,4
2023-12-13,Flipkart,F4431,Clothes,Uttar Pradesh,2380,5
2023-12-13,Flipkart,F7559,Clothes,Tamil Nadu,465,1
2023-12-13,Flipkart,F5008,Clothes,Uttar Pradesh,1398,2
2023-12-13,Flipkart,F4513,Clothes,Rajasthan,1828,2
2023-12-13,Flipkart,F2792,Electronics,Bihar,848,4
2023-12-13,Flipkart,F9255,Home Decor,Maharashtra,2405,5
2023-12-13,Flipkart,F1109,Grocery,Jharkhand,2280,3
2023-12-13,Flipkart,F7444,Home Decor,Andhra Pradesh,1023,3
2023-12-13,Flipkart,F1537,Home Decor,Punjab,224,1
2023-12-13,Flipkart,F4633,Grocery,Uttar Pradesh,1240,2
2023-12-13,Flipkart,F3628,Grocery,Maharashtra,3356,4
2023-12-13,Flipkart,F2569,Accessories,Andhra Pradesh,1119,3
2023-12-13,Flipkart,F1933,Grocery,Bihar,1276,4
2023-12-13,Flipkart,F4160,Electronics,Uttar Pradesh,1713,3
2023-12-13,Flipkart,F2179,Home Decor,Telangana,2510,5
2023-12-13,Flipkart,F8866,Grocery,Assam,281,1
2023-12-13,Flipkart,F1099,Grocery,Bihar,308,1
2023-12-13,Flipkart,F2216,Home Decor,Chhattisgarh,1000,5
2023-12-13,Flipkart,F8849,Accessories,Karnataka,1484,2
2023-12-13,Flipkart,F8980,Clothes,Jharkhand,4165,5
2023-12-13,Flipkart,F4286,Clothes,Andhra Pradesh,1415,5
2023-12-14,Flipkart,F9792,Accessories,Uttar Pradesh,830,1
2023-12-14,Flipkart,F7256,Electronics,Jharkhand,2915,5
2023-12-14,Flipkart,F7409,Accessories,Telangana,666,1
2023-12-14,Flipkart,F9609,Grocery,Kerala,378,1
2023-12-14,Flipkart,F5589,Electronics,Delhi,3548,4
2023-12-14,Flipkart,F8961,Clothes,Jharkhand,940,2
2023-12-14,Flipkart,F7336,Clothes,Maharashtra,947,1
2023-12-14,Flipkart,F1966,Accessories,West Bengal,3740,5
2023-12-14,Flipkart,F3963,Electronics,Karnataka,336,2
2023-12-14,Flipkart,F8171,Home Decor,Tamil Nadu,545,1
2023-12-14,Flipkart,F6762,Home Decor,Maharashtra,634,2
2023-12-14,Flipkart,F4730,Grocery,Uttarakhand,1880,5
2023-12-14,Flipkart,F3616,Accessories,Odisha,1986,3
2023-12-14,Flipkart,F7934,Clothes,Tamil Nadu,2755,5
2023-12-14,Flipkart,F3624,Grocery,Gujarat,2404,4
2023-12-14,Flipkart,F1739,Grocery,Gujarat,273,1
2023-12-14,Flipkart,F8501,Home Decor,Rajasthan,1795,5
2023-12-14,Flipkart,F6869,Home Decor,Odisha,572,1
2023-12-14,Flipkart,F7827,Electronics,Assam,2840,5
2023-12-14,Flipkart,F1116,Accessories,Assam,1566,3
2023-12-14,Flipkart,F4910,Clothes,Uttarakhand,1470,5
2023-12-14,Flipkart,F6433,Home Decor,West Bengal,2045,5
2023-12-14,Flipkart,F1036,Accessories,Kerala,1456,4
2023-12-14,Flipkart,F1077,Accessories,Madhya Pradesh,2368,4
2023-12-15,Flipkart,F8726,Home Decor,Telangana,2880,3
2023-12-15,Flipkart,F8050,Electronics,Odisha,984,4
2023-12-15,Flipkart,F3135,Home Decor,Karnataka,462,3
2023-12-15,Flipkart,F9493,Clothes,Kerala,743,1
2023-12-15,Flipkart,F1222,Accessories,Uttar Pradesh,984,2
2023-12-15,Flipkart,F3558,Grocery,Maharashtra,4205,5
2023-12-15,Flipkart,F9941,Grocery,Punjab,1233,3
2023-12-15,Flipkart,F2260,Electronics,Tamil Nadu,2910,3
2023-12-15,Flipkart,F1139,Electronics,West Bengal,1492,2
2023-12-15,Flipkart,F4782,Electronics,Madhya Pradesh,648,2
2023-12-15,Flipkart,F2424,Clothes,Gujarat,456,3
2023-12-15,Flipkart,F2390,Electronics,Bihar,4165,5
2023-12-15,Flipkart,F3712,Clothes,West Bengal,2104,4
2023-12-15,Flipkart,F6425,Clothes,Bihar,924,4
2023-12-15,Flipkart,F5629,Clothes,Uttarakhand,1528,4
2023-12-15,Flipkart,F2889,Clothes,Uttarakhand,866,2
2023-12-15,Flipkart,F1699,Clothes,Karnataka,2915,5
2023-12-15,Flipkart,F4384,Grocery,West Bengal,802,1
2023-12-15,Flipkart,F7135,Clothes,Andhra Pradesh,2632,4
2023-12-15,Flipkart,F8034,Accessories,Andhra Pradesh,4075,5
2023-12-15,Flipkart,F2139,Accessories,Andhra Pradesh,1486,2
2023-12-15,Flipkart,F7936,Clothes,Andhra Pradesh,3255,5
2023-12-15,Flipkart,F5354,Accessories,Delhi,685,1
2023-12-15,Flipkart,F5378,Home Decor,Madhya Pradesh,2805,3
2023-12-15,Flipkart,F2160,Accessories,Andhra Pradesh,1586,2
2023-12-15,Flipkart,F9096,Electronics,Rajasthan,470,1
2023-12-15,Flipkart,F6250,Home Decor,Chhattisgarh,1011,3
2023-12-15,Flipkart,F7761,Accessories,Delhi,1988,4
2023-12-15,Flipkart,F1580,Clothes,Uttarakhand,2508,4
2023-12-15,Flipkart,F2075,Home Decor,Kerala,2296,4
2023-12-15,Flipkart,F2796,Home Decor,Haryana,1610,2
2023-12-15,Flipkart,F5398,Accessories,Delhi,2260,4
2023-12-15,Flipkart,F5899,Grocery,Gujarat,288,2
2023-12-15,Flipkart,F9789,Home Decor,Madhya Pradesh,1194,2
2023-12-15,Flipkart,F4465,Home Decor,Rajasthan,980,4
2023-12-15,Flipkart,F3790,Grocery,Odisha,1130,5
2023-12-15,Flipkart,F4368,Electronics,Karnataka,809,1
2023-12-15,Flipkart,F4839,Accessories,Uttar Pradesh,1865,5
2023-12-16,Flipkart,F9823,Home Decor,Tamil Nadu,542,1
2023-12-16,Flipkart,F3491,Accessories,Odisha,2421,3
2023-12-16,Flipkart,F3027,Clothes,Chhattisgarh,2556,3
2023-12-16,Flipkart,F2387,Accessories,Chhattisgarh,1800,4
2023-12-16,Flipkart,F3954,Home Decor,Chhattisgarh,4575,5
2023-12-16,Flipkart,F2823,Accessories,Telangana,1335,3
2023-12-16,Flipkart,F4845,Clothes,Jharkhand,776,2
2023-12-16,Flipkart,F9162,Clothes,Gujarat,285,1
2023-12-16,Flipkart,F1891,Clothes,Punjab,764,2
2023-12-16,Flipkart,F3218,Home Decor,Telangana,3935,5
2023-12-16,Flipkart,F4308,Clothes,Gujarat,592,2
2023-12-16,Flipkart,F8938,Clothes,Assam,1656,2
2023-12-16,Flipkart,F9693,Grocery,Maharashtra,3868,4
2023-12-16,Flipkart,F7399,Clothes,Maharashtra,1098,3
2023-12-16,Flipkart,F7709,Electronics,Madhya Pradesh,518,1
2023-12-16,Flipkart,F8634,Home Decor,West Bengal,740,2
2023-12-16,Flipkart,F3236,Clothes,Tamil Nadu,2073,3
2023-12-16,Flipkart,F3694,Home Decor,Haryana,861,3
2023-12-16,Flipkart,F7964,Accessories,Delhi,2511,3
2023-12-16,Flipkart,F2730,Grocery,Punjab,1395,5
2023-12-16,Flipkart,F3073,Accessories,Uttar Pradesh,729,1
2023-12-16,Flipkart,F8676,Home Decor,Assam,1945,5
2023-12-16,Flipkart,F3906,Home Decor,Maharashtra,1032,3
2023-12-16,Flipkart,F8012,Clothes,Karnataka,1533,3
2023-12-16,Flipkart,F9404,Home Decor,West Bengal,2100,3
2023-12-16,Flipkart,F9753,Home Decor,Haryana,2166,3
2023-12-16,Flipkart,F7083,Home Decor,Jharkhand,3845,5
2023-12-16,Flipkart,F5780,Grocery,Odisha,3475,5
2023-12-16,Flipkart,F9125,Grocery,Chhattisgarh,1290,3
2023-12-17,Flipkart,F9429,Grocery,Madhya Pradesh,357,3
2023-12-17,Flipkart,F2629,Accessories,Uttar Pradesh,2244,3
2023-12-17,Flipkart,F3792,Accessories,Haryana,3865,5
2023-12-17,Flipkart,F7953,Electronics,Telangana,562,1
2023-12-17,Flipkart,F7688,Home Decor,Odisha,780,1
2023-12-17,Flipkart,F4636,Accessories,Punjab,3164,4
2023-12-17,Flipkart,F9291,Home Decor,Kerala,3412,4
2023-12-17,Flipkart,F7504,Clothes,Delhi,1986,3
2023-12-17,Flipkart,F3176,Accessories,Assam,1924,2
2023-12-17,Flipkart,F8483,Clothes,West Bengal,885,5
2023-12-17,Flipkart,F2533,Home Decor,Jharkhand,1692,2
2023-12-17,Flipkart,F2795,Electronics,Tamil Nadu,203,1
2023-12-17,Flipkart,F2324,Electronics,Odisha,2634,3
2023-12-17,Flipkart,F9775,Home Decor,Kerala,3455,5
2023-12-17,Flipkart,F7165,Electronics,Uttarakhand,4850,5
2023-12-17,Flipkart,F7677,Grocery,Assam,4305,5
2023-12-17,Flipkart,F1505,Grocery,Punjab,2920,5
2023-12-17,Flipkart,F7415,Home Decor,Maharashtra,3810,5
2023-12-17,Flipkart,F5025,Grocery,West Bengal,324,1
2023-12-17,Flipkart,F5541,Home Decor,Andhra Pradesh,892,1
2023-12-17,Flipkart,F4041,Electronics,Delhi,3945,5
2023-12-17,Flipkart,F5398,Home Decor,West Bengal,2295,3
2023-12-17,Flipkart,F6028,Grocery,Bihar,894,3
2023-12-18,Flipkart,F2712,Accessories,Punjab,4215,5
2023-12-18,Flipkart,F9889,Home Decor,Delhi,1576,4
2023-12-18,Flipkart,F3890,Accessories,Andhra Pradesh,1872,4
2023-12-18,Flipkart,F8149,Grocery,Gujarat,1656,4
2023-12-18,Flipkart,F7227,Grocery,Jharkhand,1156,2
2023-12-18,Flipkart,F2181,Clothes,Maharashtra,1375,5
2023-12-18,Flipkart,F9815,Clothes,Tamil Nadu,2799,3
2023-12-18,Flipkart,F2647,Accessories,Rajasthan,3735,5
2023-12-18,Flipkart,F5842,Grocery,Chhattisgarh,572,4
2023-12-18,Flipkart,F3167,Grocery,Delhi,135,1
2023-12-18,Flipkart,F8974,Accessories,Odisha,664,4
2023-12-18,Flipkart,F5087,Grocery,Andhra Pradesh,3108,4
2023-12-18,Flipkart,F5039,Clothes,Maharashtra,2120,4
2023-12-18,Flipkart,F6171,Grocery,Odisha,904,2
2023-12-18,Flipkart,F9141,Grocery,Kerala,1415,5
2023-12-18,Flipkart,F6103,Home Decor,Telangana,1512,4
2023-12-18,Flipkart,F2163,Clothes,Tamil Nadu,128,1
2023-12-18,Flipkart,F6238,Clothes,Jharkhand,656,1
2023-12-18,Flipkart,F4580,Grocery,Punjab,1742,2
2023-12-18,Flipkart,F4709,Accessories,Tamil Nadu,2072,4
2023-12-18,Flipkart,F5156,Electronics,Tamil Nadu,2988,4
2023-12-18,Flipkart,F6393,Accessories,Punjab,2975,5
2023-12-18,Flipkart,F9698,Electronics,Kerala,802,2
2023-12-18,Flipkart,F2736,Grocery,Maharashtra,992,4
2023-12-18,Flipkart,F8502,Electronics,Odisha,3152,4
2023-12-18,Flipkart,F9759,Grocery,Maharashtra,1866,2
2023-12-18,Flipkart,F2157,Electronics,Telangana,432,4
2023-12-18,Flipkart,F1231,Grocery,Punjab,868,1
2023-12-18,Flipkart,F6852,Clothes,Andhra Pradesh,366,1
2023-12-18,Flipkart,F3671,Home Decor,Gujarat,821,1
2023-12-18,Flipkart,F9847,Grocery,Rajasthan,450,2
2023-12-18,Flipkart,F9190,Accessories,Tamil Nadu,2727,3
2023-12-19,Flipkart,F8145,Electronics,Chhattisgarh,1815,3
2023-12-19,Flipkart,F2247,Accessories,Gujarat,2732,4
2023-12-19,Flipkart,F6347,Home Decor,Bihar,3155,5
2023-12-19,Flipkart,F8061,Home Decor,Haryana,762,2
2023-12-19,Flipkart,F2232,Home Decor,Bihar,1460,5
2023-12-19,Flipkart,F4688,Electronics,Tamil Nadu,3030,5
2023-12-19,Flipkart,F6761,Home Decor,Assam,1473,3
2023-12-19,Flipkart,F4242,Accessories,West Bengal,2739,3
2023-12-19,Flipkart,F2998,Accessories,Karnataka,800,5
2023-12-19,Flipkart,F3256,Accessories,Maharashtra,2391,3
2023-12-19,Flipkart,F3632,Clothes,West Bengal,1316,2
2023-12-19,Flipkart,F4787,Accessories,Jharkhand,3890,5
2023-12-19,Flipkart,F1252,Electronics,Assam,3528,4
2023-12-19,Flipkart,F3762,Electronics,Delhi,1610,5
2023-12-19,Flipkart,F2557,Home Decor,Odisha,328,2
2023-12-19,Flipkart,F7057,Clothes,Kerala,2460,3
2023-12-19,Flipkart,F3045,Clothes,Madhya Pradesh,719,1
2023-12-19,Flipkart,F3874,Electronics,Haryana,1017,3
2023-12-19,Flipkart,F9565,Grocery,Telangana,600,5
2023-12-19,Flipkart,F3863,Electronics,Kerala,2904,4
2023-12-19,Flipkart,F3678,Home Decor,Uttarakhand,636,2
2023-12-19,Flipkart,F9953,Grocery,Bihar,1084,2
2023-12-19,Flipkart,F1840,Home Decor,Bihar,333,3
2023-12-19,Flipkart,F2252,Accessories,Rajasthan,2908,4
2023-12-19,Flipkart,F8365,Clothes,Telangana,276,1
2023-12-19,Flipkart,F6865,Accessories,Karnataka,1695,5
2023-12-19,Flipkart,F5773,Electronics,Haryana,191,1
2023-12-19,Flipkart,F2795,Electronics,Jharkhand,2538,3
2023-12-19,Flipkart,F2367,Clothes,Delhi,932,2
2023-12-19,Flipkart,F1922,Clothes,Andhra Pradesh,4940,5
2023-12-19,Flipkart,F9533,Accessories,Odisha,1620,3
2023-12-19,Flipkart,F6893,Electronics,Telangana,559,1
2023-12-19,Flipkart,F9050,Home Decor,Uttar Pradesh,944,1
2023-12-19,Flipkart,F8910,Electronics,Maharashtra,699,3
2023-12-19,Flipkart,F3705,Home Decor,Karnataka,902,1
2023-12-19,Flipkart,F5757,Grocery,Jharkhand,1074,3
2023-12-19,Flipkart,F3523,Grocery,Uttarakhand,4745,5
2023-12-19,Flipkart,F9139,Home Decor,Haryana,804,2
2023-12-19,Flipkart,F8439,Clothes,Kerala,2730,5
2023-12-20,Flipkart,F9049,Electronics,Odisha,768,3
2023-12-20,Flipkart,F4476,Electronics,Odisha,1212,2
2023-12-20,Flipkart,F8931,Home Decor,Telangana,2048,4
2023-12-20,Flipkart,F2066,Home Decor,Bihar,3740,5
2023-12-20,Flipkart,F9836,Electronics,Delhi,694,2
2023-12-20,Flipkart,F5184,Accessories,Telangana,1555,5
2023-12-20,Flipkart,F6066,Electronics,West Bengal,217,1
2023-12-20,Flipkart,F3484,Home Decor,Gujarat,817,1
2023-12-20,Flipkart,F1991,Electronics,Maharashtra,462,3
2023-12-20,Flipkart,F4111,Electronics,West Bengal,771,1
2023-12-20,Flipkart,F5892,Clothes,Punjab,584,1
2023-12-20,Flipkart,F6083,Electronics,West Bengal,944,1
2023-12-20,Flipkart,F2305,Clothes,Odisha,750,1
2023-12-20,Flipkart,F7325,Grocery,Punjab,3376,4
2023-12-20,Flipkart,F4155,Accessories,Maharashtra,1186,2
2023-12-20,Flipkart,F7883,Grocery,Haryana,373,1
2023-12-20,Flipkart,F8800,Home Decor,Bihar,2956,4
2023-12-20,Flipkart,F2854,Clothes,West Bengal,1444,4
2023-12-20,Flipkart,F7868,Home Decor,Assam,4080,5
2023-12-20,Flipkart,F2337,Electronics,Rajasthan,2352,4
2023-12-20,Flipkart,F3208,Home Decor,Uttarakhand,820,5
2023-12-20,Flipkart,F3391,Grocery,Bihar,2000,5
2023-12-20,Flipkart,F9997,Clothes,Assam,926,2
2023-12-20,Flipkart,F1502,Accessories,Maharashtra,324,3
2023-12-20,Flipkart,F9762,Electronics,Jharkhand,3212,4
2023-12-20,Flipkart,F7475,Electronics,Jharkhand,1023,3
2023-12-20,Flipkart,F5537,Grocery,Odisha,2320,5
2023-12-20,Flipkart,F2256,Electronics,Uttar Pradesh,1410,5
2023-12-20,Flipkart,F7736,Clothes,Punjab,628,1
2023-12-20,Flipkart,F4358,Grocery,Delhi,1596,4
2023-12-20,Flipkart,F7654,Grocery,Uttarakhand,1146,2
2023-12-20,Flipkart,F7673,Grocery,Tamil Nadu,2592,3
2023-12-20,Flipkart,F4069,Electronics,Madhya Pradesh,905,5
2023-12-20,Flipkart,F5636,Clothes,Andhra Pradesh,454,2
2023-12-20,Flipkart,F8354,Grocery,Kerala,432,4
2023-12-21,Flipkart,F1582,Home Decor,Bihar,256,2
2023-12-21,Flipkart,F8142,Clothes,Haryana,858,1
2023-12-21,Flipkart,F2605,Clothes,Jharkhand,3345,5
2023-12-21,Flipkart,F1820,Accessories,Punjab,312,1
2023-12-21,Flipkart,F9965,Home Decor,Chhattisgarh,4400,5
2023-12-21,Flipkart,F7004,Clothes,Uttarakhand,3840,5
2023-12-21,Flipkart,F5215,Grocery,Jharkhand,406,2
2023-12-21,Flipkart,F4303,Accessories,Chhattisgarh,1604,4
2023-12-21,Flipkart,F2784,Home Decor,Karnataka,542,1
2023-12-21,Flipkart,F1564,Grocery,Delhi,1988,4
2023-12-21,Flipkart,F9598,Accessories,Haryana,1182,2
2023-12-21,Flipkart,F3284,Clothes,Delhi,1782,3
2023-12-21,Flipkart,F7563,Clothes,Kerala,1110,2
2023-12-21,Flipkart,F2207,Grocery,West Bengal,1790,5
2023-12-21,Flipkart,F8356,Clothes,West Bengal,974,1
2023-12-21,Flipkart,F6208,Electronics,Telangana,1080,2
2023-12-21,Flipkart,F9728,Home Decor,Delhi,933,1
2023-12-21,Flipkart,F8931,Grocery,Punjab,792,4
2023-12-21,Flipkart,F1927,Grocery,Punjab,1002,3
2023-12-21,Flipkart,F5853,Clothes,Uttar Pradesh,2409,3
2023-12-21,Flipkart,F9211,Clothes,Tamil Nadu,809,1
2023-12-21,Flipkart,F1540,Home Decor,Rajasthan,4700,5
2023-12-21,Flipkart,F5290,Electronics,Jharkhand,2595,3
2023-12-21,Flipkart,F3924,Clothes,Chhattisgarh,2328,4
2023-12-22,Flipkart,F7719,Grocery,Uttar Pradesh,737,1
2023-12-22,Flipkart,F6348,Grocery,Karnataka,2090,5
2023-12-22,Flipkart,F1357,Electronics,Odisha,591,3
2023-12-22,Flipkart,F5561,Grocery,Haryana,4790,5
2023-12-22,Flipkart,F7055,Home Decor,Odisha,253,1
2023-12-22,Flipkart,F5455,Grocery,Punjab,944,1
2023-12-22,Flipkart,F8342,Grocery,Odisha,1256,2
2023-12-22,Flipkart,F9351,Accessories,Rajasthan,2932,4
2023-12-22,Flipkart,F3245,Electronics,Karnataka,422,2
2023-12-22,Flipkart,F4790,Grocery,Karnataka,953,1
2023-12-22,Flipkart,F8847,Home Decor,Uttar Pradesh,963,3
2023-12-22,Flipkart,F1810,Electronics,Bihar,835,5
2023-12-22,Flipkart,F5302,Home Decor,Maharashtra,3870,5
2023-12-22,Flipkart,F3461,Accessories,Jharkhand,654,1
2023-12-22,Flipkart,F8584,Clothes,Kerala,4995,5
2023-12-22,Flipkart,F5532,Home Decor,Madhya Pradesh,1173,3
2023-12-22,Flipkart,F3237,Electronics,Telangana,1488,3
2023-12-22,Flipkart,F5537,Accessories,Tamil Nadu,282,1
2023-12-22,Flipkart,F6365,Accessories,Odisha,880,2
2023-12-22,Flipkart,F9677,Accessories,Odisha,564,4
2023-12-22,Flipkart,F8648,Grocery,Kerala,366,2
2023-12-22,Flipkart,F7824,Home Decor,Haryana,3716,4
2023-12-22,Flipkart,F8006,Grocery,Jharkhand,711,3
2023-12-22,Flipkart,F2259,Home Decor,Tamil Nadu,1347,3
2023-12-22,Flipkart,F8733,Electronics,Gujarat,2400,3
2023-12-22,Flipkart,F4018,Grocery,Andhra Pradesh,350,1
2023-12-22,Flipkart,F3980,Home Decor,Punjab,2286,3
2023-12-22,Flipkart,F9988,Clothes,Uttarakhand,440,1
2023-12-23,Flipkart,F6709,Home Decor,Haryana,3300,5
2023-12-23,Flipkart,F3985,Accessories,Gujarat,2658,3
2023-12-23,Flipkart,F8297,Clothes,West Bengal,4610,5
2023-12-23,Flipkart,F3164,Electronics,Bihar,1200,5
2023-12-23,Flipkart,F2364,Accessories,Rajasthan,1956,4
2023-12-23,Flipkart,F7848,Electronics,Andhra Pradesh,819,3
2023-12-23,Flipkart,F4939,Clothes,Jharkhand,952,2
2023-12-23,Flipkart,F1173,Grocery,Haryana,785,1
2023-12-23,Flipkart,F5889,Accessories,Delhi,970,2
2023-12-23,Flipkart,F5398,Clothes,Rajasthan,1172,4
2023-12-23,Flipkart,F4931,Home Decor,Uttar Pradesh,986,1
2023-12-23,Flipkart,F8376,Grocery,West Bengal,501,1
2023-12-23,Flipkart,F8535,Accessories,Karnataka,2192,4
2023-12-23,Flipkart,F1879,Electronics,Maharashtra,531,1
2023-12-23,Flipkart,F4475,Home Decor,Bihar,400,2
2023-12-23,Flipkart,F2363,Home Decor,Haryana,3688,4
2023-12-23,Flipkart,F9739,Home Decor,Delhi,1030,2
2023-12-23,Flipkart,F1443,Clothes,Telangana,2316,4
2023-12-23,Flipkart,F6506,Grocery,Madhya Pradesh,384,1
2023-12-23,Flipkart,F7897,Clothes,Uttar Pradesh,1551,3
2023-12-23,Flipkart,F2695,Clothes,Uttar Pradesh,2220,5
2023-12-23,Flipkart,F8737,Clothes,Tamil Nadu,250,1
2023-12-23,Flipkart,F4397,Grocery,Telangana,462,3
2023-12-23,Flipkart,F5277,Grocery,Delhi,1864,4
2023-12-23,Flipkart,F1348,Clothes,Delhi,950,1
2023-12-23,Flipkart,F2272,Accessories,Gujarat,1320,3
2023-12-23,Flipkart,F7044,Accessories,Uttar Pradesh,1676,4
2023-12-23,Flipkart,F8927,Clothes,Andhra Pradesh,4010,5
2023-12-23,Flipkart,F6375,Home Decor,Kerala,930,1
2023-12-23,Flipkart,F5548,Home Decor,Madhya Pradesh,3792,4
2023-12-23,Flipkart,F2242,Clothes,Chhattisgarh,2001,3
2023-12-23,Flipkart,F2304,Clothes,Maharashtra,1380,4
2023-12-23,Flipkart,F8059,Home Decor,Uttarakhand,3644,4
2023-12-23,Flipkart,F3254,Accessories,Kerala,1990,5
2023-12-23,Flipkart,F3740,Clothes,Haryana,1200,2
2023-12-23,Flipkart,F5849,Home Decor,Rajasthan,419,1
2023-12-23,Flipkart,F7273,Accessories,Karnataka,3010,5
2023-12-23,Flipkart,F9526,Clothes,Uttarakhand,1612,4
2023-12-24,Flipkart,F7888,Accessories,Kerala,1560,5
2023-12-24,Flipkart,F8599,Grocery,West Bengal,4695,5
2023-12-24,Flipkart,F8052,Electronics,Karnataka,2885,5
2023-12-24,Flipkart,F9430,Clothes,Madhya Pradesh,3330,5
2023-12-24,Flipkart,F7102,Home Decor,Punjab,1845,5
2023-12-24,Flipkart,F8602,Electronics,Uttarakhand,210,1
2023-12-24,Flipkart,F8986,Home Decor,Assam,327,1
2023-12-24,Flipkart,F7606,Accessories,Maharashtra,587,1
2023-12-24,Flipkart,F9296,Clothes,Kerala,758,1
2023-12-24,Flipkart,F7208,Clothes,Andhra Pradesh,1431,3
2023-12-24,Flipkart,F3211,Clothes,Odisha,1974,3
2023-12-24,Flipkart,F3205,Clothes,Telangana,924,3
2023-12-24,Flipkart,F6454,Clothes,Odisha,2442,3
2023-12-24,Flipkart,F2152,Electronics,Assam,846,1
2023-12-24,Flipkart,F2304,Accessories,Bihar,3364,4
2023-12-24,Flipkart,F7327,Grocery,Bihar,577,1
2023-12-24,Flipkart,F9318,Home Decor,Karnataka,2592,4
2023-12-24,Flipkart,F3881,Grocery,Rajasthan,2754,3
2023-12-24,Flipkart,F7465,Grocery,Maharashtra,1625,5
2023-12-24,Flipkart,F8801,Grocery,Telangana,868,4
2023-12-24,Flipkart,F6265,Accessories,Kerala,3520,4
2023-12-24,Flipkart,F8299,Clothes,Punjab,721,1
2023-12-24,Flipkart,F5660,Grocery,Assam,609,1
2023-12-24,Flipkart,F8189,Clothes,Delhi,1916,4
2023-12-24,Flipkart,F8368,Electronics,Kerala,1692,3
2023-12-24,Flipkart,F2934,Clothes,Karnataka,2991,3
2023-12-24,Flipkart,F6553,Accessories,Uttar Pradesh,1414,2
2023-12-24,Flipkart,F1651,Electronics,Haryana,2380,5
2023-12-24,Flipkart,F6195,Home Decor,Haryana,2120,4
2023-12-24,Flipkart,F2377,Accessories,Bihar,4085,5
2023-12-24,Flipkart,F3290,Clothes,Maharashtra,856,2
2023-12-24,Flipkart,F4482,Home Decor,Chhattisgarh,3645,5
2023-12-24,Flipkart,F6684,Clothes,Chhattisgarh,908,2
2023-12-24,Flipkart,F2843,Clothes,Uttar Pradesh,115,1
2023-12-24,Flipkart,F9832,Home Decor,Delhi,492,4
2023-12-24,Flipkart,F9670,Clothes,Punjab,1866,2
2023-12-24,Flipkart,F7888,Clothes,Odisha,1920,4
2023-12-24,Flipkart,F1148,Grocery,Haryana,610,1
2023-12-24,Flipkart,F5711,Home Decor,Delhi,2004,4
2023-12-25,Flipkart,F8050,Grocery,Odisha,222,2
2023-12-25,Flipkart,F8158,Grocery,Delhi,4085,5
2023-12-25,Flipkart,F6073,Electronics,Gujarat,286,2
2023-12-25,Flipkart,F4543,Home Decor,Delhi,2463,3
2023-12-25,Flipkart,F4989,Electronics,Telangana,2248,4
2023-12-25,Flipkart,F8291,Grocery,Maharashtra,1525,5
2023-12-25,Flipkart,F7999,Accessories,Andhra Pradesh,1500,5
2023-12-25,Flipkart,F1738,Grocery,Gujarat,1080,2
2023-12-25,Flipkart,F9165,Electronics,Rajasthan,1506,2
2023-12-25,Flipkart,F1731,Grocery,Jharkhand,3965,5
2023-12-25,Flipkart,F3581,Home Decor,Jharkhand,2590,5
2023-12-25,Flipkart,F9928,Electronics,Rajasthan,1690,2
2023-12-25,Flipkart,F8992,Electronics,Delhi,3500,4
2023-12-25,Flipkart,F5162,Accessories,Uttar Pradesh,684,4
2023-12-25,Flipkart,F4539,Grocery,Rajasthan,3776,4
2023-12-25,Flipkart,F8896,Accessories,Andhra Pradesh,3392,4
2023-12-25,Flipkart,F9423,Home Decor,Gujarat,645,5
2023-12-25,Flipkart,F1591,Accessories,Odisha,650,5
2023-12-25,Flipkart,F6547,Electronics,Uttarakhand,3195,5
2023-12-25,Flipkart,F4820,Accessories,Chhattisgarh,1245,3
2023-12-25,Flipkart,F5991,Electronics,Andhra Pradesh,2020,4
2023-12-25,Flipkart,F3647,Grocery,Odisha,330,1
2023-12-25,Flipkart,F5263,Clothes,Assam,1689,3
2023-12-25,Flipkart,F4913,Grocery,Kerala,3324,4
2023-12-25,Flipkart,F7798,Accessories,Odisha,3345,5
2023-12-25,Flipkart,F8028,Home Decor,Tamil Nadu,166,1
2023-12-25,Flipkart,F1497,Clothes,Andhra Pradesh,519,1
2023-12-25,Flipkart,F4646,Accessories,Rajasthan,1698,2
2023-12-25,Flipkart,F2645,Grocery,Rajasthan,1494,3
2023-12-25,Flipkart,F8656,Home Decor,Chhattisgarh,1428,2
2023-12-26,Flipkart,F3431,Grocery,Bihar,1506,2
2023-12-26,Flipkart,F4576,Home Decor,Telangana,208,1
2023-12-26,Flipkart,F6157,Clothes,Odisha,357,1
2023-12-26,Flipkart,F7746,Home Decor,Karnataka,1052,4
2023-12-26,Flipkart,F7552,Accessories,Tamil Nadu,262,2
2023-12-26,Flipkart,F1136,Clothes,Delhi,1436,2
2023-12-26,Flipkart,F4323,Grocery,Odisha,485,1
2023-12-26,Flipkart,F3880,Clothes,Andhra Pradesh,3156,4
2023-12-26,Flipkart,F4389,Clothes,Kerala,3556,4
2023-12-26,Flipkart,F6024,Accessories,Punjab,1920,2
2023-12-26,Flipkart,F6663,Electronics,West Bengal,852,3
2023-12-26,Flipkart,F4657,Clothes,Tamil Nadu,1334,2
2023-12-26,Flipkart,F8504,Accessories,Delhi,242,2
2023-12-26,Flipkart,F1675,Accessories,Telangana,368,2
2023-12-26,Flipkart,F7857,Clothes,Delhi,1516,4
2023-12-26,Flipkart,F6409,Electronics,Delhi,1332,3
2023-12-26,Flipkart,F1737,Home Decor,Rajasthan,3024,4
2023-12-26,Flipkart,F6042,Home Decor,Odisha,2358,3
2023-12-26,Flipkart,F7842,Accessories,Kerala,1110,3
2023-12-26,Flipkart,F6530,Accessories,Jharkhand,544,2
2023-12-26,Flipkart,F1951,Grocery,Madhya Pradesh,1784,2
2023-12-26,Flipkart,F7732,Home Decor,Odisha,2464,4
2023-12-26,Flipkart,F6103,Clothes,Bihar,589,1
2023-12-26,Flipkart,F6508,Electronics,Telangana,3770,5
2023-12-26,Flipkart,F7256,Electronics,Karnataka,1540,5
2023-12-26,Flipkart,F2334,Clothes,Punjab,680,4
2023-12-26,Flipkart,F6047,Home Decor,Odisha,3352,4
2023-12-26,Flipkart,F4872,Electronics,Chhattisgarh,3612,4
2023-12-26,Flipkart,F2321,Home Decor,Rajasthan,1462,2
2023-12-26,Flipkart,F1508,Home Decor,Uttarakhand,366,2
2023-12-26,Flipkart,F8144,Home Decor,Karnataka,1815,5
2023-12-26,Flipkart,F3396,Home Decor,Jharkhand,1845,3
2023-12-26,Flipkart,F9786,Electronics,Bihar,3856,4
2023-12-26,Flipkart,F1919,Clothes,Karnataka,630,3
2023-12-26,Flipkart,F6221,Electronics,Uttarakhand,923,1
2023-12-26,Flipkart,F4883,Accessories,Bihar,2956,4
2023-12-26,Flipkart,F2971,Accessories,Jharkhand,3020,5
2023-12-26,Flipkart,F7801,Electronics,Delhi,3840,5
2023-12-26,Flipkart,F9020,Home Decor,Uttarakhand,3544,4
2023-12-27,Flipkart,F2877,Accessories,West Bengal,3585,5
2023-12-27,Flipkart,F7839,Home Decor,Tamil Nadu,4550,5
2023-12-27,Flipkart,F5294,Accessories,Punjab,246,1
2023-12-27,Flipkart,F6109,Electronics,Tamil Nadu,384,1
2023-12-27,Flipkart,F4971,Electronics,Bihar,4095,5
2023-12-27,Flipkart,F6789,Clothes,Haryana,1203,3
2023-12-27,Flipkart,F4487,Grocery,Jharkhand,1221,3
2023-12-27,Flipkart,F3024,Grocery,Delhi,4030,5
2023-12-27,Flipkart,F1149,Clothes,Chhattisgarh,2730,5
2023-12-27,Flipkart,F6279,Clothes,Odisha,2868,3
2023-12-27,Flipkart,F7377,Grocery,Odisha,498,2
2023-12-27,Flipkart,F2604,Accessories,Andhra Pradesh,4190,5
2023-12-27,Flipkart,F7980,Home Decor,Karnataka,3412,4
2023-12-27,Flipkart,F5478,Accessories,Gujarat,1332,3
2023-12-27,Flipkart,F3487,Grocery,Chhattisgarh,2217,3
2023-12-27,Flipkart,F7400,Clothes,Tamil Nadu,4705,5
2023-12-27,Flipkart,F7548,Electronics,Andhra Pradesh,3784,4
2023-12-27,Flipkart,F2346,Home Decor,Odisha,776,4
2023-12-27,Flipkart,F2702,Electronics,Bihar,4455,5
2023-12-27,Flipkart,F7296,Accessories,Odisha,1404,3
2023-12-27,Flipkart,F6935,Electronics,Rajasthan,2367,3
2023-12-27,Flipkart,F4948,Clothes,Kerala,466,1
2023-12-27,Flipkart,F7391,Electronics,Maharashtra,2871,3
2023-12-27,Flipkart,F4016,Accessories,Bihar,228,2
2023-12-27,Flipkart,F8490,Clothes,Uttar Pradesh,2502,3
2023-12-27,Flipkart,F2537,Grocery,Punjab,1640,5
2023-12-27,Flipkart,F7969,Electronics,Chhattisgarh,3340,4
2023-12-27,Flipkart,F3912,Accessories,West Bengal,1782,2
2023-12-27,Flipkart,F6080,Clothes,Odisha,155,1
2023-12-27,Flipkart,F1064,Clothes,Haryana,320,1
2023-12-27,Flipkart,F7195,Home Decor,Uttarakhand,2409,3
2023-12-27,Flipkart,F6231,Accessories,Delhi,261,1
2023-12-28,Flipkart,F5037,Grocery,Punjab,314,2
2023-12-28,Flipkart,F9700,Home Decor,Uttar Pradesh,1164,2
2023-12-28,Flipkart,F5085,Electronics,Assam,2571,3
2023-12-28,Flipkart,F9220,Grocery,Gujarat,985,5
2023-12-28,Flipkart,F1593,Electronics,Tamil Nadu,3860,5
2023-12-28,Flipkart,F9600,Grocery,Andhra Pradesh,4195,5
2023-12-28,Flipkart,F8563,Home Decor,Telangana,4395,5
2023-12-28,Flipkart,F6286,Clothes,Bihar,1808,2
2023-12-28,Flipkart,F4037,Clothes,Assam,4715,5
2023-12-28,Flipkart,F7514,Clothes,Uttar Pradesh,2896,4
2023-12-28,Flipkart,F1157,Grocery,Delhi,926,1
2023-12-28,Flipkart,F6640,Clothes,Rajasthan,3240,5
2023-12-28,Flipkart,F2977,Electronics,Bihar,650,1
2023-12-28,Flipkart,F5369,Accessories,Gujarat,2076,4
2023-12-28,Flipkart,F4041,Home Decor,Bihar,1474,2
2023-12-28,Flipkart,F1867,Clothes,Karnataka,1719,3
2023-12-28,Flipkart,F5730,Accessories,Kerala,1044,4
2023-12-28,Flipkart,F6818,Clothes,Chhattisgarh,1936,4
2023-12-28,Flipkart,F4269,Electronics,West Bengal,1410,3
2023-12-28,Flipkart,F1034,Home Decor,Jharkhand,1917,3
2023-12-28,Flipkart,F6694,Accessories,Gujarat,1892,4
2023-12-29,Flipkart,F6741,Home Decor,Karnataka,3844,4
2023-12-29,Flipkart,F3210,Home Decor,Uttarakhand,4795,5
2023-12-29,Flipkart,F4181,Grocery,Uttarakhand,1096,4
2023-12-29,Flipkart,F7943,Accessories,Kerala,477,1
2023-12-29,Flipkart,F1301,Accessories,Tamil Nadu,4870,5
2023-12-29,Flipkart,F3355,Electronics,Assam,902,2
2023-12-29,Flipkart,F4305,Accessories,Chhattisgarh,790,5
2023-12-29,Flipkart,F1731,Clothes,Bihar,2270,5
2023-12-29,Flipkart,F5888,Grocery,West Bengal,686,2
2023-12-29,Flipkart,F6883,Home Decor,Bihar,1730,5
2023-12-29,Flipkart,F6504,Accessories,Andhra Pradesh,655,1
2023-12-29,Flipkart,F5025,Home Decor,Delhi,501,1
2023-12-29,Flipkart,F8822,Accessories,Jharkhand,808,4
2023-12-29,Flipkart,F1265,Grocery,Bihar,212,2
2023-12-29,Flipkart,F7671,Home Decor,Madhya Pradesh,251,1
2023-12-29,Flipkart,F9462,Clothes,Karnataka,1730,5
2023-12-29,Flipkart,F2687,Clothes,Haryana,3152,4
2023-12-29,Flipkart,F2507,Electronics,Rajasthan,1148,2
2023-12-29,Flipkart,F1035,Electronics,Uttarakhand,386,2
2023-12-29,Flipkart,F8259,Grocery,Delhi,855,5
2023-12-29,Flipkart,F4004,Accessories,Gujarat,724,4
2023-12-29,Flipkart,F4814,Clothes,Karnataka,260,1
2023-12-29,Flipkart,F8978,Clothes,Kerala,2800,5
2023-12-29,Flipkart,F2186,Accessories,Kerala,604,4
2023-12-29,Flipkart,F5143,Clothes,Maharashtra,1706,2
2023-12-29,Flipkart,F5609,Home Decor,Punjab,2076,4
2023-12-29,Flipkart,F6470,Grocery,Andhra Pradesh,598,1
2023-12-29,Flipkart,F9641,Accessories,West Bengal,747,3
2023-12-29,Flipkart,F8980,Home Decor,Tamil Nadu,3652,4
2023-12-29,Flipkart,F1142,Grocery,Karnataka,3100,4
2023-12-29,Flipkart,F4808,Grocery,Karnataka,178,1
2023-12-29,Flipkart,F4047,Grocery,Madhya Pradesh,4725,5
2023-12-29,Flipkart,F7523,Clothes,Punjab,833,1
2023-12-29,Flipkart,F3668,Grocery,Jharkhand,462,1
2023-12-30,Flipkart,F7168,Clothes,Karnataka,585,1
2023-12-30,Flipkart,F7809,Electronics,Punjab,972,2
2023-12-30,Flipkart,F5350,Grocery,Uttarakhand,1600,4
2023-12-30,Flipkart,F2701,Clothes,Assam,1492,2
2023-12-30,Flipkart,F5009,Home Decor,Uttarakhand,1010,5
2023-12-30,Flipkart,F1318,Home Decor,Chhattisgarh,1032,4
2023-12-30,Flipkart,F7932,Clothes,Punjab,1268,4
2023-12-30,Flipkart,F4696,Accessories,Tamil Nadu,4640,5
2023-12-30,Flipkart,F9253,Home Decor,Chhattisgarh,480,3
2023-12-30,Flipkart,F6655,Electronics,Maharashtra,572,1
2023-12-30,Flipkart,F9615,Grocery,Telangana,3840,4
2023-12-30,Flipkart,F8091,Clothes,Andhra Pradesh,4710,5
2023-12-30,Flipkart,F5137,Clothes,Maharashtra,1682,2
2023-12-30,Flipkart,F7397,Home Decor,West Bengal,800,1
2023-12-30,Flipkart,F2754,Grocery,Rajasthan,1715,5
2023-12-30,Flipkart,F8102,Clothes,Andhra Pradesh,1885,5
2023-12-30,Flipkart,F4976,Accessories,Odisha,786,1
2023-12-30,Flipkart,F9149,Accessories,Telangana,1164,4
2023-12-30,Flipkart,F3833,Home Decor,Karnataka,656,1
2023-12-30,Flipkart,F7476,Clothes,Bihar,2889,3
2023-12-30,Flipkart,F7245,Accessories,Uttarakhand,999,1
2023-12-30,Flipkart,F5468,Clothes,Bihar,1580,4
2023-12-31,Flipkart,F4243,Electronics,Haryana,2815,5
2023-12-31,Flipkart,F6964,Accessories,Rajasthan,2799,3
2023-12-31,Flipkart,F6081,Grocery,Odisha,4385,5
2023-12-31,Flipkart,F2573,Electronics,Uttarakhand,2925,5
2023-12-31,Flipkart,F8664,Home Decor,Maharashtra,906,3
2023-12-31,Flipkart,F3610,Grocery,Madhya Pradesh,612,2
2023-12-31,Flipkart,F6208,Electronics,Kerala,576,2
2023-12-31,Flipkart,F1243,Clothes,Madhya Pradesh,1146,2
2023-12-31,Flipkart,F4294,Electronics,Telangana,4090,5
2023-12-31,Flipkart,F8230,Clothes,Uttar Pradesh,1662,3
2023-12-31,Flipkart,F9451,Accessories,Delhi,390,1
2023-12-31,Flipkart,F3373,Home Decor,Uttar Pradesh,4700,5
2023-12-31,Flipkart,F8154,Grocery,Gujarat,565,1
2023-12-31,Flipkart,F2872,Electronics,Maharashtra,1262,2
2023-12-31,Flipkart,F4656,Electronics,Andhra Pradesh,2604,3
2023-12-31,Flipkart,F9083,Electronics,Madhya Pradesh,1088,2
2023-12-31,Flipkart,F5841,Clothes,Karnataka,3580,4
2023-12-31,Flipkart,F7676,Electronics,Haryana,2128,4
2023-12-31,Flipkart,F1501,Accessories,Haryana,2481,3
2023-12-31,Flipkart,F8955,Clothes,Odisha,667,1
2023-12-31,Flipkart,F2253,Grocery,Assam,1359,3
2023-12-31,Flipkart,F3926,Accessories,Rajasthan,2295,5
2023-12-31,Flipkart,F8099,Clothes,Andhra Pradesh,1180,5
2023-12-31,Flipkart,F6104,Home Decor,Jharkhand,1336,2
2024-01-01,Flipkart,F7869,Grocery,Uttarakhand,703,1
2024-01-01,Flipkart,F6257,Accessories,Bihar,1392,2
2024-01-01,Flipkart,F3402,Electronics,Tamil Nadu,975,3
2024-01-01,Flipkart,F8379,Electronics,Karnataka,397,1
2024-01-01,Flipkart,F7927,Electronics,Assam,2830,5
2024-01-01,Flipkart,F9612,Home Decor,Kerala,987,1
2024-01-01,Flipkart,F2683,Grocery,Uttar Pradesh,3908,4
2024-01-01,Flipkart,F8751,Home Decor,Delhi,3212,4
2024-01-01,Flipkart,F3305,Accessories,Haryana,2316,3
2024-01-01,Flipkart,F2934,Grocery,Telangana,666,3
2024-01-01,Flipkart,F6697,Home Decor,Uttarakhand,683,1
2024-01-01,Flipkart,F5501,Electronics,Madhya Pradesh,1572,4
2024-01-01,Flipkart,F4512,Electronics,Chhattisgarh,4255,5
2024-01-01,Flipkart,F7361,Electronics,Chhattisgarh,754,2
2024-01-01,Flipkart,F7799,Home Decor,Rajasthan,822,2
2024-01-01,Flipkart,F7586,Home Decor,Jharkhand,2622,3
2024-01-01,Flipkart,F8446,Home Decor,Uttarakhand,2052,4
2024-01-01,Flipkart,F6197,Grocery,Gujarat,263,1
2024-01-01,Flipkart,F5469,Accessories,Bihar,2862,3
2024-01-01,Flipkart,F3705,Clothes,Haryana,700,4
2024-01-01,Flipkart,F5019,Accessories,Kerala,923,1
2024-01-01,Flipkart,F9379,Clothes,Odisha,1122,3
2024-01-01,Flipkart,F6526,Accessories,Uttarakhand,972,3
2024-01-01,Flipkart,F3251,Grocery,Assam,1235,5
2024-01-01,Flipkart,F1444,Accessories,Kerala,2368,4
2024-01-01,Flipkart,F4765,Accessories,Jharkhand,194,1
2024-01-01,Flipkart,F4355,Accessories,Maharashtra,328,2
2024-01-01,Flipkart,F4728,Grocery,Kerala,957,1
2024-01-02,Flipkart,F6627,Accessories,Bihar,416,1
2024-01-02,Flipkart,F9461,Accessories,Madhya Pradesh,118,1
2024-01-02,Flipkart,F8584,Home Decor,Gujarat,844,1
2024-01-02,Flipkart,F3968,Home Decor,Kerala,3968,4
2024-01-02,Flipkart,F2028,Accessories,Telangana,2180,5
2024-01-02,Flipkart,F2257,Clothes,West Bengal,2400,4
2024-01-02,Flipkart,F8001,Accessories,Karnataka,975,3
2024-01-02,Flipkart,F2500,Clothes,Delhi,1150,2
2024-01-02,Flipkart,F4154,Clothes,Haryana,1362,2
2024-01-02,Flipkart,F7846,Clothes,Bihar,1365,3
2024-01-02,Flipkart,F9260,Grocery,Jharkhand,1895,5
2024-01-02,Flipkart,F3855,Grocery,Delhi,3285,5
2024-01-02,Flipkart,F2476,Grocery,Uttar Pradesh,985,5
2024-01-02,Flipkart,F3386,Clothes,Andhra Pradesh,586,1
2024-01-02,Flipkart,F1566,Home Decor,Telangana,2104,4
2024-01-02,Flipkart,F1618,Home Decor,Odisha,3064,4
2024-01-02,Flipkart,F8793,Electronics,Tamil Nadu,1888,2
2024-01-02,Flipkart,F6534,Grocery,Kerala,548,1
2024-01-02,Flipkart,F8998,Clothes,Madhya Pradesh,182,1
2024-01-02,Flipkart,F1195,Electronics,Assam,4765,5
2024-01-02,Flipkart,F4055,Clothes,Gujarat,3175,5
2024-01-02,Flipkart,F9259,Grocery,Rajasthan,2049,3
2024-01-02,Flipkart,F7758,Home Decor,Assam,4135,5
2024-01-02,Flipkart,F3741,Clothes,Delhi,2156,4
2024-01-02,Flipkart,F7652,Electronics,Tamil Nadu,2736,3
2024-01-02,Flipkart,F6203,Home Decor,Karnataka,1198,2
2024-01-02,Flipkart,F8696,Grocery,Haryana,4830,5
2024-01-02,Flipkart,F3287,Clothes,Bihar,1344,4
2024-01-02,Flipkart,F6367,Grocery,Uttar Pradesh,2115,5
2024-01-02,Flipkart,F7781,Clothes,Uttarakhand,1506,2
2024-01-02,Flipkart,F5810,Clothes,Bihar,2785,5
2024-01-02,Flipkart,F9974,Clothes,Uttar Pradesh,803,1
2024-01-02,Flipkart,F4168,Grocery,Madhya Pradesh,1520,2
2024-01-02,Flipkart,F3577,Electronics,Delhi,1482,2
2024-01-02,Flipkart,F5152,Clothes,Maharashtra,1206,2
2024-01-02,Flipkart,F3884,Electronics,West Bengal,2277,3
2024-01-02,Flipkart,F4830,Grocery,Assam,2795,5
2024-01-02,Flipkart,F1255,Grocery,Jharkhand,836,4
2024-01-02,Flipkart,F8769,Home Decor,Madhya Pradesh,987,1
2024-01-02,Flipkart,F1530,Clothes,Maharashtra,839,1
2024-01-03,Flipkart,F7032,Home Decor,Punjab,2487,3
2024-01-03,Flipkart,F1981,Grocery,Punjab,1856,2
2024-01-03,Flipkart,F8478,Electronics,Jharkhand,1866,2
2024-01-03,Flipkart,F2351,Grocery,Bihar,1430,5
2024-01-03,Flipkart,F6118,Clothes,Kerala,919,1
2024-01-03,Flipkart,F2529,Accessories,Delhi,663,1
2024-01-03,Flipkart,F2999,Clothes,Telangana,1960,2
2024-01-03,Flipkart,F2877,Home Decor,Assam,415,1
2024-01-03,Flipkart,F3787,Home Decor,Odisha,939,1
2024-01-03,Flipkart,F3136,Clothes,Uttarakhand,120,1
2024-01-03,Flipkart,F9587,Home Decor,Jharkhand,2420,5
2024-01-03,Flipkart,F5811,Clothes,Rajasthan,2425,5
2024-01-03,Flipkart,F1936,Home Decor,Haryana,660,4
2024-01-03,Flipkart,F6518,Home Decor,Odisha,2154,3
2024-01-03,Flipkart,F4525,Clothes,Rajasthan,770,1
2024-01-03,Flipkart,F5944,Accessories,Karnataka,1629,3
2024-01-03,Flipkart,F8445,Electronics,Haryana,496,1
2024-01-03,Flipkart,F2179,Accessories,Delhi,3100,4
2024-01-03,Flipkart,F5670,Home Decor,Jharkhand,2706,3
2024-01-03,Flipkart,F7132,Home Decor,Madhya Pradesh,1608,3
2024-01-03,Flipkart,F2815,Clothes,Odisha,640,2
2024-01-03,Flipkart,F7041,Grocery,Maharashtra,797,1
2024-01-03,Flipkart,F3667,Grocery,West Bengal,1446,3
2024-01-04,Flipkart,F4226,Electronics,Uttarakhand,2397,3
2024-01-04,Flipkart,F5449,Electronics,Maharashtra,2322,3
2024-01-04,Flipkart,F6650,Grocery,Maharashtra,440,4
2024-01-04,Flipkart,F3764,Accessories,Gujarat,1624,4
2024-01-04,Flipkart,F9445,Electronics,Uttarakhand,260,1
2024-01-04,Flipkart,F1846,Accessories,Telangana,4585,5
2024-01-04,Flipkart,F9847,Electronics,Telangana,2732,4
2024-01-04,Flipkart,F2307,Grocery,Maharashtra,2292,4
2024-01-04,Flipkart,F7996,Grocery,Maharashtra,1851,3
2024-01-04,Flipkart,F9683,Grocery,Maharashtra,604,4
2024-01-04,Flipkart,F4236,Home Decor,Odisha,1756,2
2024-01-04,Flipkart,F2976,Grocery,Haryana,3760,5
2024-01-04,Flipkart,F4641,Home Decor,Andhra Pradesh,2924,4
2024-01-04,Flipkart,F1889,Clothes,Bihar,1756,4
2024-01-04,Flipkart,F7255,Home Decor,West Bengal,1212,4
2024-01-04,Flipkart,F3773,Electronics,Bihar,1233,3
2024-01-04,Flipkart,F5407,Accessories,Haryana,248,2
2024-01-04,Flipkart,F2209,Accessories,Assam,1988,2
2024-01-04,Flipkart,F1582,Clothes,Kerala,2898,3
2024-01-04,Flipkart,F7966,Grocery,Punjab,2296,4
2024-01-04,Flipkart,F1108,Electronics,Uttarakhand,202,2
2024-01-04,Flipkart,F7749,Home Decor,Chhattisgarh,1056,4
2024-01-04,Flipkart,F1515,Grocery,Delhi,1460,2
2024-01-04,Flipkart,F3683,Accessories,Gujarat,344,2
2024-01-04,Flipkart,F3567,Home Decor,Gujarat,762,1
2024-01-04,Flipkart,F2082,Accessories,Jharkhand,4605,5
2024-01-04,Flipkart,F6029,Electronics,Bihar,501,1
2024-01-04,Flipkart,F3848,Home Decor,Madhya Pradesh,1264,4
2024-01-04,Flipkart,F7455,Grocery,Andhra Pradesh,584,2
2024-01-04,Flipkart,F2296,Home Decor,Rajasthan,383,1
2024-01-04,Flipkart,F5434,Accessories,Karnataka,1710,3
2024-01-04,Flipkart,F4832,Clothes,Tamil Nadu,1704,3
2024-01-04,Flipkart,F1918,Accessories,Punjab,560,1
2024-01-04,Flipkart,F6872,Clothes,Bihar,710,2
2024-01-04,Flipkart,F4253,Electronics,Bihar,445,1
2024-01-05,Flipkart,F9558,Home Decor,Rajasthan,1545,5
2024-01-05,Flipkart,F6972,Grocery,Tamil Nadu,962,2
2024-01-05,Flipkart,F7524,Grocery,Bihar,972,3
2024-01-05,Flipkart,F3992,Clothes,Punjab,420,4
2024-01-05,Flipkart,F9046,Accessories,Punjab,1690,5
2024-01-05,Flipkart,F2879,Accessories,Rajasthan,4440,5
2024-01-05,Flipkart,F5123,Accessories,Uttar Pradesh,1662,3
2024-01-05,Flipkart,F4150,Electronics,Tamil Nadu,2577,3
2024-01-05,Flipkart,F7365,Grocery,Chhattisgarh,1248,4
2024-01-05,Flipkart,F7997,Accessories,Andhra Pradesh,1926,3
2024-01-05,Flipkart,F3181,Accessories,Odisha,560,5
2024-01-05,Flipkart,F8230,Clothes,Andhra Pradesh,1264,4
2024-01-05,Flipkart,F8862,Electronics,Haryana,1940,2
2024-01-05,Flipkart,F2809,Accessories,Tamil Nadu,896,1
2024-01-05,Flipkart,F7673,Home Decor,Karnataka,1440,5
2024-01-05,Flipkart,F8287,Grocery,Haryana,1554,3
2024-01-05,Flipkart,F1048,Electronics,Telangana,2696,4
2024-01-05,Flipkart,F4683,Grocery,Rajasthan,2430,5
2024-01-05,Flipkart,F6023,Home Decor,Odisha,925,5
2024-01-05,Flipkart,F1397,Home Decor,Uttarakhand,870,3
2024-01-05,Flipkart,F7943,Home Decor,Tamil Nadu,1094,2
2024-01-05,Flipkart,F7458,Electronics,Punjab,3136,4
2024-01-05,Flipkart,F6108,Electronics,Jharkhand,241,1
2024-01-05,Flipkart,F6555,Electronics,West Bengal,285,1
2024-01-05,Flipkart,F4888,Accessories,Rajasthan,1532,4
2024-01-05,Flipkart,F6426,Grocery,Gujarat,1053,3
2024-01-05,Flipkart,F9112,Clothes,Haryana,2712,3
2024-01-05,Flipkart,F5622,Home Decor,Tamil Nadu,1095,3
2024-01-05,Flipkart,F7312,Accessories,Delhi,830,2
2024-01-05,Flipkart,F8565,Grocery,Haryana,1260,4
2024-01-06,Flipkart,F6255,Grocery,Maharashtra,1368,4
2024-01-06,Flipkart,F1757,Clothes,Telangana,3384,4
2024-01-06,Flipkart,F9112,Accessories,Bihar,142,1
2024-01-06,Flipkart,F1736,Home Decor,Karnataka,210,2
2024-01-06,Flipkart,F2137,Home Decor,West Bengal,781,1
2024-01-06,Flipkart,F3414,Home Decor,Rajasthan,3220,5
2024-01-06,Flipkart,F9659,Home Decor,Karnataka,2968,4
2024-01-06,Flipkart,F9975,Accessories,Kerala,153,1
2024-01-06,Flipkart,F2013,Electronics,Gujarat,4080,5
2024-01-06,Flipkart,F4077,Clothes,Assam,1648,4
2024-01-06,Flipkart,F8220,Clothes,Delhi,1602,2
2024-01-06,Flipkart,F7720,Clothes,Kerala,2555,5
2024-01-06,Flipkart,F3502,Clothes,Odisha,804,3
2024-01-06,Flipkart,F7237,Electronics,Haryana,2410,5
2024-01-06,Flipkart,F2169,Accessories,Telangana,1548,3
2024-01-06,Flipkart,F5378,Grocery,Rajasthan,1450,5
2024-01-06,Flipkart,F2975,Grocery,Andhra Pradesh,953,1
2024-01-06,Flipkart,F5544,Clothes,Maharashtra,3425,5
2024-01-06,Flipkart,F6879,Home Decor,Chhattisgarh,318,1
2024-01-06,Flipkart,F8568,Accessories,Uttar Pradesh,460,4
2024-01-06,Flipkart,F9904,Electronics,Haryana,1108,2
2024-01-06,Flipkart,F7380,Clothes,Chhattisgarh,4900,5
2024-01-06,Flipkart,F9217,Electronics,Telangana,1555,5
2024-01-06,Flipkart,F3243,Grocery,Andhra Pradesh,698,1
2024-01-06,Flipkart,F3110,Home Decor,Kerala,1732,2
2024-01-06,Flipkart,F5676,Accessories,Madhya Pradesh,1048,4
2024-01-06,Flipkart,F8500,Accessories,Karnataka,478,1
2024-01-06,Flipkart,F7972,Clothes,Haryana,839,1
2024-01-06,Flipkart,F9229,Electronics,Kerala,3475,5
2024-01-06,Flipkart,F6015,Clothes,West Bengal,939,1
2024-01-06,Flipkart,F4756,Electronics,Gujarat,3180,4
2024-01-06,Flipkart,F1797,Home Decor,Karnataka,3235,5
2024-01-06,Flipkart,F7549,Electronics,Rajasthan,210,1
2024-01-06,Flipkart,F1413,Accessories,Uttar Pradesh,3160,5
2024-01-06,Flipkart,F9035,Accessories,Karnataka,3728,4
2024-01-06,Flipkart,F7651,Home Decor,Haryana,914,2
2024-01-07,Flipkart,F2973,Accessories,West Bengal,2805,5
2024-01-07,Flipkart,F1086,Clothes,Assam,221,1
2024-01-07,Flipkart,F9721,Electronics,Andhra Pradesh,2127,3
2024-01-07,Flipkart,F3404,Clothes,Kerala,387,3
2024-01-07,Flipkart,F9566,Grocery,Maharashtra,591,3
2024-01-07,Flipkart,F3833,Electronics,Telangana,2499,3
2024-01-07,Flipkart,F7108,Accessories,Telangana,1326,3
2024-01-07,Flipkart,F3019,Grocery,Bihar,1822,2
2024-01-07,Flipkart,F2368,Clothes,Chhattisgarh,914,2
2024-01-07,Flipkart,F5723,Clothes,West Bengal,620,1
2024-01-07,Flipkart,F6810,Grocery,Telangana,347,1
2024-01-07,Flipkart,F3994,Home Decor,Andhra Pradesh,378,2
2024-01-07,Flipkart,F5719,Electronics,Jharkhand,4840,5
2024-01-07,Flipkart,F6580,Clothes,Madhya Pradesh,2420,4
2024-01-07,Flipkart,F5018,Accessories,Maharashtra,2612,4
2024-01-07,Flipkart,F1189,Accessories,West Bengal,3812,4
2024-01-07,Flipkart,F3850,Accessories,Haryana,796,1
2024-01-07,Flipkart,F1017,Accessories,Jharkhand,882,3
2024-01-07,Flipkart,F8851,Home Decor,Uttarakhand,1904,2
2024-01-07,Flipkart,F9533,Accessories,Tamil Nadu,2268,3
2024-01-07,Flipkart,F3900,Electronics,Uttar Pradesh,2580,3
2024-01-07,Flipkart,F8218,Accessories,Karnataka,2349,3
2024-01-07,Flipkart,F8480,Grocery,Assam,2395,5
2024-01-07,Flipkart,F1525,Accessories,Rajasthan,2760,5
2024-01-07,Flipkart,F9681,Accessories,Assam,3412,4
2024-01-07,Flipkart,F6943,Clothes,Jharkhand,1288,4
2024-01-07,Flipkart,F9704,Home Decor,Delhi,3335,5
2024-01-07,Flipkart,F4907,Clothes,Kerala,3412,4
2024-01-07,Flipkart,F1772,Electronics,Telangana,568,1
2024-01-07,Flipkart,F2954,Accessories,Andhra Pradesh,168,1
2024-01-07,Flipkart,F4258,Grocery,West Bengal,3925,5
2024-01-07,Flipkart,F7668,Home Decor,Jharkhand,3530,5
2024-01-07,Flipkart,F2620,Electronics,West Bengal,348,3
2024-01-07,Flipkart,F9423,Home Decor,Delhi,4650,5
2024-01-07,Flipkart,F3676,Grocery,Kerala,1255,5
2024-01-07,Flipkart,F6792,Clothes,Uttar Pradesh,1232,4
2024-01-08,Flipkart,F5450,Clothes,Andhra Pradesh,512,2
2024-01-08,Flipkart,F2495,Clothes,Assam,1206,3
2024-01-08,Flipkart,F2110,Grocery,Maharashtra,333,1
2024-01-08,Flipkart,F6203,Grocery,Rajasthan,1797,3
2024-01-08,Flipkart,F4242,Accessories,Kerala,1312,2
2024-01-08,Flipkart,F8069,Electronics,Madhya Pradesh,502,1
2024-01-08,Flipkart,F5038,Grocery,Jharkhand,3225,5
2024-01-08,Flipkart,F4371,Home Decor,Odisha,1720,5
2024-01-08,Flipkart,F7915,Home Decor,Rajasthan,423,1
2024-01-08,Flipkart,F4468,Clothes,Rajasthan,719,1
2024-01-08,Flipkart,F4868,Grocery,Karnataka,1756,2
2024-01-08,Flipkart,F5872,Accessories,Bihar,567,1
2024-01-08,Flipkart,F6665,Grocery,Maharashtra,1392,4
2024-01-08,Flipkart,F8716,Electronics,Bihar,4555,5
2024-01-08,Flipkart,F5044,Home Decor,Karnataka,2636,4
2024-01-08,Flipkart,F2815,Home Decor,Telangana,1100,4
2024-01-08,Flipkart,F7908,Grocery,Telangana,1645,5
2024-01-08,Flipkart,F3740,Accessories,Kerala,1578,3
2024-01-08,Flipkart,F8980,Grocery,Delhi,1803,3
2024-01-08,Flipkart,F5765,Clothes,Karnataka,520,4
2024-01-08,Flipkart,F5525,Grocery,Punjab,1208,2
2024-01-08,Flipkart,F8382,Home Decor,Rajasthan,1320,4
2024-01-08,Flipkart,F5099,Clothes,Assam,1162,2
2024-01-08,Flipkart,F2016,Grocery,Andhra Pradesh,696,1
2024-01-08,Flipkart,F7098,Clothes,West Bengal,1040,2
2024-01-08,Flipkart,F7259,Grocery,Bihar,1092,3
2024-01-08,Flipkart,F2185,Home Decor,Andhra Pradesh,2904,4
2024-01-08,Flipkart,F2011,Grocery,Jharkhand,410,2
2024-01-08,Flipkart,F6274,Accessories,Odisha,864,2
2024-01-08,Flipkart,F9305,Accessories,Maharashtra,761,1
2024-01-08,Flipkart,F7393,Grocery,Telangana,3528,4
2024-01-08,Flipkart,F2699,Electronics,Rajasthan,384,2
2024-01-08,Flipkart,F1214,Home Decor,Madhya Pradesh,2950,5
2024-01-08,Flipkart,F7263,Clothes,Punjab,335,1
2024-01-08,Flipkart,F3114,Home Decor,Chhattisgarh,2364,4
2024-01-08,Flipkart,F6396,Accessories,Uttar Pradesh,2136,4
2024-01-08,Flipkart,F3968,Electronics,Odisha,2560,5
2024-01-08,Flipkart,F3683,Clothes,Assam,3850,5
2024-01-09,Flipkart,F7146,Grocery,Haryana,1224,3
2024-01-09,Flipkart,F4840,Clothes,West Bengal,864,2
2024-01-09,Flipkart,F2935,Clothes,Karnataka,1276,2
2024-01-09,Flipkart,F6767,Home Decor,Jharkhand,970,5
2024-01-09,Flipkart,F7023,Grocery,Assam,1685,5
2024-01-09,Flipkart,F8563,Grocery,Chhattisgarh,369,3
2024-01-09,Flipkart,F6865,Accessories,Punjab,1778,2
2024-01-09,Flipkart,F6654,Accessories,Andhra Pradesh,244,2
2024-01-09,Flipkart,F6159,Grocery,Madhya Pradesh,2124,3
2024-01-09,Flipkart,F4350,Home Decor,Odisha,1706,2
2024-01-09,Flipkart,F2246,Clothes,Chhattisgarh,249,1
2024-01-09,Flipkart,F3502,Clothes,Gujarat,360,1
2024-01-09,Flipkart,F5207,Clothes,Maharashtra,751,1
2024-01-09,Flipkart,F2809,Clothes,Andhra Pradesh,1765,5
2024-01-09,Flipkart,F4324,Accessories,Delhi,890,5
2024-01-09,Flipkart,F5320,Electronics,Tamil Nadu,146,1
2024-01-09,Flipkart,F3238,Accessories,Assam,910,2
2024-01-09,Flipkart,F6919,Accessories,West Bengal,396,2
2024-01-09,Flipkart,F5747,Grocery,Chhattisgarh,1332,4
2024-01-09,Flipkart,F4747,Home Decor,Tamil Nadu,990,3
2024-01-09,Flipkart,F1049,Grocery,Delhi,1188,2
2024-01-09,Flipkart,F8772,Electronics,Gujarat,1490,2
2024-01-09,Flipkart,F2304,Clothes,Andhra Pradesh,924,3
2024-01-09,Flipkart,F9483,Clothes,Assam,1012,2
2024-01-09,Flipkart,F2921,Grocery,Haryana,1131,3
2024-01-09,Flipkart,F1983,Accessories,Madhya Pradesh,777,3
2024-01-09,Flipkart,F4711,Electronics,Chhattisgarh,486,1
2024-01-09,Flipkart,F6432,Grocery,Uttar Pradesh,1800,4
2024-01-09,Flipkart,F3028,Clothes,Assam,2200,4
2024-01-09,Flipkart,F1085,Home Decor,Punjab,2412,4
2024-01-09,Flipkart,F3078,Grocery,Gujarat,1890,2
2024-01-10,Flipkart,F5244,Electronics,Chhattisgarh,1982,2
2024-01-10,Flipkart,F5535,Clothes,Odisha,1520,5
2024-01-10,Flipkart,F1167,Clothes,Bihar,453,1
2024-01-10,Flipkart,F1525,Electronics,Madhya Pradesh,1424,2
2024-01-10,Flipkart,F7308,Electronics,Tamil Nadu,1335,5
2024-01-10,Flipkart,F2807,Clothes,Tamil Nadu,341,1
2024-01-10,Flipkart,F9617,Electronics,Jharkhand,2832,3
2024-01-10,Flipkart,F3771,Accessories,Chhattisgarh,3388,4
2024-01-10,Flipkart,F5411,Home Decor,Kerala,3430,5
2024-01-10,Flipkart,F2600,Accessories,Delhi,1708,2
2024-01-10,Flipkart,F7752,Accessories,Maharashtra,1680,4
2024-01-10,Flipkart,F3088,Accessories,Uttarakhand,351,3
2024-01-10,Flipkart,F6580,Clothes,West Bengal,736,2
2024-01-10,Flipkart,F2683,Clothes,Bihar,456,1
2024-01-10,Flipkart,F5560,Electronics,Telangana,1506,2
2024-01-10,Flipkart,F1663,Clothes,Punjab,807,3
2024-01-10,Flipkart,F7574,Accessories,Maharashtra,4220,5
2024-01-10,Flipkart,F5048,Accessories,Kerala,3310,5
2024-01-10,Flipkart,F8827,Electronics,West Bengal,414,2
2024-01-10,Flipkart,F3525,Electronics,Odisha,3925,5
2024-01-10,Flipkart,F1754,Grocery,Karnataka,1966,2
2024-01-10,Flipkart,F6927,Accessories,Haryana,1000,5
2024-01-10,Flipkart,F9356,Accessories,Andhra Pradesh,108,1
2024-01-11,Flipkart,F1019,Electronics,Maharashtra,5000,5
2024-01-11,Flipkart,F3726,Grocery,Delhi,938,2
2024-01-11,Flipkart,F8760,Home Decor,Bihar,1395,5
2024-01-11,Flipkart,F1368,Accessories,Haryana,365,1
2024-01-11,Flipkart,F8778,Home Decor,Uttar Pradesh,2379,3
2024-01-11,Flipkart,F7143,Accessories,Uttarakhand,4780,5
2024-01-11,Flipkart,F7713,Electronics,Tamil Nadu,3744,4
2024-01-11,Flipkart,F5175,Grocery,Jharkhand,722,2
2024-01-11,Flipkart,F5340,Electronics,West Bengal,792,1
2024-01-11,Flipkart,F3293,Home Decor,Maharashtra,1316,2
2024-01-11,Flipkart,F3510,Clothes,West Bengal,2955,5
2024-01-11,Flipkart,F3323,Grocery,Jharkhand,831,1
2024-01-11,Flipkart,F3445,Accessories,Kerala,1270,5
2024-01-11,Flipkart,F7765,Accessories,Kerala,310,2
2024-01-11,Flipkart,F9817,Clothes,Rajasthan,3300,4
2024-01-11,Flipkart,F4496,Accessories,West Bengal,375,3
2024-01-11,Flipkart,F8489,Electronics,Maharashtra,760,2
2024-01-11,Flipkart,F4245,Grocery,Haryana,4190,5
2024-01-11,Flipkart,F7476,Grocery,West Bengal,1944,3
2024-01-11,Flipkart,F8920,Electronics,Rajasthan,2184,3
2024-01-11,Flipkart,F5415,Home Decor,Delhi,334,2
2024-01-11,Flipkart,F1620,Accessories,Delhi,2820,4
2024-01-11,Flipkart,F5724,Accessories,Assam,2052,3
2024-01-11,Flipkart,F9936,Clothes,Chhattisgarh,2090,5
2024-01-11,Flipkart,F7289,Accessories,Bihar,3756,4
2024-01-11,Flipkart,F7918,Accessories,Madhya Pradesh,3848,4
2024-01-11,Flipkart,F1735,Grocery,Haryana,2538,3
2024-01-11,Flipkart,F9073,Clothes,West Bengal,992,1
2024-01-11,Flipkart,F8560,Grocery,Rajasthan,1833,3
2024-01-11,Flipkart,F9711,Clothes,Delhi,718,2
2024-01-11,Flipkart,F7279,Electronics,Madhya Pradesh,2128,4
2024-01-11,Flipkart,F4160,Clothes,Tamil Nadu,3355,5
2024-01-11,Flipkart,F5320,Home Decor,Maharashtra,636,4
2024-01-12,Flipkart,F5315,Home Decor,Telangana,1098,2
2024-01-12,Flipkart,F4979,Home Decor,West Bengal,1160,5
2024-01-12,Flipkart,F2480,Clothes,Telangana,1068,2
2024-01-12,Flipkart,F4852,Clothes,Andhra Pradesh,555,1
2024-01-12,Flipkart,F2072,Electronics,Tamil Nadu,1220,2
2024-01-12,Flipkart,F4353,Electronics,Karnataka,794,2
2024-01-12,Flipkart,F1655,Accessories,Telangana,1212,3
2024-01-12,Flipkart,F1209,Accessories,Odisha,2532,3
2024-01-12,Flipkart,F3135,Electronics,West Bengal,1640,2
2024-01-12,Flipkart,F2514,Home Decor,West Bengal,2733,3
2024-01-12,Flipkart,F1553,Accessories,Jharkhand,846,3
2024-01-12,Flipkart,F9605,Clothes,Jharkhand,357,3
2024-01-12,Flipkart,F3429,Home Decor,Uttar Pradesh,398,1
2024-01-12,Flipkart,F4681,Clothes,Andhra Pradesh,1524,4
2024-01-12,Flipkart,F5909,Grocery,Telangana,4765,5
2024-01-12,Flipkart,F1108,Electronics,Tamil Nadu,1115,5
2024-01-12,Flipkart,F7678,Grocery,West Bengal,448,1
2024-01-12,Flipkart,F3697,Home Decor,Assam,4650,5
2024-01-12,Flipkart,F2218,Clothes,Tamil Nadu,2574,3
2024-01-12,Flipkart,F2494,Grocery,Punjab,950,1
2024-01-12,Flipkart,F2253,Electronics,Maharashtra,263,1
2024-01-12,Flipkart,F3897,Grocery,Chhattisgarh,2012,4
2024-01-12,Flipkart,F4411,Electronics,Uttar Pradesh,746,2
2024-01-12,Flipkart,F3064,Accessories,Uttar Pradesh,800,4
2024-01-12,Flipkart,F2921,Grocery,Uttarakhand,1080,5
2024-01-12,Flipkart,F9827,Accessories,Jharkhand,2100,4
2024-01-12,Flipkart,F5073,Clothes,Uttar Pradesh,526,2
2024-01-12,Flipkart,F5707,Grocery,Rajasthan,1280,5
2024-01-12,Flipkart,F2056,Accessories,Maharashtra,2540,5
2024-01-12,Flipkart,F8696,Home Decor,Rajasthan,1436,2
2024-01-12,Flipkart,F4240,Home Decor,Uttar Pradesh,1650,2
2024-01-12,Flipkart,F7488,Grocery,Maharashtra,3116,4
2024-01-13,Flipkart,F9444,Electronics,Telangana,693,3
2024-01-13,Flipkart,F4039,Clothes,Punjab,4705,5
2024-01-13,Flipkart,F9858,Home Decor,Madhya Pradesh,476,1
2024-01-13,Flipkart,F7087,Clothes,Uttar Pradesh,2346,3
2024-01-13,Flipkart,F3964,Accessories,Karnataka,1012,4
2024-01-13,Flipkart,F1314,Electronics,Assam,651,3
2024-01-13,Flipkart,F4189,Grocery,Andhra Pradesh,2615,5
2024-01-13,Flipkart,F4165,Home Decor,Odisha,1782,2
2024-01-13,Flipkart,F3111,Electronics,Chhattisgarh,2895,3
2024-01-13,Flipkart,F4663,Home Decor,Andhra Pradesh,645,5
2024-01-13,Flipkart,F3101,Accessories,Bihar,149,1
2024-01-13,Flipkart,F5551,Clothes,Andhra Pradesh,1482,3
2024-01-13,Flipkart,F7117,Clothes,Rajasthan,2463,3
2024-01-13,Flipkart,F9467,Home Decor,Maharashtra,2095,5
2024-01-13,Flipkart,F7772,Electronics,Punjab,2520,4
2024-01-13,Flipkart,F2975,Electronics,Maharashtra,1550,2
2024-01-13,Flipkart,F1865,Electronics,Telangana,788,4
2024-01-13,Flipkart,F3431,Clothes,Assam,4990,5
2024-01-13,Flipkart,F6560,Accessories,Gujarat,3316,4
2024-01-13,Flipkart,F9801,Accessories,Delhi,465,1
2024-01-13,Flipkart,F7819,Grocery,Madhya Pradesh,1960,5
2024-01-13,Flipkart,F4130,Electronics,Uttarakhand,446,2
2024-01-13,Flipkart,F4915,Grocery,Rajasthan,349,1
2024-01-13,Flipkart,F8207,Home Decor,Jharkhand,1728,3
2024-01-13,Flipkart,F1495,Home Decor,Haryana,4065,5
2024-01-13,Flipkart,F3556,Accessories,Delhi,444,4
2024-01-13,Flipkart,F2487,Clothes,Tamil Nadu,3528,4
2024-01-14,Flipkart,F8305,Accessories,Delhi,825,5
2024-01-14,Flipkart,F3628,Accessories,Karnataka,522,1
2024-01-14,Flipkart,F5823,Home Decor,Rajasthan,2480,4
2024-01-14,Flipkart,F3048,Grocery,Chhattisgarh,2005,5
2024-01-14,Flipkart,F2722,Home Decor,Karnataka,3164,4
2024-01-14,Flipkart,F6261,Accessories,Tamil Nadu,1414,2
2024-01-14,Flipkart,F8052,Accessories,Assam,378,2
2024-01-14,Flipkart,F1219,Grocery,Uttar Pradesh,2748,3
2024-01-14,Flipkart,F2712,Accessories,Uttar Pradesh,1956,3
2024-01-14,Flipkart,F8594,Grocery,Assam,1320,2
2024-01-14,Flipkart,F2555,Clothes,Delhi,1606,2
2024-01-14,Flipkart,F7445,Home Decor,Rajasthan,619,1
2024-01-14,Flipkart,F5422,Electronics,Uttarakhand,2127,3
2024-01-14,Flipkart,F6998,Electronics,Tamil Nadu,1296,3
2024-01-14,Flipkart,F8947,Accessories,Jharkhand,524,1
2024-01-14,Flipkart,F8899,Grocery,Haryana,355,1
2024-01-14,Flipkart,F6477,Grocery,West Bengal,1654,2
2024-01-14,Flipkart,F8061,Grocery,Haryana,2028,4
2024-01-14,Flipkart,F9292,Electronics,Bihar,607,1
2024-01-14,Flipkart,F3572,Electronics,Maharashtra,769,1
2024-01-14,Flipkart,F8054,Accessories,Karnataka,1994,2
2024-01-14,Flipkart,F5359,Clothes,Punjab,3125,5
2024-01-14,Flipkart,F6979,Home Decor,Bihar,3908,4
2024-01-14,Flipkart,F4839,Grocery,Bihar,240,1
2024-01-14,Flipkart,F2669,Clothes,Haryana,3644,4
2024-01-14,Flipkart,F7102,Electronics,Jharkhand,678,3
2024-01-14,Flipkart,F4411,Home Decor,Odisha,1400,4
2024-01-14,Flipkart,F7712,Electronics,Uttarakhand,2961,3
2024-01-14,Flipkart,F3629,Electronics,Jharkhand,1434,3
2024-01-14,Flipkart,F3113,Electronics,Rajasthan,1236,3
2024-01-14,Flipkart,F4390,Clothes,Bihar,2547,3
2024-01-14,Flipkart,F2294,Electronics,Gujarat,890,5
2024-01-14,Flipkart,F5180,Clothes,Assam,1300,4
2024-01-14,Flipkart,F9372,Grocery,Uttar Pradesh,2672,4
2024-01-14,Flipkart,F6999,Home Decor,Kerala,4660,5
2024-01-14,Flipkart,F2927,Clothes,Punjab,3856,4
2024-01-14,Flipkart,F3427,Clothes,Haryana,1156,4
2024-01-14,Flipkart,F7127,Electronics,Karnataka,2130,5
2024-01-15,Flipkart,F6531,Electronics,Delhi,550,2
2024-01-15,Flipkart,F9290,Home Decor,Rajasthan,2280,5
2024-01-15,Flipkart,F5558,Accessories,Odisha,969,1
2024-01-15,Flipkart,F9323,Grocery,Rajasthan,2135,5
2024-01-15,Flipkart,F3734,Accessories,Punjab,1209,3
2024-01-15,Flipkart,F8167,Accessories,West Bengal,289,1
2024-01-15,Flipkart,F3377,Electronics,Karnataka,1184,2
2024-01-15,Flipkart,F4463,Accessories,Assam,2331,3
2024-01-15,Flipkart,F8347,Clothes,Tamil Nadu,3050,5
2024-01-15,Flipkart,F3021,Grocery,Telangana,3988,4
2024-01-15,Flipkart,F4882,Grocery,Assam,2679,3
2024-01-15,Flipkart,F4311,Home Decor,Delhi,332,1
2024-01-15,Flipkart,F1538,Electronics,Chhattisgarh,2432,4
2024-01-15,Flipkart,F1753,Grocery,Kerala,3952,4
2024-01-15,Flipkart,F2015,Home Decor,Delhi,948,2
2024-01-15,Flipkart,F7462,Grocery,Tamil Nadu,2457,3
2024-01-15,Flipkart,F9045,Accessories,Kerala,1220,2
2024-01-15,Flipkart,F7433,Electronics,Assam,808,4
2024-01-15,Flipkart,F2133,Home Decor,Maharashtra,768,2
2024-01-15,Flipkart,F8355,Accessories,Kerala,2748,3
2024-01-15,Flipkart,F1647,Home Decor,Bihar,1075,5
2024-01-16,Flipkart,F8421,Home Decor,Punjab,3916,4
2024-01-16,Flipkart,F4150,Accessories,Assam,2046,3
2024-01-16,Flipkart,F4295,Accessories,Bihar,975,3
2024-01-16,Flipkart,F1877,Home Decor,Odisha,1795,5
2024-01-16,Flipkart,F3938,Clothes,Odisha,4370,5
2024-01-16,Flipkart,F4928,Accessories,Jharkhand,494,2
2024-01-16,Flipkart,F4601,Clothes,Haryana,1980,4
2024-01-16,Flipkart,F2282,Accessories,Gujarat,2468,4
2024-01-16,Flipkart,F6946,Electronics,Assam,616,1
2024-01-16,Flipkart,F5132,Grocery,Kerala,1304,4
2024-01-16,Flipkart,F4863,Grocery,Bihar,725,1
2024-01-16,Flipkart,F6641,Grocery,Odisha,1392,4
2024-01-16,Flipkart,F3316,Electronics,Maharashtra,454,1
2024-01-16,Flipkart,F4013,Accessories,Bihar,3435,5
2024-01-16,Flipkart,F1315,Clothes,Punjab,1032,4
2024-01-16,Flipkart,F3827,Accessories,Kerala,707,1
2024-01-16,Flipkart,F7463,Accessories,Uttar Pradesh,1734,3
2024-01-16,Flipkart,F7183,Accessories,Karnataka,1416,2
2024-01-16,Flipkart,F2789,Home Decor,Tamil Nadu,998,1
2024-01-16,Flipkart,F6228,Grocery,Rajasthan,438,1
2024-01-16,Flipkart,F4626,Accessories,Karnataka,1152,4
2024-01-16,Flipkart,F1381,Clothes,West Bengal,568,4
2024-01-16,Flipkart,F9114,Electronics,Assam,3380,5
2024-01-16,Flipkart,F1642,Grocery,Madhya Pradesh,3970,5
2024-01-16,Flipkart,F6242,Grocery,Tamil Nadu,1052,4
2024-01-16,Flipkart,F6954,Grocery,Haryana,601,1
2024-01-16,Flipkart,F8202,Grocery,Telangana,1764,3
2024-01-16,Flipkart,F9338,Grocery,Chhattisgarh,2032,4
2024-01-16,Flipkart,F1289,Clothes,Uttarakhand,128,1
2024-01-16,Flipkart,F1331,Clothes,Punjab,334,1
2024-01-16,Flipkart,F5978,Home Decor,Telangana,1540,2
2024-01-16,Flipkart,F1900,Accessories,West Bengal,3370,5
2024-01-16,Flipkart,F5579,Electronics,Punjab,2348,4
2024-01-16,Flipkart,F3595,Home Decor,Karnataka,1344,2
2024-01-16,Flipkart,F8553,Accessories,Maharashtra,3360,4
2024-01-17,Flipkart,F9159,Clothes,Haryana,798,2
2024-01-17,Flipkart,F3465,Clothes,West Bengal,3855,5
2024-01-17,Flipkart,F5774,Grocery,Bihar,1108,4
2024-01-17,Flipkart,F5767,Home Decor,Punjab,2200,5
2024-01-17,Flipkart,F4182,Grocery,Assam,3860,4
2024-01-17,Flipkart,F6470,Electronics,Delhi,892,4
2024-01-17,Flipkart,F7285,Home Decor,Haryana,1492,2
2024-01-17,Flipkart,F2445,Grocery,Gujarat,3512,4
2024-01-17,Flipkart,F1906,Accessories,Andhra Pradesh,1570,5
2024-01-17,Flipkart,F2883,Grocery,Telangana,318,2
2024-01-17,Flipkart,F8248,Grocery,Assam,948,2
2024-01-17,Flipkart,F6770,Home Decor,Chhattisgarh,522,3
2024-01-17,Flipkart,F5694,Grocery,Punjab,3872,4
2024-01-17,Flipkart,F5815,Clothes,Tamil Nadu,473,1
2024-01-17,Flipkart,F5877,Clothes,Odisha,2120,5
2024-01-17,Flipkart,F3041,Electronics,Delhi,507,3
2024-01-17,Flipkart,F8129,Home Decor,Chhattisgarh,3984,4
2024-01-17,Flipkart,F1028,Accessories,Uttarakhand,1405,5
2024-01-17,Flipkart,F7738,Accessories,Bihar,650,5
2024-01-17,Flipkart,F1513,Electronics,Bihar,1168,2
2024-01-17,Flipkart,F2187,Home Decor,Kerala,1446,2
2024-01-17,Flipkart,F2121,Grocery,Assam,150,1
2024-01-17,Flipkart,F8151,Home Decor,Uttar Pradesh,1932,3
2024-01-17,Flipkart,F5162,Grocery,Tamil Nadu,2420,4
2024-01-17,Flipkart,F4643,Home Decor,Assam,3604,4
2024-01-17,Flipkart,F4766,Accessories,Chhattisgarh,408,3
2024-01-17,Flipkart,F1316,Accessories,Rajasthan,2492,4
2024-01-17,Flipkart,F6994,Grocery,Maharashtra,3860,5
2024-01-17,Flipkart,F2601,Grocery,Assam,1350,2
2024-01-17,Flipkart,F2073,Clothes,Haryana,1470,2
2024-01-17,Flipkart,F8297,Clothes,Haryana,3220,4
2024-01-17,Flipkart,F7876,Home Decor,Rajasthan,237,1
2024-01-17,Flipkart,F4117,Home Decor,Rajasthan,3450,5
2024-01-17,Flipkart,F8395,Accessories,Chhattisgarh,2232,4
2024-01-17,Flipkart,F6643,Clothes,Tamil Nadu,1788,2
2024-01-18,Flipkart,F2064,Accessories,Telangana,2421,3
2024-01-18,Flipkart,F3579,Accessories,Andhra Pradesh,3580,5
2024-01-18,Flipkart,F3333,Home Decor,Karnataka,1444,2
2024-01-18,Flipkart,F2857,Accessories,Jharkhand,2636,4
2024-01-18,Flipkart,F6071,Accessories,Delhi,549,1
2024-01-18,Flipkart,F5860,Accessories,Karnataka,750,5
2024-01-18,Flipkart,F7116,Accessories,Rajasthan,1983,3
2024-01-18,Flipkart,F2043,Home Decor,Assam,1302,2
2024-01-18,Flipkart,F2255,Accessories,Assam,3155,5
2024-01-18,Flipkart,F2691,Clothes,Uttar Pradesh,2613,3
2024-01-18,Flipkart,F7624,Accessories,Maharashtra,498,2
2024-01-18,Flipkart,F5023,Clothes,Gujarat,363,3
2024-01-18,Flipkart,F4435,Accessories,Odisha,1725,5
2024-01-18,Flipkart,F8764,Grocery,Maharashtra,2360,4
2024-01-18,Flipkart,F1459,Home Decor,Delhi,862,2
2024-01-18,Flipkart,F5674,Accessories,Rajasthan,1038,3
2024-01-18,Flipkart,F5839,Accessories,Uttar Pradesh,582,1
2024-01-18,Flipkart,F6601,Clothes,Kerala,2672,4
2024-01-18,Flipkart,F7192,Home Decor,Rajasthan,2043,3
2024-01-18,Flipkart,F7131,Clothes,Haryana,3984,4
2024-01-18,Flipkart,F6466,Clothes,Uttarakhand,4340,5
2024-01-18,Flipkart,F3406,Clothes,Punjab,1485,3
2024-01-18,Flipkart,F2131,Clothes,Telangana,516,3
2024-01-18,Flipkart,F4769,Electronics,West Bengal,3192,4
2024-01-18,Flipkart,F6764,Grocery,Andhra Pradesh,942,1
2024-01-18,Flipkart,F5671,Clothes,Tamil Nadu,432,3
2024-01-18,Flipkart,F9694,Home Decor,Odisha,770,1
2024-01-18,Flipkart,F5039,Accessories,Andhra Pradesh,1360,5
2024-01-18,Flipkart,F5006,Clothes,Tamil Nadu,1562,2
2024-01-18,Flipkart,F3213,Clothes,Madhya Pradesh,978,2
2024-01-18,Flipkart,F6653,Grocery,Uttarakhand,675,5
2024-01-19,Flipkart,F8281,Home Decor,Odisha,932,1
2024-01-19,Flipkart,F3109,Grocery,Telangana,1026,2
2024-01-19,Flipkart,F4316,Home Decor,Maharashtra,1533,3
2024-01-19,Flipkart,F8137,Electronics,Uttar Pradesh,3756,4
2024-01-19,Flipkart,F2822,Clothes,Maharashtra,3305,5
2024-01-19,Flipkart,F1673,Accessories,Karnataka,334,1
2024-01-19,Flipkart,F8767,Electronics,Jharkhand,648,3
2024-01-19,Flipkart,F9908,Grocery,Kerala,2635,5
2024-01-19,Flipkart,F9266,Home Decor,Uttar Pradesh,3740,5
2024-01-19,Flipkart,F4668,Accessories,Uttarakhand,929,1
2024-01-19,Flipkart,F5313,Grocery,Karnataka,1689,3
2024-01-19,Flipkart,F7310,Electronics,Maharashtra,1884,2
2024-01-19,Flipkart,F8692,Electronics,Rajasthan,1750,5
2024-01-19,Flipkart,F6280,Grocery,Bihar,1026,3
2024-01-19,Flipkart,F2979,Accessories,Uttar Pradesh,3275,5
2024-01-19,Flipkart,F9246,Electronics,West Bengal,2160,3
2024-01-19,Flipkart,F1598,Clothes,Uttarakhand,2544,3
2024-01-19,Flipkart,F3086,Grocery,Jharkhand,1315,5
2024-01-19,Flipkart,F3793,Clothes,Chhattisgarh,258,1
2024-01-19,Flipkart,F6995,Clothes,Karnataka,2015,5
2024-01-19,Flipkart,F3468,Home Decor,Madhya Pradesh,459,3
2024-01-19,Flipkart,F9005,Clothes,Delhi,555,1
2024-01-19,Flipkart,F3094,Electronics,Rajasthan,668,4
2024-01-19,Flipkart,F6711,Accessories,Rajasthan,2541,3
2024-01-19,Flipkart,F7377,Grocery,Odisha,2892,3
2024-01-19,Flipkart,F9527,Electronics,Gujarat,3125,5
2024-01-19,Flipkart,F1961,Clothes,Bihar,752,2
2024-01-19,Flipkart,F9776,Accessories,Tamil Nadu,2916,4
2024-01-19,Flipkart,F8086,Accessories,Chhattisgarh,2524,4
2024-01-19,Flipkart,F6892,Clothes,Karnataka,1440,2
2024-01-19,Flipkart,F4485,Electronics,Assam,1755,3
2024-01-19,Flipkart,F2284,Clothes,Punjab,2000,5
2024-01-20,Flipkart,F1795,Accessories,Punjab,2463,3
2024-01-20,Flipkart,F4865,Clothes,Odisha,601,1
2024-01-20,Flipkart,F7765,Accessories,Chhattisgarh,756,3
2024-01-20,Flipkart,F6615,Home Decor,Chhattisgarh,984,2
2024-01-20,Flipkart,F1479,Home Decor,Assam,2405,5
2024-01-20,Flipkart,F2400,Clothes,Andhra Pradesh,372,1
2024-01-20,Flipkart,F1865,Grocery,Maharashtra,1326,3
2024-01-20,Flipkart,F5533,Accessories,Uttarakhand,1404,3
2024-01-20,Flipkart,F4117,Clothes,Bihar,243,1
2024-01-20,Flipkart,F5550,Accessories,Telangana,317,1
2024-01-20,Flipkart,F2240,Home Decor,Maharashtra,1312,2
2024-01-20,Flipkart,F6781,Accessories,Delhi,1666,2
2024-01-20,Flipkart,F3830,Grocery,Rajasthan,2589,3
2024-01-20,Flipkart,F3093,Grocery,West Bengal,2372,4
2024-01-20,Flipkart,F4320,Home Decor,Gujarat,1750,2
2024-01-20,Flipkart,F6934,Clothes,Haryana,1184,2
2024-01-20,Flipkart,F4857,Accessories,Tamil Nadu,1766,2
2024-01-20,Flipkart,F6512,Electronics,Haryana,1940,2
2024-01-20,Flipkart,F8802,Accessories,Andhra Pradesh,560,4
2024-01-20,Flipkart,F9039,Grocery,Gujarat,2856,4
2024-01-20,Flipkart,F4936,Accessories,Delhi,4575,5
2024-01-20,Flipkart,F2016,Clothes,Jharkhand,884,2
2024-01-20,Flipkart,F8853,Grocery,Madhya Pradesh,1790,5
2024-01-20,Flipkart,F9887,Accessories,Odisha,3000,3
2024-01-20,Flipkart,F8303,Home Decor,Gujarat,644,2
2024-01-20,Flipkart,F8746,Home Decor,Madhya Pradesh,1296,3
2024-01-20,Flipkart,F8359,Home Decor,Andhra Pradesh,348,1
2024-01-20,Flipkart,F4883,Home Decor,Kerala,1728,4
2024-01-20,Flipkart,F2423,Accessories,Uttarakhand,1986,3
2024-01-20,Flipkart,F3079,Clothes,Tamil Nadu,2787,3
2024-01-21,Flipkart,F8209,Electronics,Jharkhand,858,2
2024-01-21,Flipkart,F9444,Electronics,Karnataka,756,1
2024-01-21,Flipkart,F8184,Electronics,Jharkhand,2979,3
2024-01-21,Flipkart,F1936,Accessories,Maharashtra,1900,2
2024-01-21,Flipkart,F7408,Clothes,Tamil Nadu,1456,2
2024-01-21,Flipkart,F5211,Home Decor,Maharashtra,2992,4
2024-01-21,Flipkart,F9191,Electronics,Karnataka,1110,2
2024-01-21,Flipkart,F2296,Accessories,Kerala,1948,2
2024-01-21,Flipkart,F5131,Clothes,Madhya Pradesh,3740,5
2024-01-21,Flipkart,F9380,Home Decor,Maharashtra,2040,3
2024-01-21,Flipkart,F8229,Grocery,Telangana,850,5
2024-01-21,Flipkart,F8900,Home Decor,Gujarat,2259,3
2024-01-21,Flipkart,F1040,Accessories,Kerala,4555,5
2024-01-21,Flipkart,F1269,Clothes,Andhra Pradesh,704,1
2024-01-21,Flipkart,F4208,Grocery,Punjab,1306,2
2024-01-21,Flipkart,F1194,Home Decor,Delhi,1632,3
2024-01-21,Flipkart,F7224,Clothes,Tamil Nadu,1148,4
2024-01-21,Flipkart,F2040,Grocery,Jharkhand,874,2
2024-01-21,Flipkart,F9940,Electronics,Odisha,2580,3
2024-01-21,Flipkart,F7270,Home Decor,West Bengal,1983,3
2024-01-21,Flipkart,F3946,Grocery,Madhya Pradesh,812,1
2024-01-21,Flipkart,F5590,Accessories,Assam,1383,3
2024-01-21,Flipkart,F5722,Home Decor,Haryana,752,4
2024-01-21,Flipkart,F8058,Home Decor,Maharashtra,2560,4
2024-01-21,Flipkart,F7312,Home Decor,Rajasthan,4760,5
2024-01-21,Flipkart,F9068,Grocery,Assam,2400,4
2024-01-21,Flipkart,F4878,Electronics,Madhya Pradesh,3244,4
2024-01-21,Flipkart,F5049,Home Decor,Rajasthan,1592,4
2024-01-21,Flipkart,F3652,Accessories,Odisha,1995,5
2024-01-21,Flipkart,F3721,Clothes,Tamil Nadu,469,1
2024-01-21,Flipkart,F6191,Grocery,Odisha,240,2
2024-01-21,Flipkart,F5295,Clothes,Punjab,1368,2
2024-01-21,Flipkart,F9058,Clothes,Odisha,268,2
2024-01-21,Flipkart,F7819,Electronics,Odisha,960,1
2024-01-21,Flipkart,F8182,Accessories,Karnataka,3840,4
2024-01-21,Flipkart,F1941,Clothes,Tamil Nadu,2445,3
2024-01-21,Flipkart,F6635,Electronics,Tamil Nadu,521,1
2024-01-21,Flipkart,F4353,Accessories,Haryana,777,1
2024-01-21,Flipkart,F2984,Accessories,West Bengal,2650,5
2024-01-21,Flipkart,F5159,Electronics,Andhra Pradesh,1700,2
2024-01-22,Flipkart,F1518,Grocery,Andhra Pradesh,2225,5
2024-01-22,Flipkart,F7292,Accessories,Madhya Pradesh,2372,4
2024-01-22,Flipkart,F9098,Grocery,Telangana,210,2
2024-01-22,Flipkart,F7151,Home Decor,Kerala,595,1
2024-01-22,Flipkart,F1182,Clothes,Tamil Nadu,684,2
2024-01-22,Flipkart,F8206,Accessories,Haryana,3984,4
2024-01-22,Flipkart,F1942,Grocery,Rajasthan,1620,5
2024-01-22,Flipkart,F2167,Home Decor,Assam,348,1
2024-01-22,Flipkart,F8188,Accessories,Telangana,951,3
2024-01-22,Flipkart,F9184,Grocery,Odisha,3192,4
2024-01-22,Flipkart,F5506,Grocery,West Bengal,462,1
2024-01-22,Flipkart,F7645,Clothes,Assam,782,2
2024-01-22,Flipkart,F4735,Clothes,Madhya Pradesh,3000,4
2024-01-22,Flipkart,F3467,Grocery,Gujarat,920,5
2024-01-22,Flipkart,F9891,Grocery,Maharashtra,2204,4
2024-01-22,Flipkart,F7731,Grocery,Odisha,3696,4
2024-01-22,Flipkart,F2269,Grocery,Haryana,2560,4
2024-01-22,Flipkart,F1306,Electronics,Jharkhand,940,2
2024-01-22,Flipkart,F5435,Home Decor,West Bengal,2883,3
2024-01-22,Flipkart,F5494,Grocery,Maharashtra,313,1
2024-01-22,Flipkart,F5261,Grocery,Chhattisgarh,1461,3
2024-01-22,Flipkart,F5516,Grocery,Maharashtra,2355,5
2024-01-22,Flipkart,F2114,Home Decor,Madhya Pradesh,2943,3
2024-01-22,Flipkart,F5248,Accessories,Telangana,1268,2
2024-01-22,Flipkart,F9385,Electronics,Tamil Nadu,1680,5
2024-01-22,Flipkart,F7574,Electronics,Gujarat,2610,5
2024-01-22,Flipkart,F5447,Grocery,Bihar,3700,5
2024-01-22,Flipkart,F6617,Clothes,Rajasthan,3915,5
2024-01-22,Flipkart,F1668,Electronics,Uttar Pradesh,2985,3
2024-01-22,Flipkart,F3331,Accessories,Haryana,1710,3
2024-01-22,Flipkart,F4200,Clothes,Assam,1772,4
2024-01-22,Flipkart,F5967,Clothes,Bihar,462,3
2024-01-22,Flipkart,F6705,Accessories,Uttar Pradesh,561,3
2024-01-22,Flipkart,F8603,Home Decor,Chhattisgarh,913,1
2024-01-23,Flipkart,F3840,Grocery,Delhi,1644,4
2024-01-23,Flipkart,F4046,Grocery,Bihar,460,2
2024-01-23,Flipkart,F9750,Home Decor,Delhi,748,1
2024-01-23,Flipkart,F9775,Accessories,Madhya Pradesh,2685,5
2024-01-23,Flipkart,F1510,Home Decor,Bihar,2400,3
2024-01-23,Flipkart,F6539,Clothes,Madhya Pradesh,1558,2
2024-01-23,Flipkart,F8503,Grocery,West Bengal,1904,2
2024-01-23,Flipkart,F5003,Accessories,Delhi,2340,4
2024-01-23,Flipkart,F7365,Grocery,Tamil Nadu,3120,5
2024-01-23,Flipkart,F5328,Grocery,Chhattisgarh,594,3
2024-01-23,Flipkart,F8907,Grocery,Rajasthan,249,1
2024-01-23,Flipkart,F9594,Accessories,Tamil Nadu,2904,3
2024-01-23,Flipkart,F3271,Home Decor,Uttarakhand,1155,5
2024-01-23,Flipkart,F7981,Clothes,Uttar Pradesh,4590,5
2024-01-23,Flipkart,F9577,Accessories,Chhattisgarh,2420,4
2024-01-23,Flipkart,F3862,Home Decor,Rajasthan,1620,4
2024-01-23,Flipkart,F2474,Grocery,Uttar Pradesh,3510,5
2024-01-23,Flipkart,F1530,Clothes,Jharkhand,1518,3
2024-01-23,Flipkart,F2032,Home Decor,Gujarat,4805,5
2024-01-23,Flipkart,F6844,Home Decor,West Bengal,1130,2
2024-01-23,Flipkart,F3591,Home Decor,Karnataka,450,1
2024-01-24,Flipkart,F4604,Accessories,Delhi,2715,5
2024-01-24,Flipkart,F3264,Accessories,Haryana,519,1
2024-01-24,Flipkart,F4310,Home Decor,Maharashtra,311,1
2024-01-24,Flipkart,F6426,Clothes,Madhya Pradesh,1238,2
2024-01-24,Flipkart,F5274,Home Decor,Uttar Pradesh,2472,4
2024-01-24,Flipkart,F9339,Accessories,Karnataka,2884,4
2024-01-24,Flipkart,F1409,Accessories,Uttar Pradesh,951,3
2024-01-24,Flipkart,F4969,Home Decor,Rajasthan,897,3
2024-01-24,Flipkart,F3452,Clothes,Tamil Nadu,1100,4
2024-01-24,Flipkart,F3417,Grocery,Kerala,1030,2
2024-01-24,Flipkart,F7493,Clothes,Chhattisgarh,1188,3
2024-01-24,Flipkart,F2021,Accessories,Tamil Nadu,3900,5
2024-01-24,Flipkart,F6726,Accessories,Maharashtra,1944,4
2024-01-24,Flipkart,F7507,Clothes,Kerala,2030,5
2024-01-24,Flipkart,F7087,Electronics,Rajasthan,1832,2
2024-01-24,Flipkart,F2815,Clothes,Odisha,1900,5
2024-01-24,Flipkart,F3830,Electronics,Madhya Pradesh,3535,5
2024-01-24,Flipkart,F3411,Accessories,Maharashtra,708,2
2024-01-24,Flipkart,F5021,Home Decor,Maharashtra,399,1
2024-01-24,Flipkart,F2874,Electronics,Delhi,450,1
2024-01-24,Flipkart,F9850,Accessories,Haryana,799,1
2024-01-24,Flipkart,F1248,Home Decor,West Bengal,1960,5
2024-01-24,Flipkart,F3283,Grocery,Uttarakhand,3650,5
2024-01-24,Flipkart,F4679,Electronics,Madhya Pradesh,2636,4
2024-01-24,Flipkart,F4528,Home Decor,Punjab,1323,3
2024-01-24,Flipkart,F6865,Clothes,West Bengal,1443,3
2024-01-24,Flipkart,F8447,Home Decor,Andhra Pradesh,1240,5
2024-01-24,Flipkart,F1520,Grocery,Karnataka,737,1
2024-01-24,Flipkart,F1729,Grocery,Odisha,2376,3
2024-01-24,Flipkart,F2471,Clothes,Telangana,3768,4
2024-01-24,Flipkart,F9170,Home Decor,Rajasthan,1944,3
2024-01-25,Flipkart,F7140,Grocery,Kerala,1108,4
2024-01-25,Flipkart,F9682,Electronics,Uttar Pradesh,1554,2
2024-01-25,Flipkart,F5546,Electronics,Punjab,4790,5
2024-01-25,Flipkart,F2931,Electronics,Maharashtra,1677,3
2024-01-25,Flipkart,F7541,Electronics,Assam,1360,2
2024-01-25,Flipkart,F1927,Electronics,Gujarat,4660,5
2024-01-25,Flipkart,F8581,Accessories,Maharashtra,1942,2
2024-01-25,Flipkart,F5052,Clothes,Bihar,3240,4
2024-01-25,Flipkart,F8765,Clothes,Haryana,1182,2
2024-01-25,Flipkart,F4035,Clothes,Telangana,608,1
2024-01-25,Flipkart,F7999,Home Decor,Delhi,804,2
2024-01-25,Flipkart,F9763,Clothes,Telangana,1872,2
2024-01-25,Flipkart,F7473,Accessories,Kerala,681,3
2024-01-25,Flipkart,F8950,Home Decor,Bihar,566,2
2024-01-25,Flipkart,F8656,Accessories,Haryana,816,4
2024-01-25,Flipkart,F9517,Grocery,Andhra Pradesh,490,1
2024-01-25,Flipkart,F5748,Electronics,Jharkhand,2508,3
2024-01-25,Flipkart,F9535,Grocery,Assam,595,1
2024-01-25,Flipkart,F3562,Accessories,Jharkhand,2559,3
2024-01-25,Flipkart,F7875,Clothes,Uttar Pradesh,2735,5
2024-01-25,Flipkart,F3325,Accessories,Uttarakhand,290,1
2024-01-25,Flipkart,F3589,Accessories,Bihar,274,2
2024-01-25,Flipkart,F9745,Grocery,Gujarat,1455,5
2024-01-25,Flipkart,F3538,Electronics,Jharkhand,879,1
2024-01-25,Flipkart,F9957,Electronics,Uttarakhand,982,2
2024-01-25,Flipkart,F8151,Home Decor,West Bengal,1530,2
2024-01-25,Flipkart,F3921,Home Decor,Chhattisgarh,1048,2
2024-01-25,Flipkart,F9311,Clothes,Punjab,1670,5
2024-01-25,Flipkart,F1486,Electronics,Jharkhand,641,1
2024-01-25,Flipkart,F9374,Grocery,Haryana,2400,5
2024-01-26,Flipkart,F1223,Clothes,Tamil Nadu,765,3
2024-01-26,Flipkart,F3753,Clothes,Jharkhand,3415,5
2024-01-26,Flipkart,F9526,Grocery,Haryana,1244,4
2024-01-26,Flipkart,F1886,Home Decor,Haryana,294,1
2024-01-26,Flipkart,F9943,Electronics,Delhi,1710,2
2024-01-26,Flipkart,F2989,Clothes,Delhi,413,1
2024-01-26,Flipkart,F7426,Clothes,Gujarat,732,3
2024-01-26,Flipkart,F7632,Electronics,Madhya Pradesh,642,1
2024-01-26,Flipkart,F6494,Electronics,Uttarakhand,686,1
2024-01-26,Flipkart,F1264,Home Decor,Karnataka,3220,5
2024-01-26,Flipkart,F7649,Electronics,West Bengal,632,1
2024-01-26,Flipkart,F8551,Clothes,Telangana,1180,2
2024-01-26,Flipkart,F4506,Grocery,Tamil Nadu,1338,3
2024-01-26,Flipkart,F1609,Accessories,Rajasthan,670,1
2024-01-26,Flipkart,F4776,Accessories,Madhya Pradesh,1928,4
2024-01-26,Flipkart,F8374,Grocery,Delhi,1154,2
2024-01-26,Flipkart,F8421,Home Decor,Rajasthan,1055,5
2024-01-26,Flipkart,F1919,Accessories,West Bengal,3344,4
2024-01-26,Flipkart,F8461,Electronics,Telangana,1172,2
2024-01-26,Flipkart,F2961,Clothes,Haryana,645,5
2024-01-26,Flipkart,F3808,Grocery,Rajasthan,1696,4
2024-01-26,Flipkart,F4286,Home Decor,Odisha,4250,5
2024-01-26,Flipkart,F8786,Clothes,West Bengal,2022,3
2024-01-26,Flipkart,F1216,Grocery,Punjab,428,4
2024-01-26,Flipkart,F5551,Home Decor,Karnataka,820,4
2024-01-26,Flipkart,F5954,Grocery,West Bengal,694,1
2024-01-26,Flipkart,F3984,Home Decor,Delhi,2332,4
2024-01-27,Flipkart,F5270,Accessories,Delhi,4870,5
2024-01-27,Flipkart,F9673,Grocery,West Bengal,3400,4
2024-01-27,Flipkart,F4119,Electronics,Odisha,439,1
2024-01-27,Flipkart,F9434,Electronics,Assam,1212,4
2024-01-27,Flipkart,F3027,Accessories,Jharkhand,671,1
2024-01-27,Flipkart,F6895,Clothes,Andhra Pradesh,1658,2
2024-01-27,Flipkart,F2332,Grocery,Delhi,856,4
2024-01-27,Flipkart,F7049,Electronics,Bihar,2264,4
2024-01-27,Flipkart,F3319,Electronics,Uttarakhand,1604,2
2024-01-27,Flipkart,F1198,Clothes,Madhya Pradesh,3505,5
2024-01-27,Flipkart,F6801,Electronics,Maharashtra,2037,3
2024-01-27,Flipkart,F9890,Electronics,Maharashtra,2976,3
2024-01-27,Flipkart,F4866,Grocery,West Bengal,704,4
2024-01-27,Flipkart,F1726,Grocery,Haryana,4955,5
2024-01-27,Flipkart,F6799,Clothes,Kerala,410,1
2024-01-27,Flipkart,F6708,Home Decor,Uttarakhand,308,2
2024-01-27,Flipkart,F8190,Accessories,Maharashtra,628,1
2024-01-27,Flipkart,F3471,Clothes,Haryana,1535,5
2024-01-27,Flipkart,F4357,Grocery,Bihar,1390,2
2024-01-27,Flipkart,F3099,Clothes,Rajasthan,1720,4
2024-01-27,Flipkart,F8935,Home Decor,Assam,1448,4
2024-01-27,Flipkart,F7850,Accessories,Gujarat,3040,5
2024-01-27,Flipkart,F4461,Accessories,West Bengal,616,2
2024-01-27,Flipkart,F1811,Clothes,Jharkhand,3315,5
2024-01-27,Flipkart,F2488,Clothes,Jharkhand,488,4
2024-01-28,Flipkart,F9927,Home Decor,Jharkhand,919,1
2024-01-28,Flipkart,F5617,Electronics,Uttar Pradesh,300,1
2024-01-28,Flipkart,F8378,Accessories,Andhra Pradesh,1188,4
2024-01-28,Flipkart,F8288,Accessories,Assam,1185,5
2024-01-28,Flipkart,F1517,Home Decor,Punjab,692,2
2024-01-28,Flipkart,F4197,Home Decor,Assam,123,1
2024-01-28,Flipkart,F6626,Electronics,Bihar,868,1
2024-01-28,Flipkart,F6922,Electronics,Andhra Pradesh,3725,5
2024-01-28,Flipkart,F1639,Home Decor,Delhi,566,2
2024-01-28,Flipkart,F8987,Accessories,Madhya Pradesh,1712,2
2024-01-28,Flipkart,F7523,Accessories,Chhattisgarh,354,1
2024-01-28,Flipkart,F7193,Home Decor,Delhi,4935,5
2024-01-28,Flipkart,F4364,Home Decor,Haryana,947,1
2024-01-28,Flipkart,F8008,Electronics,Odisha,796,4
2024-01-28,Flipkart,F9590,Grocery,Uttarakhand,1104,3
2024-01-28,Flipkart,F9128,Electronics,Gujarat,985,1
2024-01-28,Flipkart,F3775,Electronics,Rajasthan,274,1
2024-01-28,Flipkart,F7947,Home Decor,Tamil Nadu,1666,2
2024-01-28,Flipkart,F2713,Home Decor,Haryana,2340,3
2024-01-28,Flipkart,F2453,Accessories,Madhya Pradesh,1846,2
2024-01-28,Flipkart,F8191,Electronics,Kerala,1656,2
2024-01-28,Flipkart,F3223,Accessories,Rajasthan,1623,3
2024-01-28,Flipkart,F4134,Clothes,Karnataka,3668,4
2024-01-28,Flipkart,F6030,Accessories,Gujarat,2300,4
2024-01-28,Flipkart,F8817,Clothes,Delhi,559,1
2024-01-28,Flipkart,F7555,Home Decor,Chhattisgarh,3930,5
2024-01-28,Flipkart,F8319,Accessories,Karnataka,258,1
2024-01-28,Flipkart,F4782,Grocery,Gujarat,1440,3
2024-01-29,Flipkart,F4508,Accessories,Tamil Nadu,2958,3
2024-01-29,Flipkart,F5916,Grocery,Assam,3704,4
2024-01-29,Flipkart,F3061,Grocery,Madhya Pradesh,861,1
2024-01-29,Flipkart,F3056,Clothes,Madhya Pradesh,684,3
2024-01-29,Flipkart,F2182,Grocery,Jharkhand,2485,5
2024-01-29,Flipkart,F4699,Electronics,West Bengal,584,4
2024-01-29,Flipkart,F9327,Clothes,Kerala,1265,5
2024-01-29,Flipkart,F1755,Accessories,Rajasthan,4155,5
2024-01-29,Flipkart,F4918,Grocery,Uttar Pradesh,3016,4
2024-01-29,Flipkart,F5243,Home Decor,Gujarat,712,4
2024-01-29,Flipkart,F9751,Accessories,Telangana,4295,5
2024-01-29,Flipkart,F3772,Electronics,Tamil Nadu,1365,5
2024-01-29,Flipkart,F8558,Clothes,Delhi,170,1
2024-01-29,Flipkart,F9973,Accessories,Telangana,246,2
2024-01-29,Flipkart,F6600,Accessories,Rajasthan,4815,5
2024-01-29,Flipkart,F7740,Grocery,Haryana,700,2
2024-01-29,Flipkart,F3963,Home Decor,Delhi,1044,4
2024-01-29,Flipkart,F1062,Accessories,Andhra Pradesh,2139,3
2024-01-29,Flipkart,F5173,Clothes,Odisha,2256,3
2024-01-29,Flipkart,F4072,Electronics,Chhattisgarh,2732,4
2024-01-29,Flipkart,F4878,Electronics,Haryana,561,1
2024-01-29,Flipkart,F5868,Accessories,Delhi,546,3
2024-01-29,Flipkart,F1189,Home Decor,Jharkhand,1456,4
2024-01-29,Flipkart,F5730,Grocery,Andhra Pradesh,1848,2
2024-01-29,Flipkart,F2843,Grocery,West Bengal,840,4
2024-01-29,Flipkart,F6189,Clothes,West Bengal,1977,3
2024-01-30,Flipkart,F4251,Electronics,West Bengal,286,1
2024-01-30,Flipkart,F8258,Home Decor,Kerala,2685,5
2024-01-30,Flipkart,F2681,Electronics,Tamil Nadu,2864,4
2024-01-30,Flipkart,F9309,Clothes,Uttar Pradesh,864,1
2024-01-30,Flipkart,F2794,Clothes,Punjab,1710,2
2024-01-30,Flipkart,F7401,Accessories,Punjab,408,1
2024-01-30,Flipkart,F6924,Accessories,Gujarat,180,1
2024-01-30,Flipkart,F5198,Home Decor,Delhi,449,1
2024-01-30,Flipkart,F8691,Grocery,Gujarat,386,1
2024-01-30,Flipkart,F1971,Home Decor,Bihar,186,1
2024-01-30,Flipkart,F3285,Grocery,Odisha,3630,5
2024-01-30,Flipkart,F9768,Home Decor,Punjab,2312,4
2024-01-30,Flipkart,F3501,Home Decor,Delhi,262,1
2024-01-30,Flipkart,F8900,Clothes,Delhi,1230,2
2024-01-30,Flipkart,F8695,Clothes,Rajasthan,1296,4
2024-01-30,Flipkart,F2278,Grocery,Telangana,796,2
2024-01-30,Flipkart,F8961,Clothes,Punjab,1556,2
2024-01-30,Flipkart,F1733,Clothes,Maharashtra,3780,4
2024-01-30,Flipkart,F4314,Electronics,Uttar Pradesh,3896,4
2024-01-30,Flipkart,F1145,Accessories,Madhya Pradesh,651,3
2024-01-30,Flipkart,F4073,Electronics,Maharashtra,2332,4
2024-01-30,Flipkart,F5392,Electronics,Karnataka,3360,5
2024-01-30,Flipkart,F4329,Home Decor,Kerala,1195,5
2024-01-30,Flipkart,F4265,Home Decor,Chhattisgarh,510,2
2024-01-30,Flipkart,F2589,Grocery,Uttar Pradesh,3335,5
2024-01-30,Flipkart,F2115,Electronics,Odisha,4380,5
2024-01-30,Flipkart,F2763,Clothes,Tamil Nadu,801,3
2024-01-30,Flipkart,F9938,Clothes,Kerala,1835,5
2024-01-30,Flipkart,F8548,Accessories,Odisha,4995,5
2024-01-30,Flipkart,F5735,Clothes,Uttarakhand,2943,3
2024-01-30,Flipkart,F9059,Accessories,Maharashtra,828,3
2024-01-30,Flipkart,F5452,Accessories,Punjab,1228,2
2024-01-30,Flipkart,F5633,Accessories,Delhi,980,5
2024-01-30,Flipkart,F5109,Electronics,Kerala,672,3
2024-01-30,Flipkart,F3001,Home Decor,Assam,268,1
2024-01-31,Flipkart,F4827,Grocery,Jharkhand,2525,5
2024-01-31,Flipkart,F8429,Clothes,Tamil Nadu,928,4
2024-01-31,Flipkart,F8901,Clothes,Andhra Pradesh,188,1
2024-01-31,Flipkart,F9784,Electronics,Karnataka,350,2
2024-01-31,Flipkart,F7278,Electronics,Odisha,874,1
2024-01-31,Flipkart,F7094,Clothes,Madhya Pradesh,868,2
2024-01-31,Flipkart,F5726,Home Decor,Telangana,1115,5
2024-01-31,Flipkart,F9024,Grocery,Maharashtra,2253,3
2024-01-31,Flipkart,F6604,Electronics,Punjab,1736,2
2024-01-31,Flipkart,F5596,Accessories,Punjab,1680,3
2024-01-31,Flipkart,F1745,Electronics,West Bengal,1404,2
2024-01-31,Flipkart,F4144,Electronics,Gujarat,1998,3
2024-01-31,Flipkart,F6395,Accessories,Assam,928,2
2024-01-31,Flipkart,F9040,Clothes,Punjab,239,1
2024-01-31,Flipkart,F4405,Home Decor,Madhya Pradesh,2132,4
2024-01-31,Flipkart,F1034,Clothes,Jharkhand,2160,3
2024-01-31,Flipkart,F7052,Home Decor,Bihar,237,1
2024-01-31,Flipkart,F1314,Home Decor,Chhattisgarh,1728,2
2024-01-31,Flipkart,F8458,Grocery,Bihar,965,1
2024-01-31,Flipkart,F6350,Accessories,Kerala,4345,5
2024-01-31,Flipkart,F6619,Grocery,Karnataka,702,2
2024-01-31,Flipkart,F7066,Electronics,West Bengal,1290,2
2024-01-31,Flipkart,F3906,Accessories,Maharashtra,1100,5
2024-01-31,Flipkart,F3363,Accessories,Kerala,1974,2
2024-01-31,Flipkart,F7094,Electronics,Assam,3864,4
2024-01-31,Flipkart,F8605,Grocery,Uttarakhand,3060,4
2024-01-31,Flipkart,F8897,Accessories,Assam,380,1
2024-01-31,Flipkart,F8734,Electronics,Rajasthan,3155,5
2024-01-31,Flipkart,F9585,Electronics,Jharkhand,1398,2
2024-01-31,Flipkart,F3981,Grocery,Gujarat,1552,4
2024-01-31,Flipkart,F6576,Clothes,Tamil Nadu,732,3
2024-01-31,Flipkart,F3111,Accessories,Delhi,512,4
2024-01-31,Flipkart,F2195,Grocery,Gujarat,580,1
2024-01-31,Flipkart,F2705,Grocery,Telangana,3196,4
2024-01-31,Flipkart,F3595,Accessories,Bihar,503,1
2024-01-31,Flipkart,F2544,Accessories,Karnataka,3885,5
2024-01-31,Flipkart,F7713,Grocery,Uttar Pradesh,804,1
2024-01-31,Flipkart,F6470,Electronics,Delhi,1002,2
2024-01-31,Flipkart,F5819,Home Decor,Gujarat,885,1
2024-02-01,Flipkart,F2751,Clothes,Odisha,885,3
2024-02-01,Flipkart,F4545,Clothes,Punjab,1048,4
2024-02-01,Flipkart,F6050,Grocery,Karnataka,3220,5
2024-02-01,Flipkart,F9592,Home Decor,West Bengal,3880,5
2024-02-01,Flipkart,F7779,Clothes,Tamil Nadu,655,1
2024-02-01,Flipkart,F1794,Grocery,Uttar Pradesh,117,1
2024-02-01,Flipkart,F3590,Clothes,Bihar,2457,3
2024-02-01,Flipkart,F3339,Accessories,Odisha,184,1
2024-02-01,Flipkart,F2659,Electronics,Delhi,1338,3
2024-02-01,Flipkart,F1114,Electronics,Rajasthan,3090,5
2024-02-01,Flipkart,F9550,Accessories,Odisha,2295,3
2024-02-01,Flipkart,F6006,Clothes,Bihar,714,2
2024-02-01,Flipkart,F4162,Home Decor,Odisha,2324,4
2024-02-01,Flipkart,F5815,Grocery,West Bengal,1458,3
2024-02-01,Flipkart,F5305,Accessories,Jharkhand,848,4
2024-02-01,Flipkart,F7136,Grocery,Andhra Pradesh,4515,5
2024-02-01,Flipkart,F7264,Accessories,Maharashtra,1470,3
2024-02-01,Flipkart,F5911,Grocery,Andhra Pradesh,2304,3
2024-02-01,Flipkart,F2135,Electronics,Andhra Pradesh,3740,4
2024-02-01,Flipkart,F1883,Home Decor,Tamil Nadu,1114,2
2024-02-01,Flipkart,F7007,Accessories,Madhya Pradesh,228,2
2024-02-01,Flipkart,F9169,Electronics,Kerala,1570,5
2024-02-01,Flipkart,F1547,Accessories,Chhattisgarh,1060,5
2024-02-01,Flipkart,F9802,Home Decor,Odisha,4675,5
2024-02-01,Flipkart,F5188,Grocery,Tamil Nadu,2895,5
2024-02-01,Flipkart,F6774,Electronics,Karnataka,752,1
2024-02-01,Flipkart,F7236,Home Decor,Andhra Pradesh,1486,2
2024-02-01,Flipkart,F7327,Electronics,Rajasthan,600,4
2024-02-01,Flipkart,F4238,Accessories,Chhattisgarh,2610,3
2024-02-01,Flipkart,F7522,Home Decor,Maharashtra,829,1
2024-02-01,Flipkart,F9954,Accessories,Haryana,105,1
2024-02-01,Flipkart,F5767,Grocery,Rajasthan,1458,2
2024-02-01,Flipkart,F9367,Accessories,Tamil Nadu,1508,4
2024-02-01,Flipkart,F2887,Accessories,Uttarakhand,1436,4
2024-02-01,Flipkart,F1735,Home Decor,Maharashtra,805,5
2024-02-01,Flipkart,F4283,Electronics,Odisha,128,1
2024-02-01,Flipkart,F2460,Clothes,Uttar Pradesh,788,2
2024-02-01,Flipkart,F6873,Grocery,Rajasthan,3784,4
2024-02-01,Flipkart,F3693,Electronics,Andhra Pradesh,1194,2
2024-02-02,Flipkart,F3975,Accessories,Chhattisgarh,1576,4
2024-02-02,Flipkart,F1599,Electronics,Uttar Pradesh,607,1
2024-02-02,Flipkart,F5420,Home Decor,West Bengal,2361,3
2024-02-02,Flipkart,F1642,Accessories,Uttarakhand,627,1
2024-02-02,Flipkart,F5991,Grocery,Chhattisgarh,2564,4
2024-02-02,Flipkart,F5668,Electronics,Odisha,1154,2
2024-02-02,Flipkart,F7104,Electronics,Delhi,1202,2
2024-02-02,Flipkart,F8810,Accessories,West Bengal,1773,3
2024-02-02,Flipkart,F2717,Electronics,Uttarakhand,598,2
2024-02-02,Flipkart,F9595,Home Decor,Punjab,720,1
2024-02-02,Flipkart,F8301,Home Decor,Rajasthan,300,1
2024-02-02,Flipkart,F2420,Electronics,Tamil Nadu,1104,2
2024-02-02,Flipkart,F8123,Electronics,Maharashtra,207,1
2024-02-02,Flipkart,F3945,Accessories,Rajasthan,3710,5
2024-02-02,Flipkart,F2238,Grocery,Odisha,1324,2
2024-02-02,Flipkart,F6144,Clothes,Haryana,550,2
2024-02-02,Flipkart,F6054,Grocery,Tamil Nadu,746,2
2024-02-02,Flipkart,F9601,Grocery,Uttar Pradesh,1186,2
2024-02-02,Flipkart,F6490,Clothes,Chhattisgarh,2705,5
2024-02-02,Flipkart,F5664,Electronics,Haryana,988,2
2024-02-02,Flipkart,F3620,Clothes,Madhya Pradesh,1604,2
2024-02-02,Flipkart,F8832,Grocery,Haryana,1720,5
2024-02-02,Flipkart,F3277,Home Decor,Delhi,2610,5
2024-02-02,Flipkart,F6417,Home Decor,Karnataka,2391,3
2024-02-02,Flipkart,F7900,Grocery,Uttarakhand,3050,5
2024-02-02,Flipkart,F6272,Electronics,Punjab,309,1
2024-02-03,Flipkart,F5116,Home Decor,Telangana,436,4
2024-02-03,Flipkart,F5834,Accessories,Odisha,2910,3
2024-02-03,Flipkart,F9196,Grocery,Karnataka,1816,2
2024-02-03,Flipkart,F6556,Clothes,Madhya Pradesh,1520,2
2024-02-03,Flipkart,F2897,Home Decor,Kerala,2181,3
2024-02-03,Flipkart,F2619,Home Decor,West Bengal,3928,4
2024-02-03,Flipkart,F1256,Clothes,Kerala,1912,2
2024-02-03,Flipkart,F6602,Clothes,Assam,2364,4
2024-02-03,Flipkart,F4029,Electronics,West Bengal,1564,4
2024-02-03,Flipkart,F1628,Home Decor,Chhattisgarh,3015,5
2024-02-03,Flipkart,F2503,Home Decor,Telangana,1352,2
2024-02-03,Flipkart,F8411,Electronics,Odisha,4255,5
2024-02-03,Flipkart,F2830,Home Decor,West Bengal,1488,2
2024-02-03,Flipkart,F9777,Clothes,Andhra Pradesh,410,2
2024-02-03,Flipkart,F2160,Clothes,Chhattisgarh,1488,4
2024-02-03,Flipkart,F9731,Accessories,Maharashtra,2202,3
2024-02-03,Flipkart,F3457,Clothes,Assam,2776,4
2024-02-03,Flipkart,F8466,Accessories,Maharashtra,2385,3
2024-02-03,Flipkart,F2653,Accessories,West Bengal,1396,4
2024-02-03,Flipkart,F6583,Clothes,Chhattisgarh,3716,4
2024-02-03,Flipkart,F8375,Grocery,Maharashtra,2709,3
2024-02-03,Flipkart,F6806,Home Decor,Kerala,888,4
2024-02-03,Flipkart,F6022,Grocery,Delhi,878,2
2024-02-03,Flipkart,F4350,Clothes,Punjab,354,1
2024-02-03,Flipkart,F6208,Home Decor,Uttarakhand,1220,4
2024-02-03,Flipkart,F1090,Grocery,Kerala,3052,4
2024-02-03,Flipkart,F2044,Home Decor,Chhattisgarh,4630,5
2024-02-03,Flipkart,F2703,Home Decor,Telangana,464,2
2024-02-03,Flipkart,F5956,Home Decor,West Bengal,910,1
2024-02-04,Flipkart,F3358,Electronics,Kerala,1850,2
2024-02-04,Flipkart,F9637,Clothes,Delhi,759,1
2024-02-04,Flipkart,F1108,Electronics,Tamil Nadu,1450,5
2024-02-04,Flipkart,F1375,Accessories,Maharashtra,897,1
2024-02-04,Flipkart,F5304,Accessories,West Bengal,2865,3
2024-02-04,Flipkart,F7997,Electronics,Madhya Pradesh,1580,4
2024-02-04,Flipkart,F8786,Home Decor,Uttarakhand,1473,3
2024-02-04,Flipkart,F3442,Electronics,Karnataka,1878,3
2024-02-04,Flipkart,F3791,Grocery,Tamil Nadu,1880,5
2024-02-04,Flipkart,F6582,Clothes,Haryana,1425,3
2024-02-04,Flipkart,F3258,Grocery,Assam,246,1
2024-02-04,Flipkart,F3812,Electronics,Kerala,2150,5
2024-02-04,Flipkart,F3369,Clothes,Telangana,219,1
2024-02-04,Flipkart,F8815,Grocery,Assam,1518,2
2024-02-04,Flipkart,F6677,Electronics,Gujarat,345,3
2024-02-04,Flipkart,F6463,Grocery,Assam,2073,3
2024-02-04,Flipkart,F8646,Grocery,Odisha,2668,4
2024-02-04,Flipkart,F5961,Grocery,Karnataka,660,3
2024-02-04,Flipkart,F7521,Electronics,Assam,2630,5
2024-02-04,Flipkart,F5845,Electronics,Madhya Pradesh,282,2
2024-02-04,Flipkart,F2836,Accessories,Delhi,2165,5
2024-02-04,Flipkart,F1278,Electronics,Haryana,1422,2
2024-02-04,Flipkart,F4201,Home Decor,Karnataka,3488,4
2024-02-04,Flipkart,F9204,Electronics,Delhi,834,1
2024-02-04,Flipkart,F6921,Grocery,Bihar,1918,2
2024-02-04,Flipkart,F5861,Home Decor,Bihar,945,5
2024-02-04,Flipkart,F3114,Electronics,Telangana,594,2
2024-02-04,Flipkart,F9099,Accessories,Telangana,1815,3
2024-02-05,Flipkart,F6353,Accessories,Haryana,2193,3
2024-02-05,Flipkart,F7083,Home Decor,Andhra Pradesh,2655,3
2024-02-05,Flipkart,F1513,Accessories,Odisha,1094,2
2024-02-05,Flipkart,F5303,Accessories,Assam,2817,3
2024-02-05,Flipkart,F5486,Accessories,Uttarakhand,1468,4
2024-02-05,Flipkart,F1254,Electronics,Delhi,3055,5
2024-02-05,Flipkart,F9736,Accessories,Telangana,100,1
2024-02-05,Flipkart,F8199,Home Decor,Bihar,1302,3
2024-02-05,Flipkart,F4411,Electronics,Uttar Pradesh,685,1
2024-02-05,Flipkart,F9969,Home Decor,West Bengal,1698,3
2024-02-05,Flipkart,F9657,Electronics,Maharashtra,520,4
2024-02-05,Flipkart,F6527,Clothes,West Bengal,1642,2
2024-02-05,Flipkart,F6998,Electronics,Uttar Pradesh,4290,5
2024-02-05,Flipkart,F1625,Accessories,West Bengal,1082,2
2024-02-05,Flipkart,F5188,Electronics,Kerala,2436,4
2024-02-05,Flipkart,F4997,Home Decor,Assam,4935,5
2024-02-05,Flipkart,F2925,Accessories,Chhattisgarh,1236,2
2024-02-05,Flipkart,F7712,Home Decor,Karnataka,2700,3
2024-02-05,Flipkart,F8364,Home Decor,Assam,699,1
2024-02-05,Flipkart,F6675,Accessories,West Bengal,438,2
2024-02-05,Flipkart,F1128,Home Decor,Punjab,353,1
2024-02-05,Flipkart,F6880,Accessories,Kerala,525,5
2024-02-05,Flipkart,F9714,Accessories,Rajasthan,2140,4
2024-02-05,Flipkart,F3173,Clothes,Gujarat,3404,4
2024-02-05,Flipkart,F6680,Home Decor,Madhya Pradesh,5000,5
2024-02-05,Flipkart,F2506,Clothes,Punjab,550,5
2024-02-05,Flipkart,F5249,Home Decor,Telangana,945,1
2024-02-05,Flipkart,F4510,Electronics,Andhra Pradesh,126,1
2024-02-05,Flipkart,F8128,Accessories,Assam,526,1
2024-02-05,Flipkart,F4251,Accessories,Gujarat,790,1
2024-02-05,Flipkart,F4634,Electronics,Andhra Pradesh,1285,5
2024-02-05,Flipkart,F6255,Home Decor,Chhattisgarh,2240,5
2024-02-05,Flipkart,F3352,Accessories,Bihar,2816,4
2024-02-05,Flipkart,F4700,Clothes,Haryana,1340,4
2024-02-05,Flipkart,F1514,Grocery,Delhi,173,1
2024-02-05,Flipkart,F7654,Grocery,Jharkhand,4365,5
2024-02-05,Flipkart,F8564,Clothes,West Bengal,2328,4
2024-02-05,Flipkart,F1169,Electronics,Gujarat,1881,3
2024-02-05,Flipkart,F2735,Clothes,Maharashtra,215,1
2024-02-06,Flipkart,F5673,Accessories,Chhattisgarh,1632,2
2024-02-06,Flipkart,F8591,Home Decor,Uttar Pradesh,323,1
2024-02-06,Flipkart,F9976,Home Decor,Assam,1392,4
2024-02-06,Flipkart,F4164,Accessories,Odisha,1896,2
2024-02-06,Flipkart,F1282,Accessories,Punjab,2157,3
2024-02-06,Flipkart,F7240,Clothes,Chhattisgarh,100,1
2024-02-06,Flipkart,F8703,Accessories,Gujarat,1860,3
2024-02-06,Flipkart,F6555,Grocery,Delhi,3276,4
2024-02-06,Flipkart,F4878,Clothes,Chhattisgarh,328,2
2024-02-06,Flipkart,F5901,Electronics,Kerala,1395,3
2024-02-06,Flipkart,F6105,Home Decor,Rajasthan,1078,2
2024-02-06,Flipkart,F1583,Clothes,Karnataka,1146,3
2024-02-06,Flipkart,F7991,Home Decor,Telangana,4505,5
2024-02-06,Flipkart,F2478,Grocery,Assam,2085,5
2024-02-06,Flipkart,F8042,Clothes,Andhra Pradesh,3815,5
2024-02-06,Flipkart,F3560,Home Decor,Bihar,856,1
2024-02-06,Flipkart,F7666,Home Decor,Gujarat,608,4
2024-02-06,Flipkart,F7319,Clothes,Karnataka,3420,5
2024-02-06,Flipkart,F9867,Electronics,Punjab,1676,4
2024-02-06,Flipkart,F5467,Accessories,Tamil Nadu,1500,5
2024-02-06,Flipkart,F9832,Electronics,Rajasthan,4560,5
2024-02-06,Flipkart,F4343,Home Decor,Andhra Pradesh,4750,5
2024-02-06,Flipkart,F6395,Clothes,Gujarat,797,1
2024-02-06,Flipkart,F2555,Grocery,Andhra Pradesh,1065,5
2024-02-06,Flipkart,F7532,Grocery,Delhi,2229,3
2024-02-06,Flipkart,F4524,Accessories,Andhra Pradesh,2247,3
2024-02-06,Flipkart,F8044,Clothes,Punjab,2144,4
2024-02-06,Flipkart,F1676,Accessories,Andhra Pradesh,1830,3
2024-02-06,Flipkart,F9327,Home Decor,Maharashtra,1137,3
2024-02-06,Flipkart,F9333,Electronics,Assam,1876,2
2024-02-06,Flipkart,F8951,Home Decor,Odisha,2490,3
2024-02-06,Flipkart,F6121,Accessories,Karnataka,984,2
2024-02-06,Flipkart,F8343,Home Decor,Maharashtra,623,1
2024-02-06,Flipkart,F7982,Accessories,Madhya Pradesh,1790,5
2024-02-06,Flipkart,F3183,Grocery,Kerala,3450,5
2024-02-06,Flipkart,F8652,Electronics,Rajasthan,1575,5
2024-02-06,Flipkart,F3621,Home Decor,West Bengal,824,1
2024-02-06,Flipkart,F2226,Electronics,Haryana,930,3
2024-02-07,Flipkart,F6524,Home Decor,Madhya Pradesh,4640,5
2024-02-07,Flipkart,F1649,Electronics,Uttarakhand,3180,5
2024-02-07,Flipkart,F8583,Electronics,Odisha,966,3
2024-02-07,Flipkart,F7487,Home Decor,Odisha,3585,5
2024-02-07,Flipkart,F1975,Accessories,Uttar Pradesh,1224,2
2024-02-07,Flipkart,F7565,Clothes,Maharashtra,605,1
2024-02-07,Flipkart,F4242,Electronics,Madhya Pradesh,566,2
2024-02-07,Flipkart,F7716,Home Decor,Kerala,803,1
2024-02-07,Flipkart,F3514,Clothes,Haryana,957,1
2024-02-07,Flipkart,F4762,Electronics,Andhra Pradesh,799,1
2024-02-07,Flipkart,F1052,Home Decor,Uttarakhand,1221,3
2024-02-07,Flipkart,F5018,Grocery,Karnataka,1120,4
2024-02-07,Flipkart,F9777,Accessories,Rajasthan,216,1
2024-02-07,Flipkart,F8048,Electronics,Delhi,960,4
2024-02-07,Flipkart,F4552,Accessories,Uttarakhand,2864,4
2024-02-07,Flipkart,F4665,Electronics,Punjab,3732,4
2024-02-07,Flipkart,F9108,Electronics,Maharashtra,516,1
2024-02-07,Flipkart,F6776,Accessories,Uttar Pradesh,670,2
2024-02-07,Flipkart,F6994,Electronics,Madhya Pradesh,762,3
2024-02-07,Flipkart,F3186,Clothes,Tamil Nadu,986,2
2024-02-07,Flipkart,F2212,Electronics,Gujarat,740,4
2024-02-07,Flipkart,F8543,Electronics,Andhra Pradesh,1698,3
2024-02-07,Flipkart,F9426,Accessories,Karnataka,1844,4
2024-02-07,Flipkart,F4574,Home Decor,Tamil Nadu,3145,5
2024-02-07,Flipkart,F3641,Clothes,Karnataka,2952,3
2024-02-07,Flipkart,F5720,Home Decor,Haryana,1428,2
2024-02-07,Flipkart,F2845,Grocery,Tamil Nadu,1460,5
2024-02-07,Flipkart,F8364,Clothes,Uttarakhand,1280,5
2024-02-07,Flipkart,F8510,Grocery,Madhya Pradesh,4290,5
2024-02-07,Flipkart,F6430,Home Decor,Chhattisgarh,842,2
2024-02-07,Flipkart,F3224,Home Decor,West Bengal,946,2
2024-02-07,Flipkart,F7405,Electronics,Chhattisgarh,1029,3
2024-02-07,Flipkart,F4422,Accessories,Punjab,2799,3
2024-02-07,Flipkart,F7124,Home Decor,Chhattisgarh,546,1
2024-02-07,Flipkart,F3419,Grocery,Chhattisgarh,574,1
2024-02-08,Flipkart,F6469,Clothes,Tamil Nadu,880,4
2024-02-08,Flipkart,F6393,Electronics,Punjab,572,4
2024-02-08,Flipkart,F6145,Grocery,Tamil Nadu,2124,3
2024-02-08,Flipkart,F2309,Grocery,Chhattisgarh,1292,4
2024-02-08,Flipkart,F3800,Grocery,Punjab,2469,3
2024-02-08,Flipkart,F8322,Grocery,Delhi,1944,3
2024-02-08,Flipkart,F2391,Electronics,West Bengal,1470,2
2024-02-08,Flipkart,F2681,Accessories,Maharashtra,1041,3
2024-02-08,Flipkart,F7964,Electronics,Uttarakhand,2103,3
2024-02-08,Flipkart,F2346,Grocery,Jharkhand,2980,5
2024-02-08,Flipkart,F8298,Clothes,Assam,2859,3
2024-02-08,Flipkart,F7919,Accessories,Tamil Nadu,118,1
2024-02-08,Flipkart,F6979,Clothes,Assam,999,3
2024-02-08,Flipkart,F9286,Home Decor,Delhi,1887,3
2024-02-08,Flipkart,F9655,Electronics,Maharashtra,170,1
2024-02-08,Flipkart,F9241,Home Decor,West Bengal,1590,2
2024-02-08,Flipkart,F4378,Grocery,Maharashtra,2300,4
2024-02-08,Flipkart,F7885,Accessories,West Bengal,2511,3
2024-02-08,Flipkart,F7488,Clothes,Bihar,2424,3
2024-02-08,Flipkart,F7799,Electronics,Andhra Pradesh,200,2
2024-02-08,Flipkart,F8527,Accessories,Gujarat,3352,4
2024-02-08,Flipkart,F6958,Accessories,Karnataka,960,2
2024-02-08,Flipkart,F4266,Home Decor,Odisha,2140,5
2024-02-08,Flipkart,F5706,Accessories,Gujarat,133,1
2024-02-08,Flipkart,F8179,Electronics,Haryana,268,1
2024-02-08,Flipkart,F6155,Grocery,Odisha,1820,5
2024-02-08,Flipkart,F7397,Grocery,West Bengal,1394,2
2024-02-08,Flipkart,F7277,Clothes,Uttar Pradesh,1548,2
2024-02-09,Flipkart,F8799,Electronics,Uttarakhand,2736,4
2024-02-09,Flipkart,F7023,Home Decor,Gujarat,4765,5
2024-02-09,Flipkart,F3222,Accessories,Haryana,1398,3
2024-02-09,Flipkart,F1364,Home Decor,Assam,1864,2
2024-02-09,Flipkart,F5852,Clothes,Rajasthan,2290,5
2024-02-09,Flipkart,F1043,Grocery,Andhra Pradesh,609,3
2024-02-09,Flipkart,F6538,Accessories,Madhya Pradesh,1623,3
2024-02-09,Flipkart,F6021,Accessories,Haryana,1935,3
2024-02-09,Flipkart,F1785,Home Decor,Madhya Pradesh,912,1
2024-02-09,Flipkart,F8925,Home Decor,Bihar,4035,5
2024-02-09,Flipkart,F4540,Home Decor,Andhra Pradesh,613,1
2024-02-09,Flipkart,F5493,Electronics,Uttarakhand,1344,2
2024-02-09,Flipkart,F4405,Electronics,West Bengal,2144,4
2024-02-09,Flipkart,F1187,Electronics,Telangana,776,2
2024-02-09,Flipkart,F8840,Grocery,Kerala,825,3
2024-02-09,Flipkart,F8406,Electronics,Rajasthan,817,1
2024-02-09,Flipkart,F4409,Clothes,Chhattisgarh,776,1
2024-02-09,Flipkart,F5882,Grocery,Delhi,1302,2
2024-02-09,Flipkart,F6350,Electronics,Maharashtra,1659,3
2024-02-09,Flipkart,F8706,Clothes,Tamil Nadu,2148,4
2024-02-09,Flipkart,F9171,Grocery,Delhi,847,1
2024-02-09,Flipkart,F9981,Home Decor,Andhra Pradesh,4315,5
2024-02-09,Flipkart,F7380,Grocery,Uttarakhand,1203,3
2024-02-09,Flipkart,F8026,Electronics,Uttarakhand,2280,5
2024-02-09,Flipkart,F2820,Clothes,West Bengal,1920,5
2024-02-09,Flipkart,F2637,Accessories,Telangana,3712,4
2024-02-09,Flipkart,F8087,Home Decor,Kerala,1034,2
2024-02-09,Flipkart,F3083,Clothes,Uttar Pradesh,304,2
2024-02-09,Flipkart,F1786,Accessories,Kerala,2436,3
2024-02-09,Flipkart,F3489,Clothes,Madhya Pradesh,752,1
2024-02-09,Flipkart,F7701,Grocery,Jharkhand,858,3
2024-02-09,Flipkart,F4460,Accessories,Andhra Pradesh,1512,4
2024-02-09,Flipkart,F9165,Electronics,Andhra Pradesh,2415,5
2024-02-09,Flipkart,F8523,Accessories,Maharashtra,3788,4
2024-02-10,Flipkart,F6964,Home Decor,Telangana,1560,3
2024-02-10,Flipkart,F8855,Electronics,Madhya Pradesh,3670,5
2024-02-10,Flipkart,F1698,Grocery,Jharkhand,3764,4
2024-02-10,Flipkart,F5261,Home Decor,Rajasthan,436,1
2024-02-10,Flipkart,F6201,Grocery,Uttarakhand,320,2
2024-02-10,Flipkart,F8072,Home Decor,Bihar,718,2
2024-02-10,Flipkart,F5805,Accessories,Tamil Nadu,346,1
2024-02-10,Flipkart,F6521,Grocery,Odisha,948,2
2024-02-10,Flipkart,F3803,Electronics,Maharashtra,1995,3
2024-02-10,Flipkart,F9534,Electronics,Uttarakhand,1262,2
2024-02-10,Flipkart,F5374,Home Decor,Assam,2811,3
2024-02-10,Flipkart,F4317,Home Decor,Uttarakhand,919,1
2024-02-10,Flipkart,F6443,Clothes,Jharkhand,1242,2
2024-02-10,Flipkart,F2152,Accessories,Madhya Pradesh,803,1
2024-02-10,Flipkart,F8220,Grocery,Odisha,3785,5
2024-02-10,Flipkart,F3187,Electronics,Maharashtra,3472,4
2024-02-10,Flipkart,F4353,Home Decor,Maharashtra,1025,5
2024-02-10,Flipkart,F9795,Clothes,Uttar Pradesh,230,2
2024-02-10,Flipkart,F2306,Grocery,Gujarat,655,1
2024-02-10,Flipkart,F6116,Electronics,Delhi,2135,5
2024-02-10,Flipkart,F2927,Grocery,Uttarakhand,1696,2
2024-02-10,Flipkart,F2254,Home Decor,Punjab,668,4
2024-02-10,Flipkart,F7306,Accessories,Kerala,917,1
2024-02-10,Flipkart,F3999,Home Decor,Telangana,970,1
2024-02-10,Flipkart,F2707,Accessories,Assam,2496,4
2024-02-10,Flipkart,F4900,Electronics,Maharashtra,984,3
2024-02-10,Flipkart,F9920,Electronics,Delhi,1318,2
2024-02-10,Flipkart,F2410,Accessories,Gujarat,513,3
2024-02-10,Flipkart,F1463,Grocery,Karnataka,700,4
2024-02-10,Flipkart,F1446,Accessories,Uttar Pradesh,354,1
2024-02-10,Flipkart,F5414,Clothes,Bihar,1330,2
2024-02-10,Flipkart,F6643,Grocery,Jharkhand,3170,5
2024-02-10,Flipkart,F1029,Clothes,Karnataka,392,2
2024-02-10,Flipkart,F5465,Clothes,Tamil Nadu,760,4
2024-02-10,Flipkart,F4261,Electronics,Maharashtra,956,2
2024-02-11,Flipkart,F7477,Accessories,Tamil Nadu,1572,3
2024-02-11,Flipkart,F9979,Electronics,Chhattisgarh,2877,3
2024-02-11,Flipkart,F9652,Clothes,Odisha,1734,2
2024-02-11,Flipkart,F4805,Accessories,Karnataka,4100,5
2024-02-11,Flipkart,F8570,Home Decor,Telangana,2982,3
2024-02-11,Flipkart,F9542,Home Decor,Telangana,1616,4
2024-02-11,Flipkart,F5112,Clothes,Haryana,1538,2
2024-02-11,Flipkart,F9867,Grocery,Jharkhand,3815,5
2024-02-11,Flipkart,F1427,Accessories,Tamil Nadu,1838,2
2024-02-11,Flipkart,F3168,Accessories,Haryana,1890,5
2024-02-11,Flipkart,F7260,Home Decor,Karnataka,772,4
2024-02-11,Flipkart,F7232,Home Decor,Madhya Pradesh,1452,3
2024-02-11,Flipkart,F6980,Grocery,Kerala,414,3
2024-02-11,Flipkart,F6662,Clothes,Andhra Pradesh,482,2
2024-02-11,Flipkart,F8537,Home Decor,Madhya Pradesh,3424,4
2024-02-11,Flipkart,F7273,Accessories,Assam,1779,3
2024-02-11,Flipkart,F3893,Clothes,Andhra Pradesh,278,1
2024-02-11,Flipkart,F6852,Electronics,Madhya Pradesh,2796,4
2024-02-11,Flipkart,F8473,Electronics,Uttarakhand,830,1
2024-02-11,Flipkart,F4103,Accessories,Rajasthan,788,2
2024-02-11,Flipkart,F5571,Home Decor,West Bengal,578,1
2024-02-11,Flipkart,F2933,Electronics,Uttarakhand,2232,3
2024-02-11,Flipkart,F1827,Accessories,Delhi,3128,4
2024-02-11,Flipkart,F8135,Home Decor,Kerala,2451,3
2024-02-11,Flipkart,F8500,Home Decor,Haryana,3764,4
2024-02-11,Flipkart,F3767,Grocery,Karnataka,2968,4
2024-02-11,Flipkart,F9107,Electronics,Andhra Pradesh,427,1
2024-02-11,Flipkart,F5892,Grocery,Telangana,988,2
2024-02-11,Flipkart,F5138,Home Decor,Bihar,476,4
2024-02-11,Flipkart,F5027,Grocery,Delhi,1682,2
2024-02-11,Flipkart,F8181,Clothes,Chhattisgarh,1412,2
2024-02-11,Flipkart,F5502,Clothes,Uttar Pradesh,915,5
2024-02-11,Flipkart,F4873,Grocery,Telangana,3064,4
2024-02-11,Flipkart,F3016,Electronics,Haryana,888,4
2024-02-11,Flipkart,F5486,Accessories,Madhya Pradesh,460,1
2024-02-12,Flipkart,F3797,Clothes,Telangana,721,1
2024-02-12,Flipkart,F8670,Grocery,Gujarat,2472,4
2024-02-12,Flipkart,F4381,Electronics,Andhra Pradesh,769,1
2024-02-12,Flipkart,F2852,Electronics,Jharkhand,935,1
2024-02-12,Flipkart,F6849,Home Decor,Assam,3180,5
2024-02-12,Flipkart,F6113,Clothes,Assam,2022,3
2024-02-12,Flipkart,F5755,Home Decor,Odisha,1960,5
2024-02-12,Flipkart,F9236,Clothes,Andhra Pradesh,1368,3
2024-02-12,Flipkart,F5834,Accessories,Kerala,884,2
2024-02-12,Flipkart,F4372,Electronics,Chhattisgarh,639,3
2024-02-12,Flipkart,F3702,Clothes,Chhattisgarh,2322,3
2024-02-12,Flipkart,F6644,Grocery,Assam,1774,2
2024-02-12,Flipkart,F2769,Home Decor,Tamil Nadu,1568,4
2024-02-12,Flipkart,F2466,Grocery,Assam,2289,3
2024-02-12,Flipkart,F6448,Grocery,Andhra Pradesh,687,3
2024-02-12,Flipkart,F9087,Clothes,West Bengal,1158,2
2024-02-12,Flipkart,F5672,Electronics,Assam,806,1
2024-02-12,Flipkart,F9190,Clothes,Gujarat,1716,4
2024-02-12,Flipkart,F8682,Grocery,Assam,1884,4
2024-02-12,Flipkart,F4237,Accessories,Punjab,4250,5
2024-02-12,Flipkart,F8366,Home Decor,Chhattisgarh,2634,3
2024-02-12,Flipkart,F9111,Clothes,Maharashtra,2574,3
2024-02-12,Flipkart,F3968,Clothes,Maharashtra,309,3
2024-02-12,Flipkart,F9785,Home Decor,Madhya Pradesh,1970,5
2024-02-12,Flipkart,F1270,Clothes,Bihar,1516,4
2024-02-12,Flipkart,F8573,Electronics,Odisha,2685,5
2024-02-12,Flipkart,F4389,Home Decor,Karnataka,3895,5
2024-02-12,Flipkart,F2643,Grocery,West Bengal,126,1
2024-02-12,Flipkart,F5605,Clothes,Andhra Pradesh,1384,2
2024-02-12,Flipkart,F8417,Accessories,Haryana,856,2
2024-02-13,Flipkart,F7628,Grocery,Jharkhand,985,5
2024-02-13,Flipkart,F2431,Accessories,Rajasthan,1608,3
2024-02-13,Flipkart,F1763,Home Decor,Telangana,2700,3
2024-02-13,Flipkart,F7223,Electronics,Bihar,644,4
2024-02-13,Flipkart,F9027,Home Decor,Gujarat,4500,5
2024-02-13,Flipkart,F9811,Accessories,Assam,2067,3
2024-02-13,Flipkart,F2609,Electronics,Haryana,2601,3
2024-02-13,Flipkart,F5313,Electronics,Telangana,3992,4
2024-02-13,Flipkart,F5491,Accessories,Jharkhand,3776,4
2024-02-13,Flipkart,F5877,Accessories,Maharashtra,2765,5
2024-02-13,Flipkart,F6772,Grocery,Karnataka,2830,5
2024-02-13,Flipkart,F5276,Grocery,Bihar,434,2
2024-02-13,Flipkart,F5442,Accessories,West Bengal,2745,3
2024-02-13,Flipkart,F5182,Accessories,Odisha,2760,3
2024-02-13,Flipkart,F8198,Home Decor,Gujarat,2586,3
2024-02-13,Flipkart,F3713,Home Decor,Maharashtra,980,2
2024-02-13,Flipkart,F8495,Electronics,Kerala,1521,3
2024-02-13,Flipkart,F7311,Electronics,Madhya Pradesh,908,1
2024-02-13,Flipkart,F2215,Home Decor,Delhi,553,1
2024-02-13,Flipkart,F3555,Home Decor,Kerala,1324,4
2024-02-13,Flipkart,F7344,Clothes,West Bengal,1752,4
2024-02-13,Flipkart,F3444,Accessories,West Bengal,226,1
2024-02-13,Flipkart,F9118,Electronics,Chhattisgarh,1720,4
2024-02-13,Flipkart,F3175,Electronics,Chhattisgarh,1992,4
2024-02-13,Flipkart,F9410,Accessories,Assam,970,2
2024-02-13,Flipkart,F9755,Accessories,West Bengal,2060,4
2024-02-14,Flipkart,F7485,Home Decor,Telangana,4840,5
2024-02-14,Flipkart,F2217,Clothes,Bihar,1580,5
2024-02-14,Flipkart,F9234,Clothes,Telangana,1882,2
2024-02-14,Flipkart,F4713,Grocery,Jharkhand,878,2
2024-02-14,Flipkart,F4062,Home Decor,Uttar Pradesh,2260,4
2024-02-14,Flipkart,F3563,Electronics,Odisha,930,5
2024-02-14,Flipkart,F2975,Home Decor,Uttarakhand,2155,5
2024-02-14,Flipkart,F2625,Clothes,Uttar Pradesh,477,3
2024-02-14,Flipkart,F5176,Home Decor,Delhi,1635,5
2024-02-14,Flipkart,F9522,Electronics,Uttar Pradesh,1200,2
2024-02-14,Flipkart,F2806,Home Decor,Gujarat,2780,5
2024-02-14,Flipkart,F3295,Grocery,Gujarat,3064,4
2024-02-14,Flipkart,F4026,Grocery,Chhattisgarh,998,1
2024-02-14,Flipkart,F7785,Grocery,Telangana,3425,5
2024-02-14,Flipkart,F3996,Accessories,Punjab,1620,2
2024-02-14,Flipkart,F8468,Clothes,Uttarakhand,4260,5
2024-02-14,Flipkart,F4249,Grocery,Punjab,2368,4
2024-02-14,Flipkart,F2814,Home Decor,Uttarakhand,500,5
2024-02-14,Flipkart,F4909,Electronics,Delhi,1925,5
2024-02-14,Flipkart,F4830,Clothes,Chhattisgarh,1364,4
2024-02-15,Flipkart,F7838,Clothes,Assam,417,3
2024-02-15,Flipkart,F6229,Electronics,Uttarakhand,2217,3
2024-02-15,Flipkart,F4378,Home Decor,Odisha,755,5
2024-02-15,Flipkart,F2377,Grocery,Karnataka,2115,5
2024-02-15,Flipkart,F4938,Accessories,Odisha,1656,3
2024-02-15,Flipkart,F1900,Clothes,Maharashtra,4885,5
2024-02-15,Flipkart,F2783,Electronics,Punjab,1023,3
2024-02-15,Flipkart,F6356,Grocery,Jharkhand,615,1
2024-02-15,Flipkart,F1166,Accessories,Telangana,1126,2
2024-02-15,Flipkart,F9582,Clothes,Kerala,1600,2
2024-02-15,Flipkart,F7094,Grocery,Madhya Pradesh,342,2
2024-02-15,Flipkart,F8161,Home Decor,Assam,1824,3
2024-02-15,Flipkart,F1281,Electronics,Jharkhand,101,1
2024-02-15,Flipkart,F1453,Electronics,Andhra Pradesh,1484,2
2024-02-15,Flipkart,F7837,Grocery,Haryana,2913,3
2024-02-15,Flipkart,F5286,Grocery,Telangana,690,3
2024-02-15,Flipkart,F9043,Clothes,Telangana,655,1
2024-02-15,Flipkart,F3046,Clothes,Bihar,2841,3
2024-02-15,Flipkart,F1030,Electronics,Telangana,604,2
2024-02-15,Flipkart,F4013,Clothes,Karnataka,2505,5
2024-02-15,Flipkart,F7669,Grocery,Telangana,3468,4
2024-02-15,Flipkart,F5789,Accessories,Chhattisgarh,2820,3
2024-02-15,Flipkart,F5460,Accessories,Uttarakhand,1452,3
2024-02-15,Flipkart,F6657,Clothes,Punjab,856,1
2024-02-15,Flipkart,F7014,Grocery,Bihar,2980,4
2024-02-15,Flipkart,F5527,Grocery,Punjab,3290,5
2024-02-16,Flipkart,F6172,Accessories,Delhi,1296,3
2024-02-16,Flipkart,F4420,Grocery,Karnataka,3905,5
2024-02-16,Flipkart,F3918,Grocery,Uttar Pradesh,1044,2
2024-02-16,Flipkart,F8387,Grocery,West Bengal,678,3
2024-02-16,Flipkart,F2102,Home Decor,Uttarakhand,624,3
2024-02-16,Flipkart,F9305,Home Decor,Telangana,2910,3
2024-02-16,Flipkart,F2762,Accessories,Rajasthan,2949,3
2024-02-16,Flipkart,F5647,Clothes,Madhya Pradesh,1040,4
2024-02-16,Flipkart,F8794,Accessories,Telangana,646,1
2024-02-16,Flipkart,F1394,Clothes,Karnataka,4690,5
2024-02-16,Flipkart,F7707,Electronics,Assam,900,4
2024-02-16,Flipkart,F7128,Electronics,Gujarat,689,1
2024-02-16,Flipkart,F4743,Accessories,Telangana,1064,4
2024-02-16,Flipkart,F2637,Clothes,Bihar,1796,2
2024-02-16,Flipkart,F3526,Home Decor,Madhya Pradesh,2125,5
2024-02-16,Flipkart,F5322,Clothes,Madhya Pradesh,2508,3
2024-02-16,Flipkart,F8566,Grocery,Karnataka,3916,4
2024-02-16,Flipkart,F5093,Grocery,Tamil Nadu,2768,4
2024-02-16,Flipkart,F4378,Grocery,Tamil Nadu,2094,3
2024-02-16,Flipkart,F4042,Grocery,Jharkhand,1634,2
2024-02-16,Flipkart,F4265,Clothes,Gujarat,390,3
2024-02-16,Flipkart,F7468,Grocery,Andhra Pradesh,679,1
2024-02-16,Flipkart,F7694,Home Decor,Kerala,777,1
2024-02-17,Flipkart,F4761,Clothes,Assam,2740,4
2024-02-17,Flipkart,F6321,Home Decor,Telangana,4475,5
2024-02-17,Flipkart,F4342,Clothes,Assam,4430,5
2024-02-17,Flipkart,F3241,Clothes,Assam,1227,3
2024-02-17,Flipkart,F9741,Accessories,Gujarat,2400,5
2024-02-17,Flipkart,F3304,Grocery,West Bengal,775,1
2024-02-17,Flipkart,F2149,Accessories,Rajasthan,2500,4
2024-02-17,Flipkart,F7018,Grocery,Chhattisgarh,732,2
2024-02-17,Flipkart,F3419,Grocery,Bihar,1640,2
2024-02-17,Flipkart,F4050,Accessories,Uttar Pradesh,898,1
2024-02-17,Flipkart,F1218,Clothes,Chhattisgarh,4120,5
2024-02-17,Flipkart,F3571,Clothes,Kerala,1745,5
2024-02-17,Flipkart,F2114,Electronics,Bihar,883,1
2024-02-17,Flipkart,F2243,Grocery,Uttar Pradesh,846,2
2024-02-17,Flipkart,F3845,Accessories,West Bengal,644,2
2024-02-17,Flipkart,F6852,Grocery,Tamil Nadu,852,4
2024-02-17,Flipkart,F3148,Grocery,Odisha,1473,3
2024-02-17,Flipkart,F3074,Electronics,Delhi,1420,2
2024-02-17,Flipkart,F3749,Accessories,West Bengal,1465,5
2024-02-17,Flipkart,F4577,Grocery,Bihar,2612,4
2024-02-17,Flipkart,F1067,Electronics,Bihar,1244,2
2024-02-17,Flipkart,F3988,Accessories,Karnataka,1745,5
2024-02-17,Flipkart,F2935,Clothes,Odisha,4620,5
2024-02-17,Flipkart,F7015,Home Decor,Kerala,293,1
2024-02-17,Flipkart,F9271,Clothes,Odisha,2744,4
2024-02-17,Flipkart,F1657,Grocery,Bihar,1626,2
2024-02-17,Flipkart,F6313,Clothes,Chhattisgarh,1818,2
2024-02-18,Flipkart,F8893,Accessories,West Bengal,1498,2
2024-02-18,Flipkart,F1340,Electronics,Uttarakhand,1590,3
2024-02-18,Flipkart,F7645,Electronics,Uttar Pradesh,1248,4
2024-02-18,Flipkart,F5463,Grocery,Haryana,1016,4
2024-02-18,Flipkart,F6805,Electronics,Uttar Pradesh,1400,2
2024-02-18,Flipkart,F1411,Grocery,Maharashtra,3196,4
2024-02-18,Flipkart,F6016,Electronics,Uttarakhand,223,1
2024-02-18,Flipkart,F7005,Clothes,Haryana,1972,2
2024-02-18,Flipkart,F1424,Home Decor,Telangana,608,1
2024-02-18,Flipkart,F7931,Accessories,Uttar Pradesh,1827,3
2024-02-18,Flipkart,F6498,Clothes,Uttar Pradesh,1410,3
2024-02-18,Flipkart,F4464,Grocery,Delhi,1015,5
2024-02-18,Flipkart,F9600,Home Decor,Telangana,1215,3
2024-02-18,Flipkart,F3971,Electronics,Delhi,2340,4
2024-02-18,Flipkart,F2652,Accessories,Uttar Pradesh,1548,2
2024-02-18,Flipkart,F8703,Accessories,Kerala,1450,5
2024-02-18,Flipkart,F5641,Clothes,Odisha,4420,5
2024-02-18,Flipkart,F4643,Clothes,Delhi,1316,4
2024-02-18,Flipkart,F7427,Clothes,Gujarat,4615,5
2024-02-18,Flipkart,F5855,Grocery,Jharkhand,1206,3
2024-02-18,Flipkart,F2543,Home Decor,Uttarakhand,111,1
2024-02-18,Flipkart,F8746,Accessories,Rajasthan,1196,2
2024-02-18,Flipkart,F2761,Home Decor,Uttarakhand,2670,5
2024-02-18,Flipkart,F9014,Home Decor,Assam,526,1
2024-02-18,Flipkart,F9362,Grocery,Bihar,962,1
2024-02-18,Flipkart,F1795,Clothes,Uttarakhand,780,5
2024-02-18,Flipkart,F5154,Clothes,Kerala,193,1
2024-02-18,Flipkart,F7533,Accessories,Uttarakhand,2432,4
2024-02-18,Flipkart,F3975,Home Decor,Odisha,201,1
2024-02-18,Flipkart,F6508,Clothes,Uttar Pradesh,2898,3
2024-02-18,Flipkart,F1919,Home Decor,Chhattisgarh,1416,3
2024-02-18,Flipkart,F8394,Clothes,Andhra Pradesh,811,1
2024-02-18,Flipkart,F3419,Electronics,Haryana,497,1
2024-02-18,Flipkart,F7431,Home Decor,Chhattisgarh,234,1
2024-02-18,Flipkart,F6118,Accessories,Madhya Pradesh,4290,5
2024-02-18,Flipkart,F7026,Clothes,West Bengal,4890,5
2024-02-18,Flipkart,F4149,Electronics,Odisha,978,2
2024-02-18,Flipkart,F8065,Electronics,Andhra Pradesh,2991,3
2024-02-18,Flipkart,F1414,Home Decor,Maharashtra,2280,3
2024-02-18,Flipkart,F4644,Home Decor,Punjab,1352,2
2024-02-19,Flipkart,F7591,Electronics,Gujarat,124,1
2024-02-19,Flipkart,F2117,Clothes,Bihar,4535,5
2024-02-19,Flipkart,F5457,Home Decor,Delhi,1029,3
2024-02-19,Flipkart,F8474,Accessories,Delhi,3435,5
2024-02-19,Flipkart,F8386,Clothes,Tamil Nadu,208,1
2024-02-19,Flipkart,F9773,Home Decor,Haryana,1826,2
2024-02-19,Flipkart,F5934,Clothes,Madhya Pradesh,1803,3
2024-02-19,Flipkart,F3711,Home Decor,Madhya Pradesh,619,1
2024-02-19,Flipkart,F3104,Electronics,Madhya Pradesh,2052,3
2024-02-19,Flipkart,F3475,Electronics,Uttarakhand,1775,5
2024-02-19,Flipkart,F2321,Electronics,Kerala,362,1
2024-02-19,Flipkart,F5809,Grocery,Bihar,2526,3
2024-02-19,Flipkart,F1164,Electronics,Punjab,822,1
2024-02-19,Flipkart,F9561,Home Decor,Kerala,256,1
2024-02-19,Flipkart,F9451,Clothes,Uttar Pradesh,1232,2
2024-02-19,Flipkart,F1174,Grocery,Haryana,894,2
2024-02-19,Flipkart,F7751,Accessories,Chhattisgarh,965,5
2024-02-19,Flipkart,F2235,Home Decor,Odisha,716,1
2024-02-19,Flipkart,F6219,Electronics,Gujarat,1782,2
2024-02-19,Flipkart,F6856,Home Decor,Telangana,640,5
2024-02-19,Flipkart,F1696,Home Decor,Uttar Pradesh,3388,4
2024-02-19,Flipkart,F1175,Accessories,Jharkhand,350,2
2024-02-19,Flipkart,F1399,Grocery,Tamil Nadu,3400,4
2024-02-19,Flipkart,F5942,Clothes,West Bengal,2412,3
2024-02-19,Flipkart,F6137,Electronics,Haryana,533,1
2024-02-19,Flipkart,F4171,Clothes,Delhi,353,1
2024-02-19,Flipkart,F3703,Home Decor,Haryana,2637,3
2024-02-19,Flipkart,F2637,Grocery,Kerala,402,3
2024-02-19,Flipkart,F6191,Clothes,Odisha,1350,3
2024-02-19,Flipkart,F2453,Electronics,Haryana,230,2
2024-02-19,Flipkart,F1919,Electronics,Chhattisgarh,1752,4
2024-02-20,Flipkart,F7448,Home Decor,Punjab,1904,4
2024-02-20,Flipkart,F5740,Grocery,Rajasthan,4035,5
2024-02-20,Flipkart,F7439,Electronics,West Bengal,399,3
2024-02-20,Flipkart,F6243,Accessories,West Bengal,1938,2
2024-02-20,Flipkart,F3309,Accessories,Uttar Pradesh,1972,4
2024-02-20,Flipkart,F8596,Electronics,West Bengal,1263,3
2024-02-20,Flipkart,F7828,Accessories,Karnataka,3235,5
2024-02-20,Flipkart,F5002,Home Decor,Gujarat,3660,5
2024-02-20,Flipkart,F4787,Grocery,Rajasthan,316,2
2024-02-20,Flipkart,F6110,Grocery,Punjab,2502,3
2024-02-20,Flipkart,F6090,Accessories,Telangana,1076,2
2024-02-20,Flipkart,F2729,Accessories,Uttarakhand,2944,4
2024-02-20,Flipkart,F8617,Grocery,Uttar Pradesh,678,1
2024-02-20,Flipkart,F4982,Home Decor,Odisha,2212,4
2024-02-20,Flipkart,F5952,Accessories,Karnataka,1474,2
2024-02-20,Flipkart,F6045,Electronics,Uttar Pradesh,3344,4
2024-02-20,Flipkart,F8374,Home Decor,Bihar,244,2
2024-02-20,Flipkart,F3969,Electronics,Madhya Pradesh,1458,2
2024-02-20,Flipkart,F1594,Grocery,Maharashtra,1980,4
2024-02-20,Flipkart,F8954,Grocery,Andhra Pradesh,918,1
2024-02-20,Flipkart,F9566,Grocery,Madhya Pradesh,685,5
2024-02-20,Flipkart,F3955,Clothes,Karnataka,3990,5
2024-02-20,Flipkart,F5558,Grocery,Karnataka,429,3
2024-02-20,Flipkart,F2727,Clothes,Telangana,1428,3
2024-02-20,Flipkart,F2096,Clothes,Punjab,3068,4
2024-02-20,Flipkart,F5333,Clothes,Jharkhand,1104,4
2024-02-20,Flipkart,F3182,Clothes,Delhi,890,5
2024-02-20,Flipkart,F9507,Electronics,Madhya Pradesh,130,1
2024-02-20,Flipkart,F6005,Grocery,Gujarat,677,1
2024-02-20,Flipkart,F7856,Grocery,Madhya Pradesh,796,1
2024-02-20,Flipkart,F5539,Electronics,Haryana,4765,5
2024-02-20,Flipkart,F8263,Clothes,Chhattisgarh,3990,5
2024-02-20,Flipkart,F8260,Accessories,Karnataka,2640,5
2024-02-20,Flipkart,F9940,Grocery,Delhi,1833,3
2024-02-20,Flipkart,F6220,Grocery,Rajasthan,2025,5
2024-02-20,Flipkart,F1227,Accessories,Telangana,2224,4
2024-02-21,Flipkart,F6040,Clothes,Assam,696,2
2024-02-21,Flipkart,F9896,Electronics,Chhattisgarh,2838,3
2024-02-21,Flipkart,F2254,Clothes,Rajasthan,696,2
2024-02-21,Flipkart,F5029,Home Decor,Andhra Pradesh,405,3
2024-02-21,Flipkart,F3465,Electronics,Delhi,2190,3
2024-02-21,Flipkart,F5561,Home Decor,Kerala,3612,4
2024-02-21,Flipkart,F5917,Clothes,Telangana,3368,4
2024-02-21,Flipkart,F1425,Clothes,Rajasthan,3964,4
2024-02-21,Flipkart,F3131,Grocery,Haryana,220,2
2024-02-21,Flipkart,F7074,Clothes,Telangana,2187,3
2024-02-21,Flipkart,F4240,Grocery,Bihar,157,1
2024-02-21,Flipkart,F8953,Electronics,Maharashtra,1732,2
2024-02-21,Flipkart,F2062,Clothes,Madhya Pradesh,1656,2
2024-02-21,Flipkart,F7005,Home Decor,Chhattisgarh,1702,2
2024-02-21,Flipkart,F4488,Clothes,Andhra Pradesh,1646,2
2024-02-21,Flipkart,F8547,Electronics,Rajasthan,494,1
2024-02-21,Flipkart,F9465,Electronics,Telangana,1540,2
2024-02-21,Flipkart,F9179,Accessories,Madhya Pradesh,842,2
2024-02-21,Flipkart,F9012,Electronics,Kerala,2076,3
2024-02-21,Flipkart,F6872,Home Decor,Kerala,1898,2
2024-02-21,Flipkart,F5646,Clothes,Andhra Pradesh,436,4
2024-02-21,Flipkart,F8849,Accessories,Madhya Pradesh,674,2
2024-02-21,Flipkart,F1113,Clothes,Andhra Pradesh,911,1
2024-02-21,Flipkart,F2161,Electronics,Bihar,506,2
2024-02-21,Flipkart,F1432,Clothes,Jharkhand,3516,4
2024-02-21,Flipkart,F3092,Grocery,Kerala,2940,3
2024-02-21,Flipkart,F8762,Accessories,Gujarat,1586,2
2024-02-21,Flipkart,F4241,Grocery,Punjab,588,2
2024-02-22,Flipkart,F3634,Accessories,Assam,1490,5
2024-02-22,Flipkart,F9344,Home Decor,West Bengal,268,1
2024-02-22,Flipkart,F2344,Electronics,Gujarat,2448,3
2024-02-22,Flipkart,F3900,Home Decor,Bihar,690,1
2024-02-22,Flipkart,F9392,Accessories,Tamil Nadu,161,1
2024-02-22,Flipkart,F1311,Accessories,Odisha,3628,4
2024-02-22,Flipkart,F7109,Electronics,Kerala,3680,5
2024-02-22,Flipkart,F9384,Home Decor,Assam,994,1
2024-02-22,Flipkart,F2211,Grocery,Assam,3085,5
2024-02-22,Flipkart,F8059,Grocery,Jharkhand,714,3
2024-02-22,Flipkart,F1612,Home Decor,Haryana,612,4
2024-02-22,Flipkart,F4202,Grocery,Karnataka,2508,4
2024-02-22,Flipkart,F1804,Grocery,Tamil Nadu,958,1
2024-02-22,Flipkart,F1262,Clothes,Kerala,340,2
2024-02-22,Flipkart,F7020,Home Decor,Uttarakhand,1720,4
2024-02-22,Flipkart,F7416,Accessories,Kerala,1145,5
2024-02-22,Flipkart,F3592,Accessories,Jharkhand,960,4
2024-02-22,Flipkart,F7507,Electronics,Andhra Pradesh,872,2
2024-02-22,Flipkart,F2865,Accessories,Kerala,698,1
2024-02-22,Flipkart,F6661,Clothes,Haryana,3110,5
2024-02-22,Flipkart,F9135,Grocery,Maharashtra,4405,5
2024-02-22,Flipkart,F8387,Home Decor,Jharkhand,2705,5
2024-02-22,Flipkart,F5958,Clothes,Maharashtra,768,3
2024-02-22,Flipkart,F4710,Grocery,West Bengal,1806,3
2024-02-22,Flipkart,F4500,Clothes,Haryana,954,3
2024-02-22,Flipkart,F8894,Home Decor,Gujarat,2469,3
2024-02-23,Flipkart,F1417,Accessories,Haryana,972,4
2024-02-23,Flipkart,F8377,Home Decor,Haryana,3660,5
2024-02-23,Flipkart,F4578,Home Decor,Uttar Pradesh,580,5
2024-02-23,Flipkart,F3559,Home Decor,Kerala,2784,3
2024-02-23,Flipkart,F7830,Accessories,Maharashtra,2004,4
2024-02-23,Flipkart,F5491,Clothes,Tamil Nadu,1495,5
2024-02-23,Flipkart,F4169,Electronics,Tamil Nadu,2952,4
2024-02-23,Flipkart,F1668,Grocery,Assam,379,1
2024-02-23,Flipkart,F3445,Home Decor,Kerala,594,2
2024-02-23,Flipkart,F8538,Grocery,Uttarakhand,442,2
2024-02-23,Flipkart,F7895,Home Decor,Uttar Pradesh,3832,4
2024-02-23,Flipkart,F7977,Clothes,Tamil Nadu,3820,4
2024-02-23,Flipkart,F1551,Clothes,Andhra Pradesh,630,2
2024-02-23,Flipkart,F8712,Home Decor,Rajasthan,1588,4
2024-02-23,Flipkart,F8991,Clothes,Delhi,1224,3
2024-02-23,Flipkart,F1199,Electronics,Haryana,1503,3
2024-02-23,Flipkart,F3910,Home Decor,Tamil Nadu,1194,3
2024-02-23,Flipkart,F7543,Electronics,Karnataka,203,1
2024-02-23,Flipkart,F2249,Accessories,Delhi,1902,3
2024-02-23,Flipkart,F6885,Clothes,Jharkhand,717,3
2024-02-23,Flipkart,F7483,Clothes,Uttar Pradesh,2271,3
2024-02-23,Flipkart,F4900,Accessories,Tamil Nadu,2624,4
2024-02-23,Flipkart,F7271,Accessories,Madhya Pradesh,1816,4
2024-02-23,Flipkart,F6342,Accessories,Karnataka,473,1
2024-02-23,Flipkart,F9867,Clothes,Chhattisgarh,519,3
2024-02-23,Flipkart,F5578,Electronics,Rajasthan,2745,5
2024-02-23,Flipkart,F6606,Grocery,Tamil Nadu,3105,5
2024-02-23,Flipkart,F3830,Electronics,Madhya Pradesh,440,1
2024-02-23,Flipkart,F6373,Home Decor,Jharkhand,2948,4
2024-02-23,Flipkart,F1803,Electronics,Assam,274,1
2024-02-23,Flipkart,F2469,Clothes,Gujarat,774,2
2024-02-24,Flipkart,F5778,Home Decor,Punjab,1325,5
2024-02-24,Flipkart,F3607,Grocery,Uttar Pradesh,1980,5
2024-02-24,Flipkart,F5802,Electronics,Rajasthan,1725,5
2024-02-24,Flipkart,F2795,Electronics,Telangana,2640,3
2024-02-24,Flipkart,F8064,Home Decor,Andhra Pradesh,2185,5
2024-02-24,Flipkart,F3530,Grocery,Punjab,1680,2
2024-02-24,Flipkart,F6855,Electronics,Haryana,913,1
2024-02-24,Flipkart,F4373,Electronics,Kerala,2485,5
2024-02-24,Flipkart,F3067,Home Decor,Jharkhand,1788,4
2024-02-24,Flipkart,F8455,Clothes,Andhra Pradesh,1086,3
2024-02-24,Flipkart,F8133,Accessories,Punjab,745,5
2024-02-24,Flipkart,F5529,Grocery,Madhya Pradesh,741,1
2024-02-24,Flipkart,F5958,Accessories,Chhattisgarh,739,1
2024-02-24,Flipkart,F8603,Grocery,Haryana,1796,2
2024-02-24,Flipkart,F7878,Accessories,Uttarakhand,376,2
2024-02-24,Flipkart,F7875,Clothes,Maharashtra,1680,3
2024-02-24,Flipkart,F3669,Accessories,Rajasthan,745,5
2024-02-24,Flipkart,F4987,Clothes,Delhi,512,4
2024-02-24,Flipkart,F1545,Accessories,Haryana,1952,4
2024-02-24,Flipkart,F9899,Home Decor,Tamil Nadu,930,1
2024-02-24,Flipkart,F2435,Accessories,Chhattisgarh,2502,3
2024-02-24,Flipkart,F8817,Electronics,Assam,1852,4
2024-02-24,Flipkart,F1020,Home Decor,Andhra Pradesh,254,1
2024-02-24,Flipkart,F5594,Home Decor,West Bengal,916,2
2024-02-24,Flipkart,F8657,Clothes,Delhi,1036,4
2024-02-24,Flipkart,F1023,Clothes,Punjab,507,1
2024-02-24,Flipkart,F5921,Home Decor,Gujarat,4510,5
2024-02-24,Flipkart,F5258,Clothes,Haryana,3740,4
2024-02-24,Flipkart,F1580,Grocery,Gujarat,2559,3
2024-02-24,Flipkart,F1248,Home Decor,Bihar,1130,5
2024-02-24,Flipkart,F4613,Electronics,Karnataka,4390,5
2024-02-24,Flipkart,F1681,Grocery,Delhi,3516,4
2024-02-24,Flipkart,F5259,Grocery,Telangana,2694,3
2024-02-24,Flipkart,F4857,Home Decor,Chhattisgarh,1420,2
2024-02-24,Flipkart,F5419,Grocery,Karnataka,3420,5
2024-02-25,Flipkart,F7819,Electronics,Assam,3265,5
2024-02-25,Flipkart,F2835,Electronics,Karnataka,1900,2
2024-02-25,Flipkart,F9173,Grocery,Punjab,1236,2
2024-02-25,Flipkart,F3202,Electronics,Andhra Pradesh,442,1
2024-02-25,Flipkart,F1756,Electronics,Telangana,1742,2
2024-02-25,Flipkart,F1115,Electronics,Chhattisgarh,699,1
2024-02-25,Flipkart,F2060,Electronics,Uttar Pradesh,1794,2
2024-02-25,Flipkart,F3971,Electronics,Haryana,788,1
2024-02-25,Flipkart,F8298,Accessories,West Bengal,1726,2
2024-02-25,Flipkart,F5893,Grocery,Maharashtra,726,1
2024-02-25,Flipkart,F7957,Grocery,Bihar,1895,5
2024-02-25,Flipkart,F3515,Home Decor,Punjab,2658,3
2024-02-25,Flipkart,F5415,Electronics,Maharashtra,312,3
2024-02-25,Flipkart,F5990,Electronics,Jharkhand,216,2
2024-02-25,Flipkart,F9971,Home Decor,Uttar Pradesh,3250,5
2024-02-25,Flipkart,F8855,Electronics,Kerala,1796,2
2024-02-25,Flipkart,F8155,Electronics,Uttarakhand,1785,5
2024-02-25,Flipkart,F1192,Electronics,Haryana,1482,3
2024-02-25,Flipkart,F1310,Grocery,Tamil Nadu,498,3
2024-02-25,Flipkart,F9789,Accessories,Andhra Pradesh,490,1
2024-02-25,Flipkart,F3444,Clothes,Madhya Pradesh,822,1
2024-02-25,Flipkart,F9894,Clothes,Chhattisgarh,3376,4
2024-02-25,Flipkart,F6365,Clothes,Chhattisgarh,1438,2
2024-02-25,Flipkart,F5068,Electronics,Bihar,820,5
2024-02-25,Flipkart,F8947,Clothes,Gujarat,780,5
2024-02-25,Flipkart,F3287,Clothes,Maharashtra,2784,4
2024-02-25,Flipkart,F3452,Clothes,Odisha,1821,3
2024-02-25,Flipkart,F7656,Electronics,Gujarat,2223,3
2024-02-25,Flipkart,F8240,Electronics,Haryana,2928,3
2024-02-25,Flipkart,F6653,Clothes,Kerala,1264,4
2024-02-25,Flipkart,F6906,Grocery,Jharkhand,1576,4
2024-02-25,Flipkart,F5877,Accessories,Jharkhand,765,3
2024-02-25,Flipkart,F9559,Accessories,Uttar Pradesh,1206,3
2024-02-25,Flipkart,F9913,Accessories,Gujarat,206,1
2024-02-25,Flipkart,F9915,Accessories,Rajasthan,3685,5
2024-02-26,Flipkart,F2584,Clothes,Chhattisgarh,3792,4
2024-02-26,Flipkart,F2584,Grocery,Uttar Pradesh,610,1
2024-02-26,Flipkart,F9086,Home Decor,Punjab,707,1
2024-02-26,Flipkart,F8894,Electronics,Kerala,880,5
2024-02-26,Flipkart,F6671,Clothes,Rajasthan,856,1
2024-02-26,Flipkart,F2281,Accessories,Punjab,908,4
2024-02-26,Flipkart,F7079,Clothes,Uttarakhand,2298,3
2024-02-26,Flipkart,F9462,Grocery,Uttar Pradesh,2040,4
2024-02-26,Flipkart,F6944,Clothes,Tamil Nadu,3920,4
2024-02-26,Flipkart,F3167,Accessories,Maharashtra,1332,4
2024-02-26,Flipkart,F8225,Electronics,West Bengal,1640,5
2024-02-26,Flipkart,F4698,Home Decor,Delhi,1644,3
2024-02-26,Flipkart,F7158,Grocery,Maharashtra,710,5
2024-02-26,Flipkart,F5625,Electronics,Madhya Pradesh,770,1
2024-02-26,Flipkart,F8251,Electronics,Chhattisgarh,1551,3
2024-02-26,Flipkart,F5250,Grocery,Madhya Pradesh,2619,3
2024-02-26,Flipkart,F8266,Grocery,Madhya Pradesh,836,2
2024-02-26,Flipkart,F8617,Accessories,Maharashtra,448,4
2024-02-26,Flipkart,F1702,Accessories,Rajasthan,943,1
2024-02-26,Flipkart,F3682,Clothes,Uttar Pradesh,222,2
2024-02-26,Flipkart,F9123,Home Decor,Uttarakhand,3180,4
2024-02-26,Flipkart,F9662,Grocery,Rajasthan,2635,5
2024-02-26,Flipkart,F5267,Grocery,Tamil Nadu,537,1
2024-02-26,Flipkart,F4922,Electronics,Chhattisgarh,2608,4
2024-02-26,Flipkart,F1345,Electronics,Delhi,256,1
2024-02-26,Flipkart,F4645,Home Decor,Gujarat,3270,5
2024-02-26,Flipkart,F6213,Clothes,Madhya Pradesh,1800,3
2024-02-26,Flipkart,F4177,Accessories,Chhattisgarh,3305,5
2024-02-27,Flipkart,F7170,Accessories,Madhya Pradesh,4200,5
2024-02-27,Flipkart,F2013,Grocery,Gujarat,4870,5
2024-02-27,Flipkart,F9306,Accessories,Gujarat,620,1
2024-02-27,Flipkart,F1333,Grocery,Delhi,1200,3
2024-02-27,Flipkart,F1297,Accessories,Maharashtra,2193,3
2024-02-27,Flipkart,F8600,Electronics,Haryana,3352,4
2024-02-27,Flipkart,F1844,Accessories,Uttarakhand,1585,5
2024-02-27,Flipkart,F6399,Home Decor,Rajasthan,663,1
2024-02-27,Flipkart,F2892,Home Decor,Haryana,820,1
2024-02-27,Flipkart,F2740,Grocery,Bihar,363,1
2024-02-27,Flipkart,F8797,Electronics,Kerala,528,1
2024-02-27,Flipkart,F3121,Clothes,Haryana,893,1
2024-02-27,Flipkart,F6057,Clothes,Punjab,2196,4
2024-02-27,Flipkart,F7512,Clothes,Madhya Pradesh,549,3
2024-02-27,Flipkart,F4881,Home Decor,Odisha,614,1
2024-02-27,Flipkart,F2544,Electronics,Punjab,747,3
2024-02-27,Flipkart,F9617,Clothes,Andhra Pradesh,3804,4
2024-02-27,Flipkart,F1864,Home Decor,Rajasthan,4525,5
2024-02-27,Flipkart,F2019,Home Decor,West Bengal,3300,4
2024-02-27,Flipkart,F9843,Clothes,Bihar,1248,2
2024-02-27,Flipkart,F7986,Clothes,Punjab,3245,5
2024-02-27,Flipkart,F4109,Clothes,Kerala,2148,3
2024-02-27,Flipkart,F5289,Clothes,Telangana,1380,5
2024-02-27,Flipkart,F4021,Home Decor,Uttarakhand,483,3
2024-02-27,Flipkart,F9001,Accessories,Delhi,444,3
2024-02-27,Flipkart,F7199,Grocery,Rajasthan,513,1
2024-02-27,Flipkart,F3580,Electronics,Andhra Pradesh,1782,3
2024-02-27,Flipkart,F6496,Electronics,Rajasthan,862,2
2024-02-27,Flipkart,F4179,Accessories,Rajasthan,3456,4
2024-02-27,Flipkart,F2254,Clothes,West Bengal,2630,5
2024-02-27,Flipkart,F2294,Grocery,Jharkhand,1286,2
2024-02-27,Flipkart,F8306,Accessories,Bihar,1216,2
2024-02-27,Flipkart,F6453,Electronics,Delhi,670,1
2024-02-27,Flipkart,F4040,Electronics,Odisha,1458,2
2024-02-27,Flipkart,F2138,Clothes,West Bengal,670,2
2024-02-27,Flipkart,F8586,Grocery,Assam,563,1
2024-02-27,Flipkart,F7961,Clothes,Haryana,672,4
2024-02-27,Flipkart,F7973,Clothes,Rajasthan,2547,3
2024-02-27,Flipkart,F1547,Home Decor,Kerala,2460,3
2024-02-27,Flipkart,F1214,Clothes,Punjab,312,3
2024-02-28,Flipkart,F2376,Home Decor,Andhra Pradesh,2560,4
2024-02-28,Flipkart,F1273,Home Decor,Uttarakhand,1130,2
2024-02-28,Flipkart,F5408,Clothes,Odisha,1642,2
2024-02-28,Flipkart,F7131,Clothes,Andhra Pradesh,696,3
2024-02-28,Flipkart,F7797,Accessories,Rajasthan,2056,4
2024-02-28,Flipkart,F5577,Accessories,Madhya Pradesh,414,1
2024-02-28,Flipkart,F5086,Home Decor,Bihar,200,1
2024-02-28,Flipkart,F8347,Electronics,Karnataka,1075,5
2024-02-28,Flipkart,F6500,Grocery,Delhi,1028,4
2024-02-28,Flipkart,F1117,Grocery,West Bengal,1870,2
2024-02-28,Flipkart,F2737,Clothes,Chhattisgarh,716,1
2024-02-28,Flipkart,F4429,Grocery,Tamil Nadu,2590,5
2024-02-28,Flipkart,F9696,Clothes,Uttarakhand,1944,3
2024-02-28,Flipkart,F3696,Home Decor,Rajasthan,1690,5
2024-02-28,Flipkart,F2702,Grocery,Jharkhand,394,2
2024-02-28,Flipkart,F2494,Clothes,Haryana,280,1
2024-02-28,Flipkart,F9249,Home Decor,Uttarakhand,1455,3
2024-02-28,Flipkart,F3095,Grocery,West Bengal,714,1
2024-02-28,Flipkart,F1331,Accessories,Madhya Pradesh,780,2
2024-02-28,Flipkart,F6452,Clothes,Tamil Nadu,1222,2
2024-02-28,Flipkart,F6957,Grocery,Tamil Nadu,800,5
2024-02-28,Flipkart,F1840,Grocery,Gujarat,708,3
2024-02-28,Flipkart,F6244,Home Decor,Delhi,792,4
2024-02-28,Flipkart,F2222,Clothes,Assam,333,1
2024-02-28,Flipkart,F7450,Home Decor,Karnataka,197,1
2024-02-28,Flipkart,F7701,Home Decor,Punjab,1602,3
2024-02-28,Flipkart,F3877,Clothes,Madhya Pradesh,1220,2
2024-02-28,Flipkart,F5446,Home Decor,West Bengal,1251,3
2024-02-28,Flipkart,F8717,Electronics,Andhra Pradesh,853,1
2024-02-28,Flipkart,F4130,Accessories,Kerala,1410,5
2024-02-29,Flipkart,F2060,Accessories,Delhi,874,1
2024-02-29,Flipkart,F3280,Home Decor,Tamil Nadu,1983,3
2024-02-29,Flipkart,F5100,Grocery,Rajasthan,2292,3
2024-02-29,Flipkart,F8960,Clothes,Madhya Pradesh,868,1
2024-02-29,Flipkart,F9512,Electronics,Punjab,215,1
2024-02-29,Flipkart,F3083,Home Decor,Maharashtra,1490,5
2024-02-29,Flipkart,F3429,Home Decor,Rajasthan,660,5
2024-02-29,Flipkart,F8750,Clothes,Andhra Pradesh,685,1
2024-02-29,Flipkart,F1577,Home Decor,Maharashtra,159,1
2024-02-29,Flipkart,F3361,Clothes,Haryana,2680,4
2024-02-29,Flipkart,F3681,Clothes,Karnataka,1743,3
2024-02-29,Flipkart,F2331,Home Decor,Uttar Pradesh,1335,3
2024-02-29,Flipkart,F1093,Home Decor,West Bengal,1212,2
2024-02-29,Flipkart,F3913,Clothes,Odisha,1900,4
2024-02-29,Flipkart,F5330,Home Decor,Gujarat,3000,5
2024-02-29,Flipkart,F6969,Home Decor,Andhra Pradesh,670,2
2024-02-29,Flipkart,F3684,Clothes,Telangana,1628,4
2024-02-29,Flipkart,F6190,Clothes,Tamil Nadu,1364,4
2024-02-29,Flipkart,F6721,Accessories,Delhi,4455,5
2024-02-29,Flipkart,F2775,Clothes,Maharashtra,2541,3
2024-02-29,Flipkart,F9505,Home Decor,Rajasthan,851,1
2024-03-01,Flipkart,F6461,Accessories,Haryana,1174,2
2024-03-01,Flipkart,F3001,Home Decor,Jharkhand,895,1
2024-03-01,Flipkart,F6511,Electronics,Madhya Pradesh,255,1
2024-03-01,Flipkart,F2658,Grocery,Delhi,2565,3
2024-03-01,Flipkart,F3717,Grocery,Punjab,1839,3
2024-03-01,Flipkart,F7416,Clothes,Odisha,4480,5
2024-03-01,Flipkart,F6074,Electronics,Punjab,1254,2
2024-03-01,Flipkart,F5868,Accessories,Punjab,1416,3
2024-03-01,Flipkart,F5817,Grocery,Haryana,903,3
2024-03-01,Flipkart,F7471,Clothes,Madhya Pradesh,3188,4
2024-03-01,Flipkart,F9442,Clothes,Telangana,3096,4
2024-03-01,Flipkart,F8416,Accessories,Uttarakhand,851,1
2024-03-01,Flipkart,F1192,Grocery,West Bengal,4160,5
2024-03-01,Flipkart,F3501,Clothes,Madhya Pradesh,3884,4
2024-03-01,Flipkart,F5711,Clothes,Uttar Pradesh,624,4
2024-03-01,Flipkart,F7562,Clothes,Kerala,868,2
2024-03-01,Flipkart,F7497,Home Decor,Haryana,273,1
2024-03-01,Flipkart,F3658,Home Decor,Karnataka,544,1
2024-03-01,Flipkart,F7194,Accessories,Kerala,1036,4
2024-03-01,Flipkart,F5406,Clothes,Delhi,2094,3
2024-03-01,Flipkart,F7631,Grocery,Gujarat,2036,4
2024-03-01,Flipkart,F8471,Clothes,Jharkhand,2495,5
2024-03-01,Flipkart,F9366,Clothes,Bihar,2408,4
2024-03-01,Flipkart,F3957,Clothes,Telangana,1688,4
2024-03-01,Flipkart,F7748,Accessories,Punjab,500,4
2024-03-01,Flipkart,F6363,Home Decor,Delhi,2980,5
2024-03-01,Flipkart,F7903,Electronics,Rajasthan,1400,5
2024-03-01,Flipkart,F7691,Accessories,Maharashtra,1026,2
2024-03-02,Flipkart,F6878,Electronics,Maharashtra,980,1
2024-03-02,Flipkart,F8006,Grocery,Uttarakhand,3604,4
2024-03-02,Flipkart,F2487,Clothes,Uttarakhand,2700,3
2024-03-02,Flipkart,F9398,Clothes,Bihar,1290,3
2024-03-02,Flipkart,F5388,Clothes,Maharashtra,2538,3
2024-03-02,Flipkart,F2556,Electronics,Uttarakhand,1164,2
2024-03-02,Flipkart,F8234,Accessories,Uttar Pradesh,1914,3
2024-03-02,Flipkart,F3679,Electronics,Maharashtra,3936,4
2024-03-02,Flipkart,F2037,Clothes,West Bengal,128,1
2024-03-02,Flipkart,F2090,Grocery,Rajasthan,1830,3
2024-03-02,Flipkart,F8389,Home Decor,Rajasthan,2590,5
2024-03-02,Flipkart,F2948,Accessories,Tamil Nadu,1208,4
2024-03-02,Flipkart,F9771,Grocery,Kerala,4940,5
2024-03-02,Flipkart,F7169,Accessories,Rajasthan,1002,2
2024-03-02,Flipkart,F3016,Clothes,Rajasthan,696,2
2024-03-02,Flipkart,F8168,Accessories,Uttar Pradesh,596,4
2024-03-02,Flipkart,F2658,Clothes,Punjab,242,2
2024-03-02,Flipkart,F9682,Electronics,Rajasthan,3256,4
2024-03-02,Flipkart,F7790,Clothes,Gujarat,116,1
2024-03-02,Flipkart,F7569,Grocery,Gujarat,884,2
2024-03-02,Flipkart,F9787,Home Decor,Punjab,2750,5
2024-03-03,Flipkart,F8753,Electronics,Tamil Nadu,1900,4
2024-03-03,Flipkart,F9584,Home Decor,Andhra Pradesh,2832,4
2024-03-03,Flipkart,F4522,Home Decor,Uttar Pradesh,775,5
2024-03-03,Flipkart,F8486,Electronics,Andhra Pradesh,1268,2
2024-03-03,Flipkart,F5566,Grocery,Punjab,758,1
2024-03-03,Flipkart,F7489,Home Decor,Bihar,1970,5
2024-03-03,Flipkart,F8475,Home Decor,Karnataka,1737,3
2024-03-03,Flipkart,F4420,Home Decor,West Bengal,404,2
2024-03-03,Flipkart,F8553,Grocery,Odisha,2885,5
2024-03-03,Flipkart,F4621,Electronics,Kerala,1617,3
2024-03-03,Flipkart,F4649,Grocery,Uttar Pradesh,1750,5
2024-03-03,Flipkart,F4533,Accessories,Bihar,1116,2
2024-03-03,Flipkart,F6253,Accessories,Assam,202,2
2024-03-03,Flipkart,F3546,Electronics,Uttar Pradesh,1948,4
2024-03-03,Flipkart,F7018,Grocery,Haryana,1062,2
2024-03-03,Flipkart,F3401,Home Decor,West Bengal,1725,3
2024-03-03,Flipkart,F9112,Electronics,Uttar Pradesh,820,4
2024-03-03,Flipkart,F7231,Accessories,West Bengal,1956,4
2024-03-03,Flipkart,F3611,Accessories,Rajasthan,2008,4
2024-03-03,Flipkart,F4635,Home Decor,Haryana,3584,4
2024-03-04,Flipkart,F4989,Clothes,Gujarat,559,1
2024-03-04,Flipkart,F8938,Grocery,Gujarat,1624,2
2024-03-04,Flipkart,F2770,Grocery,Uttarakhand,2190,3
2024-03-04,Flipkart,F6985,Accessories,Delhi,1668,3
2024-03-04,Flipkart,F4212,Electronics,Karnataka,3680,4
2024-03-04,Flipkart,F8394,Electronics,Andhra Pradesh,1899,3
2024-03-04,Flipkart,F2471,Clothes,Karnataka,3888,4
2024-03-04,Flipkart,F7032,Home Decor,Punjab,1788,4
2024-03-04,Flipkart,F4436,Home Decor,Karnataka,1500,3
2024-03-04,Flipkart,F9177,Accessories,Uttar Pradesh,890,5
2024-03-04,Flipkart,F7743,Clothes,Maharashtra,3890,5
2024-03-04,Flipkart,F6609,Home Decor,Odisha,1720,2
2024-03-04,Flipkart,F9843,Accessories,Bihar,568,1
2024-03-04,Flipkart,F4484,Accessories,Haryana,4400,5
2024-03-04,Flipkart,F3226,Home Decor,Andhra Pradesh,1370,5
2024-03-04,Flipkart,F6166,Clothes,Maharashtra,2244,3
2024-03-04,Flipkart,F5378,Accessories,Maharashtra,2790,3
2024-03-04,Flipkart,F9673,Home Decor,Uttarakhand,1104,3
2024-03-04,Flipkart,F5380,Grocery,Punjab,267,1
2024-03-04,Flipkart,F5070,Home Decor,Bihar,868,4
2024-03-05,Flipkart,F8764,Grocery,Kerala,1206,3
2024-03-05,Flipkart,F3371,Electronics,Kerala,3268,4
2024-03-05,Flipkart,F2041,Grocery,Delhi,1882,2
2024-03-05,Flipkart,F7082,Accessories,Assam,1420,2
2024-03-05,Flipkart,F5161,Electronics,Bihar,3692,4
2024-03-05,Flipkart,F5759,Home Decor,Jharkhand,643,1
2024-03-05,Flipkart,F4112,Accessories,Maharashtra,852,3
2024-03-05,Flipkart,F8930,Accessories,West Bengal,2799,3
2024-03-05,Flipkart,F5230,Electronics,Telangana,940,1
2024-03-05,Flipkart,F8183,Accessories,Bihar,1790,2
2024-03-05,Flipkart,F8307,Clothes,Haryana,1320,3
2024-03-05,Flipkart,F8361,Accessories,West Bengal,4750,5
2024-03-05,Flipkart,F6386,Clothes,Uttarakhand,405,1
2024-03-05,Flipkart,F3533,Accessories,Jharkhand,2530,5
2024-03-05,Flipkart,F6142,Grocery,Kerala,3660,4
2024-03-05,Flipkart,F3398,Electronics,Telangana,964,1
2024-03-05,Flipkart,F1560,Accessories,Chhattisgarh,3310,5
2024-03-05,Flipkart,F3405,Home Decor,Jharkhand,836,2
2024-03-05,Flipkart,F8759,Electronics,Delhi,1904,2
2024-03-05,Flipkart,F3136,Accessories,Chhattisgarh,2445,5
2024-03-05,Flipkart,F2696,Home Decor,Chhattisgarh,931,1
2024-03-05,Flipkart,F6212,Grocery,Gujarat,390,3
2024-03-05,Flipkart,F6240,Electronics,Gujarat,2040,4
2024-03-05,Flipkart,F6917,Accessories,Chhattisgarh,965,5
2024-03-05,Flipkart,F6806,Accessories,Chhattisgarh,304,1
2024-03-05,Flipkart,F8879,Home Decor,Chhattisgarh,2913,3
2024-03-05,Flipkart,F3445,Electronics,Delhi,4290,5
2024-03-05,Flipkart,F9101,Home Decor,Telangana,520,5
2024-03-05,Flipkart,F4871,Accessories,Jharkhand,3815,5
2024-03-05,Flipkart,F2406,Grocery,Tamil Nadu,363,3
2024-03-05,Flipkart,F6423,Grocery,Haryana,1386,3
2024-03-05,Flipkart,F3508,Electronics,Andhra Pradesh,2376,4
2024-03-05,Flipkart,F5780,Electronics,Haryana,1928,2
2024-03-05,Flipkart,F3892,Accessories,Uttar Pradesh,4125,5
2024-03-05,Flipkart,F1935,Electronics,Madhya Pradesh,1806,2
2024-03-05,Flipkart,F2643,Electronics,Madhya Pradesh,427,1
2024-03-06,Flipkart,F5176,Electronics,Tamil Nadu,982,1
2024-03-06,Flipkart,F3605,Clothes,Chhattisgarh,861,3
2024-03-06,Flipkart,F1094,Grocery,Andhra Pradesh,591,3
2024-03-06,Flipkart,F9090,Grocery,Bihar,1880,5
2024-03-06,Flipkart,F3678,Accessories,Chhattisgarh,4000,5
2024-03-06,Flipkart,F4404,Grocery,Andhra Pradesh,924,1
2024-03-06,Flipkart,F3380,Clothes,West Bengal,2874,3
2024-03-06,Flipkart,F3623,Home Decor,Bihar,723,1
2024-03-06,Flipkart,F7395,Electronics,Bihar,1508,4
2024-03-06,Flipkart,F7319,Home Decor,Karnataka,1653,3
2024-03-06,Flipkart,F5196,Electronics,West Bengal,1230,2
2024-03-06,Flipkart,F3014,Accessories,Uttarakhand,317,1
2024-03-06,Flipkart,F6523,Accessories,Madhya Pradesh,3732,4
2024-03-06,Flipkart,F3114,Home Decor,Tamil Nadu,258,2
2024-03-06,Flipkart,F9607,Electronics,Karnataka,480,3
2024-03-06,Flipkart,F1728,Accessories,Karnataka,1858,2
2024-03-06,Flipkart,F8742,Clothes,Maharashtra,1068,4
2024-03-06,Flipkart,F4786,Accessories,Madhya Pradesh,131,1
2024-03-06,Flipkart,F4493,Accessories,Assam,2790,3
2024-03-06,Flipkart,F4572,Clothes,Karnataka,1494,2
2024-03-06,Flipkart,F2036,Grocery,Uttar Pradesh,2736,3
2024-03-06,Flipkart,F5922,Accessories,Tamil Nadu,703,1
2024-03-06,Flipkart,F5597,Home Decor,Karnataka,1191,3
2024-03-06,Flipkart,F7830,Electronics,Karnataka,2331,3
2024-03-06,Flipkart,F1213,Home Decor,Kerala,560,1
2024-03-06,Flipkart,F1070,Electronics,Rajasthan,255,1
2024-03-06,Flipkart,F3405,Clothes,Uttarakhand,458,2
2024-03-06,Flipkart,F3423,Grocery,Tamil Nadu,864,3
2024-03-06,Flipkart,F9930,Grocery,Kerala,1587,3
2024-03-06,Flipkart,F2524,Home Decor,Madhya Pradesh,2725,5
2024-03-06,Flipkart,F5797,Grocery,Rajasthan,444,2
2024-03-06,Flipkart,F3415,Grocery,Maharashtra,1826,2
2024-03-06,Flipkart,F6649,Accessories,Uttar Pradesh,328,2
2024-03-06,Flipkart,F7288,Electronics,Bihar,2154,3
2024-03-06,Flipkart,F9241,Clothes,Tamil Nadu,1144,4
2024-03-07,Flipkart,F7557,Electronics,Karnataka,1320,3
2024-03-07,Flipkart,F5139,Clothes,Andhra Pradesh,1912,2
2024-03-07,Flipkart,F9167,Grocery,Bihar,1946,2
2024-03-07,Flipkart,F1461,Home Decor,Delhi,415,1
2024-03-07,Flipkart,F3700,Grocery,Haryana,4530,5
2024-03-07,Flipkart,F8099,Grocery,Rajasthan,1566,2
2024-03-07,Flipkart,F8725,Accessories,Gujarat,2757,3
2024-03-07,Flipkart,F5000,Electronics,Tamil Nadu,2217,3
2024-03-07,Flipkart,F8029,Grocery,Odisha,477,3
2024-03-07,Flipkart,F4705,Home Decor,Gujarat,1632,2
2024-03-07,Flipkart,F9078,Grocery,Delhi,342,1
2024-03-07,Flipkart,F9604,Grocery,Assam,2585,5
2024-03-07,Flipkart,F1141,Accessories,Andhra Pradesh,1470,2
2024-03-07,Flipkart,F1628,Home Decor,Haryana,1896,2
2024-03-07,Flipkart,F9928,Electronics,Uttarakhand,1701,3
2024-03-07,Flipkart,F3177,Clothes,Tamil Nadu,530,1
2024-03-07,Flipkart,F6836,Accessories,Delhi,1698,2
2024-03-07,Flipkart,F1518,Electronics,Odisha,2508,4
2024-03-07,Flipkart,F5762,Clothes,Tamil Nadu,1936,2
2024-03-07,Flipkart,F9173,Grocery,Odisha,3576,4
2024-03-07,Flipkart,F7108,Accessories,Madhya Pradesh,634,1
2024-03-07,Flipkart,F7064,Grocery,Gujarat,1464,3
2024-03-08,Flipkart,F1773,Accessories,Kerala,992,2
2024-03-08,Flipkart,F6214,Accessories,Madhya Pradesh,1146,2
2024-03-08,Flipkart,F6658,Accessories,Assam,914,1
2024-03-08,Flipkart,F9819,Electronics,West Bengal,4610,5
2024-03-08,Flipkart,F1483,Grocery,Tamil Nadu,836,1
2024-03-08,Flipkart,F9237,Clothes,Jharkhand,1638,3
2024-03-08,Flipkart,F2151,Accessories,Madhya Pradesh,1281,3
2024-03-08,Flipkart,F1600,Accessories,Karnataka,835,1
2024-03-08,Flipkart,F8170,Electronics,Bihar,1355,5
2024-03-08,Flipkart,F5573,Clothes,Haryana,903,3
2024-03-08,Flipkart,F2768,Grocery,Uttar Pradesh,3512,4
2024-03-08,Flipkart,F4644,Home Decor,Uttar Pradesh,1524,2
2024-03-08,Flipkart,F1587,Home Decor,Punjab,1062,3
2024-03-08,Flipkart,F8239,Accessories,Assam,2964,4
2024-03-08,Flipkart,F4430,Grocery,Uttarakhand,494,2
2024-03-08,Flipkart,F3669,Electronics,Uttar Pradesh,980,4
2024-03-08,Flipkart,F3201,Clothes,West Bengal,3500,4
2024-03-08,Flipkart,F1298,Accessories,Haryana,138,1
2024-03-08,Flipkart,F9203,Grocery,Karnataka,1205,5
2024-03-08,Flipkart,F7659,Accessories,Punjab,2035,5
2024-03-08,Flipkart,F2422,Clothes,Jharkhand,2421,3
2024-03-08,Flipkart,F6197,Accessories,Delhi,2844,4
2024-03-09,Flipkart,F9485,Home Decor,Odisha,1419,3
2024-03-09,Flipkart,F9199,Clothes,Gujarat,2720,4
2024-03-09,Flipkart,F2748,Grocery,Madhya Pradesh,365,1
2024-03-09,Flipkart,F8613,Accessories,Haryana,1548,3
2024-03-09,Flipkart,F3852,Grocery,Assam,2564,4
2024-03-09,Flipkart,F3225,Accessories,Odisha,988,1
2024-03-09,Flipkart,F6150,Accessories,Delhi,569,1
2024-03-09,Flipkart,F1464,Grocery,Telangana,4740,5
2024-03-09,Flipkart,F2952,Accessories,Telangana,1454,2
2024-03-09,Flipkart,F5200,Home Decor,Maharashtra,3728,4
2024-03-09,Flipkart,F2183,Home Decor,West Bengal,1210,2
2024-03-09,Flipkart,F7352,Accessories,Delhi,1425,5
2024-03-09,Flipkart,F2950,Grocery,Rajasthan,1806,2
2024-03-09,Flipkart,F3360,Accessories,Karnataka,3892,4
2024-03-09,Flipkart,F5200,Clothes,Bihar,626,2
2024-03-09,Flipkart,F3152,Clothes,Assam,1564,2
2024-03-09,Flipkart,F4031,Home Decor,Karnataka,1140,2
2024-03-09,Flipkart,F4968,Accessories,Odisha,620,5
2024-03-09,Flipkart,F3123,Clothes,Delhi,1790,5
2024-03-09,Flipkart,F2567,Clothes,Odisha,1795,5
2024-03-09,Flipkart,F7013,Accessories,Punjab,1126,2
2024-03-09,Flipkart,F7334,Clothes,Tamil Nadu,4750,5
2024-03-09,Flipkart,F3375,Clothes,Telangana,591,3
2024-03-09,Flipkart,F8553,Electronics,Punjab,1972,2
2024-03-09,Flipkart,F8430,Home Decor,Rajasthan,1380,2
2024-03-09,Flipkart,F4761,Accessories,Gujarat,1880,5
2024-03-09,Flipkart,F4004,Grocery,Uttar Pradesh,462,3
2024-03-09,Flipkart,F8459,Accessories,Punjab,2924,4
2024-03-09,Flipkart,F8640,Clothes,West Bengal,917,1
2024-03-09,Flipkart,F5636,Accessories,Assam,1516,2
2024-03-09,Flipkart,F8304,Electronics,Kerala,571,1
2024-03-09,Flipkart,F6806,Electronics,Tamil Nadu,1017,3
2024-03-09,Flipkart,F2686,Grocery,Maharashtra,439,1
2024-03-10,Flipkart,F2540,Clothes,Bihar,1851,3
2024-03-10,Flipkart,F7166,Home Decor,Uttarakhand,1191,3
2024-03-10,Flipkart,F1473,Electronics,Telangana,2712,3
2024-03-10,Flipkart,F5570,Home Decor,Jharkhand,1467,3
2024-03-10,Flipkart,F9076,Home Decor,Gujarat,402,3
2024-03-10,Flipkart,F1984,Accessories,Maharashtra,371,1
2024-03-10,Flipkart,F8140,Grocery,Maharashtra,1296,3
2024-03-10,Flipkart,F9900,Home Decor,Gujarat,2019,3
2024-03-10,Flipkart,F7210,Electronics,Gujarat,117,1
2024-03-10,Flipkart,F6597,Grocery,Bihar,444,1
2024-03-10,Flipkart,F4923,Home Decor,Kerala,2060,4
2024-03-10,Flipkart,F2294,Clothes,Delhi,936,4
2024-03-10,Flipkart,F1106,Home Decor,Assam,622,2
2024-03-10,Flipkart,F7709,Electronics,Tamil Nadu,2370,3
2024-03-10,Flipkart,F2662,Clothes,Delhi,972,1
2024-03-10,Flipkart,F3974,Clothes,Uttarakhand,381,1
2024-03-10,Flipkart,F7785,Clothes,Maharashtra,827,1
2024-03-10,Flipkart,F1055,Accessories,Karnataka,1205,5
2024-03-10,Flipkart,F5601,Electronics,Odisha,103,1
2024-03-10,Flipkart,F4284,Electronics,Odisha,1385,5
2024-03-10,Flipkart,F8473,Grocery,Uttar Pradesh,1962,2
2024-03-10,Flipkart,F2773,Grocery,Assam,1814,2
2024-03-10,Flipkart,F4991,Grocery,West Bengal,275,1
2024-03-10,Flipkart,F5850,Clothes,Assam,1197,3
2024-03-10,Flipkart,F8442,Clothes,Odisha,3500,4
2024-03-10,Flipkart,F9291,Grocery,Tamil Nadu,175,1
2024-03-11,Flipkart,F1664,Electronics,Telangana,408,1
2024-03-11,Flipkart,F7814,Grocery,Karnataka,402,3
2024-03-11,Flipkart,F4772,Clothes,Jharkhand,600,3
2024-03-11,Flipkart,F6657,Home Decor,Punjab,626,2
2024-03-11,Flipkart,F8016,Grocery,Chhattisgarh,922,2
2024-03-11,Flipkart,F4447,Home Decor,Assam,565,5
2024-03-11,Flipkart,F9601,Grocery,Jharkhand,1668,4
2024-03-11,Flipkart,F2329,Accessories,Punjab,2068,4
2024-03-11,Flipkart,F9130,Home Decor,Andhra Pradesh,3595,5
2024-03-11,Flipkart,F1244,Grocery,Madhya Pradesh,306,1
2024-03-11,Flipkart,F6769,Clothes,Madhya Pradesh,1124,2
2024-03-11,Flipkart,F7943,Electronics,Gujarat,1012,4
2024-03-11,Flipkart,F5822,Grocery,Rajasthan,2838,3
2024-03-11,Flipkart,F9813,Accessories,Delhi,526,2
2024-03-11,Flipkart,F1781,Electronics,Maharashtra,642,2
2024-03-11,Flipkart,F2399,Home Decor,Chhattisgarh,2648,4
2024-03-11,Flipkart,F4751,Grocery,Maharashtra,2885,5
2024-03-11,Flipkart,F5058,Grocery,Delhi,244,1
2024-03-11,Flipkart,F3153,Home Decor,Karnataka,3592,4
2024-03-11,Flipkart,F2456,Home Decor,Chhattisgarh,1295,5
2024-03-11,Flipkart,F6369,Grocery,Assam,4990,5
2024-03-11,Flipkart,F6012,Clothes,Tamil Nadu,850,1
2024-03-11,Flipkart,F1219,Grocery,Chhattisgarh,4100,5
2024-03-12,Flipkart,F3128,Grocery,Gujarat,266,1
2024-03-12,Flipkart,F7836,Clothes,Uttarakhand,3260,5
2024-03-12,Flipkart,F7327,Electronics,Punjab,2540,4
2024-03-12,Flipkart,F1604,Clothes,Assam,2568,4
2024-03-12,Flipkart,F8315,Accessories,Karnataka,1152,2
2024-03-12,Flipkart,F3066,Electronics,Chhattisgarh,2160,5
2024-03-12,Flipkart,F1668,Electronics,Delhi,482,1
2024-03-12,Flipkart,F8649,Grocery,Punjab,1755,5
2024-03-12,Flipkart,F1585,Accessories,Andhra Pradesh,2898,3
2024-03-12,Flipkart,F7337,Electronics,Punjab,2820,5
2024-03-12,Flipkart,F4373,Clothes,West Bengal,972,4
2024-03-12,Flipkart,F5748,Home Decor,Jharkhand,995,1
2024-03-12,Flipkart,F4921,Home Decor,Delhi,1552,4
2024-03-12,Flipkart,F4045,Clothes,Delhi,358,1
2024-03-12,Flipkart,F9611,Accessories,Madhya Pradesh,2811,3
2024-03-12,Flipkart,F6409,Electronics,Punjab,3615,5
2024-03-12,Flipkart,F7503,Electronics,Uttarakhand,1625,5
2024-03-12,Flipkart,F4195,Clothes,Tamil Nadu,3776,4
2024-03-12,Flipkart,F2941,Electronics,Karnataka,1263,3
2024-03-12,Flipkart,F3383,Electronics,Chhattisgarh,2484,4
2024-03-12,Flipkart,F9611,Clothes,Punjab,1119,3
2024-03-12,Flipkart,F6608,Clothes,West Bengal,3990,5
2024-03-12,Flipkart,F3488,Accessories,Telangana,4040,5
2024-03-12,Flipkart,F7053,Grocery,Uttar Pradesh,2514,3
2024-03-12,Flipkart,F3495,Clothes,Haryana,2421,3
2024-03-12,Flipkart,F7904,Clothes,Haryana,3880,5
2024-03-12,Flipkart,F1582,Home Decor,Tamil Nadu,2844,4
2024-03-12,Flipkart,F9307,Clothes,Karnataka,1690,2
2024-03-12,Flipkart,F2614,Grocery,Assam,2688,3
2024-03-12,Flipkart,F9401,Electronics,Rajasthan,449,1
2024-03-12,Flipkart,F4503,Electronics,Odisha,2508,4
2024-03-12,Flipkart,F5295,Electronics,Karnataka,1731,3
2024-03-12,Flipkart,F4980,Grocery,Haryana,986,2
2024-03-12,Flipkart,F9860,Clothes,Maharashtra,694,2
2024-03-12,Flipkart,F6219,Clothes,Haryana,862,1
2024-03-12,Flipkart,F5472,Accessories,Odisha,312,1
2024-03-13,Flipkart,F7900,Electronics,West Bengal,883,1
2024-03-13,Flipkart,F2529,Home Decor,Bihar,611,1
2024-03-13,Flipkart,F1714,Clothes,Bihar,894,2
2024-03-13,Flipkart,F1049,Home Decor,Haryana,1470,3
2024-03-13,Flipkart,F9907,Grocery,Bihar,4275,5
2024-03-13,Flipkart,F6397,Accessories,Haryana,924,1
2024-03-13,Flipkart,F9999,Home Decor,Odisha,4235,5
2024-03-13,Flipkart,F6364,Grocery,Uttarakhand,331,1
2024-03-13,Flipkart,F8119,Clothes,Punjab,1580,2
2024-03-13,Flipkart,F6386,Home Decor,Maharashtra,2500,4
2024-03-13,Flipkart,F3628,Clothes,Bihar,620,1
2024-03-13,Flipkart,F6982,Accessories,Bihar,756,3
2024-03-13,Flipkart,F7239,Grocery,Gujarat,4070,5
2024-03-13,Flipkart,F6510,Home Decor,Andhra Pradesh,4410,5
2024-03-13,Flipkart,F6102,Home Decor,Jharkhand,3388,4
2024-03-13,Flipkart,F7265,Home Decor,Karnataka,2037,3
2024-03-13,Flipkart,F9907,Electronics,Karnataka,1288,2
2024-03-13,Flipkart,F6396,Accessories,Rajasthan,1920,3
2024-03-13,Flipkart,F4580,Accessories,Kerala,948,3
2024-03-13,Flipkart,F4901,Clothes,Delhi,1296,2
2024-03-13,Flipkart,F8765,Home Decor,Bihar,2973,3
2024-03-13,Flipkart,F6146,Grocery,Tamil Nadu,2375,5
2024-03-13,Flipkart,F2345,Accessories,Karnataka,3492,4
2024-03-13,Flipkart,F9928,Grocery,Odisha,338,1
2024-03-13,Flipkart,F2107,Electronics,Chhattisgarh,1890,2
2024-03-13,Flipkart,F8711,Electronics,Chhattisgarh,1564,4
2024-03-13,Flipkart,F6196,Grocery,Jharkhand,300,1
2024-03-13,Flipkart,F1389,Home Decor,Gujarat,2325,3
2024-03-13,Flipkart,F2544,Home Decor,Karnataka,1100,2
2024-03-13,Flipkart,F4693,Accessories,Bihar,2844,3
2024-03-13,Flipkart,F6548,Grocery,Telangana,344,1
2024-03-13,Flipkart,F8273,Grocery,Madhya Pradesh,1968,2
2024-03-13,Flipkart,F6695,Accessories,Madhya Pradesh,2130,5
2024-03-13,Flipkart,F3437,Home Decor,Uttarakhand,1503,3
2024-03-13,Flipkart,F1703,Clothes,Karnataka,952,1
2024-03-13,Flipkart,F6726,Clothes,Punjab,1180,5
2024-03-14,Flipkart,F9590,Grocery,Chhattisgarh,972,3
2024-03-14,Flipkart,F3614,Electronics,Andhra Pradesh,3395,5
2024-03-14,Flipkart,F8840,Home Decor,Gujarat,1251,3
2024-03-14,Flipkart,F6012,Grocery,Uttar Pradesh,3705,5
2024-03-14,Flipkart,F7622,Electronics,West Bengal,2271,3
2024-03-14,Flipkart,F6004,Home Decor,Madhya Pradesh,2584,4
2024-03-14,Flipkart,F7062,Grocery,Delhi,754,1
2024-03-14,Flipkart,F7215,Accessories,Uttarakhand,1552,4
2024-03-14,Flipkart,F5351,Clothes,Bihar,2925,3
2024-03-14,Flipkart,F9188,Home Decor,Maharashtra,1134,2
2024-03-14,Flipkart,F5787,Grocery,Assam,575,5
2024-03-14,Flipkart,F4171,Clothes,Telangana,2847,3
2024-03-14,Flipkart,F8389,Accessories,Odisha,543,3
2024-03-14,Flipkart,F7796,Home Decor,Bihar,1992,4
2024-03-14,Flipkart,F7073,Clothes,Madhya Pradesh,612,2
2024-03-14,Flipkart,F1829,Accessories,Tamil Nadu,767,1
2024-03-14,Flipkart,F9022,Clothes,Maharashtra,3145,5
2024-03-14,Flipkart,F3501,Electronics,Kerala,1704,3
2024-03-14,Flipkart,F3896,Clothes,Haryana,2364,3
2024-03-14,Flipkart,F9574,Grocery,Gujarat,1980,2
2024-03-14,Flipkart,F5244,Clothes,Punjab,1684,4
2024-03-14,Flipkart,F6529,Accessories,Telangana,1260,2
2024-03-14,Flipkart,F8787,Grocery,Assam,3644,4
2024-03-14,Flipkart,F9580,Home Decor,Haryana,946,1
2024-03-14,Flipkart,F5616,Accessories,Kerala,934,2
2024-03-14,Flipkart,F4396,Clothes,Telangana,1710,2
2024-03-14,Flipkart,F4432,Accessories,Jharkhand,4165,5
2024-03-14,Flipkart,F4357,Electronics,Uttarakhand,908,1
2024-03-14,Flipkart,F7822,Accessories,Karnataka,814,1
2024-03-14,Flipkart,F9490,Home Decor,Kerala,3544,4
2024-03-14,Flipkart,F2054,Home Decor,Chhattisgarh,2979,3
2024-03-14,Flipkart,F3994,Accessories,Tamil Nadu,1114,2
2024-03-14,Flipkart,F8383,Clothes,Assam,720,4
2024-03-14,Flipkart,F8518,Home Decor,Chhattisgarh,1200,4
2024-03-14,Flipkart,F4768,Electronics,Odisha,4215,5
2024-03-14,Flipkart,F5375,Grocery,Odisha,1707,3
2024-03-14,Flipkart,F8215,Grocery,West Bengal,736,1
2024-03-14,Flipkart,F9335,Home Decor,Jharkhand,3130,5
2024-03-15,Flipkart,F1856,Electronics,West Bengal,164,1
2024-03-15,Flipkart,F3810,Accessories,Chhattisgarh,4025,5
2024-03-15,Flipkart,F9788,Electronics,Haryana,907,1
2024-03-15,Flipkart,F2460,Clothes,Madhya Pradesh,904,1
2024-03-15,Flipkart,F4756,Clothes,Chhattisgarh,2544,4
2024-03-15,Flipkart,F6767,Home Decor,Andhra Pradesh,774,2
2024-03-15,Flipkart,F3976,Home Decor,Tamil Nadu,1364,2
2024-03-15,Flipkart,F6445,Accessories,Odisha,2530,5
2024-03-15,Flipkart,F2002,Electronics,West Bengal,2170,5
2024-03-15,Flipkart,F1350,Grocery,Gujarat,1976,4
2024-03-15,Flipkart,F9416,Home Decor,Rajasthan,4215,5
2024-03-15,Flipkart,F7907,Home Decor,Bihar,1362,2
2024-03-15,Flipkart,F8854,Accessories,Karnataka,2124,3
2024-03-15,Flipkart,F4155,Grocery,Haryana,480,2
2024-03-15,Flipkart,F2375,Home Decor,Tamil Nadu,2288,4
2024-03-15,Flipkart,F4010,Electronics,Odisha,2596,4
2024-03-15,Flipkart,F9889,Electronics,Madhya Pradesh,438,3
2024-03-15,Flipkart,F2128,Electronics,Punjab,1928,4
2024-03-15,Flipkart,F2503,Grocery,Uttarakhand,830,2
2024-03-15,Flipkart,F7516,Accessories,Odisha,1344,4
2024-03-15,Flipkart,F6698,Home Decor,Delhi,1238,2
2024-03-15,Flipkart,F4369,Electronics,Punjab,1528,4
2024-03-15,Flipkart,F5367,Electronics,Chhattisgarh,4560,5
2024-03-15,Flipkart,F5840,Accessories,Madhya Pradesh,3648,4
2024-03-16,Flipkart,F5617,Accessories,Uttarakhand,992,2
2024-03-16,Flipkart,F2850,Electronics,Rajasthan,2604,3
2024-03-16,Flipkart,F5294,Accessories,Madhya Pradesh,1935,3
2024-03-16,Flipkart,F1042,Clothes,Assam,3948,4
2024-03-16,Flipkart,F8229,Clothes,Madhya Pradesh,1900,2
2024-03-16,Flipkart,F5413,Accessories,Jharkhand,2272,4
2024-03-16,Flipkart,F8252,Electronics,West Bengal,603,3
2024-03-16,Flipkart,F2291,Home Decor,Telangana,264,1
2024-03-16,Flipkart,F5592,Accessories,Assam,1125,5
2024-03-16,Flipkart,F2422,Home Decor,Telangana,708,3
2024-03-16,Flipkart,F3170,Accessories,Bihar,2040,4
2024-03-16,Flipkart,F7627,Accessories,Assam,740,2
2024-03-16,Flipkart,F2314,Grocery,Haryana,405,1
2024-03-16,Flipkart,F5797,Home Decor,Haryana,124,1
2024-03-16,Flipkart,F2462,Clothes,Karnataka,1340,2
2024-03-16,Flipkart,F8525,Clothes,Rajasthan,430,1
2024-03-16,Flipkart,F7095,Clothes,Telangana,865,5
2024-03-16,Flipkart,F7228,Clothes,Karnataka,1816,4
2024-03-16,Flipkart,F1555,Clothes,Delhi,634,2
2024-03-16,Flipkart,F3767,Clothes,Jharkhand,429,1
2024-03-16,Flipkart,F3327,Accessories,Andhra Pradesh,3460,5
2024-03-16,Flipkart,F4634,Clothes,Punjab,2172,3
2024-03-16,Flipkart,F3367,Electronics,Punjab,1970,2
2024-03-16,Flipkart,F5229,Accessories,Assam,693,1
2024-03-16,Flipkart,F5909,Accessories,Bihar,1228,2
2024-03-17,Flipkart,F4542,Clothes,Punjab,870,5
2024-03-17,Flipkart,F5044,Home Decor,Haryana,1284,2
2024-03-17,Flipkart,F4649,Home Decor,Punjab,1050,2
2024-03-17,Flipkart,F2494,Electronics,Maharashtra,2016,4
2024-03-17,Flipkart,F6807,Home Decor,Maharashtra,1475,5
2024-03-17,Flipkart,F3424,Electronics,Andhra Pradesh,2285,5
2024-03-17,Flipkart,F1264,Grocery,Assam,2495,5
2024-03-17,Flipkart,F4003,Grocery,Bihar,478,1
2024-03-17,Flipkart,F4528,Grocery,Gujarat,1017,3
2024-03-17,Flipkart,F6208,Electronics,Punjab,1580,5
2024-03-17,Flipkart,F6057,Home Decor,Karnataka,333,1
2024-03-17,Flipkart,F8823,Electronics,Jharkhand,2320,4
2024-03-17,Flipkart,F2886,Home Decor,Haryana,1110,3
2024-03-17,Flipkart,F6180,Grocery,Uttar Pradesh,1050,3
2024-03-17,Flipkart,F5886,Grocery,Tamil Nadu,1677,3
2024-03-17,Flipkart,F3131,Grocery,Jharkhand,596,4
2024-03-17,Flipkart,F4203,Grocery,Uttar Pradesh,832,1
2024-03-17,Flipkart,F8401,Electronics,Bihar,1880,4
2024-03-17,Flipkart,F4108,Clothes,Delhi,320,1
2024-03-17,Flipkart,F9433,Home Decor,Bihar,4760,5
2024-03-17,Flipkart,F7322,Electronics,Karnataka,812,4
2024-03-17,Flipkart,F9512,Grocery,Rajasthan,2752,4
2024-03-17,Flipkart,F2178,Home Decor,Delhi,530,5
2024-03-17,Flipkart,F9116,Grocery,Odisha,3645,5
2024-03-17,Flipkart,F2885,Clothes,Uttar Pradesh,2325,5
2024-03-17,Flipkart,F5054,Accessories,Tamil Nadu,1857,3
2024-03-17,Flipkart,F5857,Grocery,Punjab,323,1
2024-03-17,Flipkart,F9416,Accessories,Bihar,1278,3
2024-03-17,Flipkart,F5931,Clothes,Uttar Pradesh,1648,4
2024-03-17,Flipkart,F1222,Grocery,Telangana,3595,5
2024-03-17,Flipkart,F7546,Clothes,Bihar,792,2
2024-03-17,Flipkart,F3843,Electronics,West Bengal,720,5
2024-03-17,Flipkart,F2702,Home Decor,Assam,429,3
2024-03-17,Flipkart,F2760,Home Decor,Assam,922,2
2024-03-17,Flipkart,F5246,Home Decor,Rajasthan,1214,2
2024-03-17,Flipkart,F6832,Home Decor,Punjab,1944,4
2024-03-17,Flipkart,F2156,Grocery,Odisha,1976,4
2024-03-17,Flipkart,F8538,Electronics,Punjab,2466,3
2024-03-17,Flipkart,F5672,Clothes,Tamil Nadu,2832,4
2024-03-18,Flipkart,F1056,Accessories,Rajasthan,340,2
2024-03-18,Flipkart,F8938,Home Decor,Telangana,2270,5
2024-03-18,Flipkart,F1097,Clothes,Maharashtra,4565,5
2024-03-18,Flipkart,F4036,Clothes,Tamil Nadu,496,1
2024-03-18,Flipkart,F2907,Grocery,Uttarakhand,1065,3
2024-03-18,Flipkart,F5309,Accessories,Kerala,1944,4
2024-03-18,Flipkart,F1241,Clothes,Chhattisgarh,400,4
2024-03-18,Flipkart,F8883,Accessories,Punjab,496,1
2024-03-18,Flipkart,F8876,Grocery,Odisha,692,4
2024-03-18,Flipkart,F1602,Home Decor,Jharkhand,618,2
2024-03-18,Flipkart,F7145,Grocery,Madhya Pradesh,3765,5
2024-03-18,Flipkart,F8994,Grocery,Delhi,2480,4
2024-03-18,Flipkart,F8864,Accessories,Maharashtra,526,1
2024-03-18,Flipkart,F1314,Accessories,Rajasthan,2570,5
2024-03-18,Flipkart,F5749,Grocery,Assam,312,2
2024-03-18,Flipkart,F1032,Grocery,Chhattisgarh,3140,4
2024-03-18,Flipkart,F7846,Electronics,Odisha,604,1
2024-03-18,Flipkart,F4392,Electronics,Karnataka,1356,4
2024-03-18,Flipkart,F5617,Home Decor,Chhattisgarh,378,2
2024-03-18,Flipkart,F3672,Clothes,Haryana,2012,4
2024-03-18,Flipkart,F2484,Grocery,West Bengal,2495,5
2024-03-18,Flipkart,F5224,Electronics,Uttar Pradesh,1047,3
2024-03-18,Flipkart,F8823,Accessories,Uttar Pradesh,119,1
2024-03-18,Flipkart,F7868,Accessories,Jharkhand,2755,5
2024-03-18,Flipkart,F8401,Accessories,Gujarat,2930,5
2024-03-18,Flipkart,F2984,Electronics,Haryana,1522,2
2024-03-18,Flipkart,F4269,Grocery,West Bengal,800,5
2024-03-18,Flipkart,F3139,Accessories,Odisha,785,5
2024-03-18,Flipkart,F7397,Accessories,Jharkhand,4340,5
2024-03-18,Flipkart,F8602,Clothes,Uttarakhand,2700,4
2024-03-18,Flipkart,F3525,Home Decor,Uttar Pradesh,894,2
2024-03-18,Flipkart,F1569,Clothes,Delhi,4935,5
2024-03-18,Flipkart,F1381,Clothes,Bihar,731,1
2024-03-19,Flipkart,F2906,Electronics,Uttarakhand,2715,3
2024-03-19,Flipkart,F9743,Grocery,Kerala,1215,3
2024-03-19,Flipkart,F7992,Clothes,Chhattisgarh,1656,3
2024-03-19,Flipkart,F8022,Grocery,Madhya Pradesh,1136,4
2024-03-19,Flipkart,F2226,Grocery,West Bengal,1736,2
2024-03-19,Flipkart,F9172,Grocery,Chhattisgarh,3895,5
2024-03-19,Flipkart,F7846,Grocery,Chhattisgarh,281,1
2024-03-19,Flipkart,F8104,Grocery,Uttar Pradesh,1137,3
2024-03-19,Flipkart,F3700,Grocery,Haryana,654,2
2024-03-19,Flipkart,F1076,Home Decor,Gujarat,819,3
2024-03-19,Flipkart,F7576,Home Decor,Kerala,740,1
2024-03-19,Flipkart,F3185,Home Decor,Uttarakhand,401,1
2024-03-19,Flipkart,F4803,Electronics,Telangana,1100,4
2024-03-19,Flipkart,F3243,Accessories,Rajasthan,3748,4
2024-03-19,Flipkart,F6126,Accessories,Rajasthan,2049,3
2024-03-19,Flipkart,F9622,Home Decor,Uttar Pradesh,1200,5
2024-03-19,Flipkart,F3499,Grocery,Bihar,2090,5
2024-03-19,Flipkart,F1069,Clothes,Andhra Pradesh,680,4
2024-03-19,Flipkart,F2636,Electronics,West Bengal,1744,2
2024-03-19,Flipkart,F8691,Grocery,Punjab,1107,3
2024-03-19,Flipkart,F1648,Grocery,Delhi,2277,3
2024-03-19,Flipkart,F1542,Electronics,Karnataka,975,5
2024-03-19,Flipkart,F9993,Accessories,Bihar,837,3
2024-03-19,Flipkart,F1284,Electronics,Punjab,680,2
2024-03-19,Flipkart,F9052,Electronics,Odisha,3360,4
2024-03-19,Flipkart,F5148,Accessories,Assam,138,1
2024-03-19,Flipkart,F1048,Home Decor,West Bengal,533,1
2024-03-19,Flipkart,F8973,Clothes,Jharkhand,3924,4
2024-03-19,Flipkart,F5387,Accessories,Kerala,2704,4
2024-03-19,Flipkart,F1311,Grocery,Uttar Pradesh,4565,5
2024-03-19,Flipkart,F1637,Electronics,Telangana,278,2
2024-03-19,Flipkart,F7901,Electronics,Punjab,1977,3
2024-03-19,Flipkart,F4472,Accessories,Telangana,2615,5
2024-03-19,Flipkart,F9255,Home Decor,Punjab,387,1
2024-03-19,Flipkart,F7232,Grocery,Madhya Pradesh,910,5
2024-03-19,Flipkart,F4783,Home Decor,Rajasthan,1984,2
2024-03-19,Flipkart,F4768,Grocery,Bihar,4025,5
2024-03-20,Flipkart,F6548,Grocery,Odisha,1188,4
2024-03-20,Flipkart,F1792,Clothes,Madhya Pradesh,1416,2
2024-03-20,Flipkart,F7732,Accessories,Assam,665,1
2024-03-20,Flipkart,F7911,Home Decor,Punjab,1892,2
2024-03-20,Flipkart,F7184,Accessories,Bihar,709,1
2024-03-20,Flipkart,F3140,Home Decor,Andhra Pradesh,702,2
2024-03-20,Flipkart,F7140,Home Decor,Haryana,1405,5
2024-03-20,Flipkart,F3079,Clothes,Tamil Nadu,3824,4
2024-03-20,Flipkart,F6233,Clothes,Odisha,860,2
2024-03-20,Flipkart,F4559,Grocery,Maharashtra,782,2
2024-03-20,Flipkart,F5319,Clothes,Haryana,1156,2
2024-03-20,Flipkart,F9310,Home Decor,Haryana,2706,3
2024-03-20,Flipkart,F5958,Home Decor,Bihar,1325,5
2024-03-20,Flipkart,F6132,Grocery,West Bengal,3955,5
2024-03-20,Flipkart,F6726,Electronics,Delhi,2703,3
2024-03-20,Flipkart,F8028,Electronics,Maharashtra,231,1
2024-03-20,Flipkart,F8043,Accessories,Madhya Pradesh,3410,5
2024-03-20,Flipkart,F9093,Electronics,Andhra Pradesh,1844,4
2024-03-20,Flipkart,F8559,Clothes,Bihar,460,4
2024-03-20,Flipkart,F7220,Grocery,Rajasthan,3248,4
2024-03-20,Flipkart,F9475,Electronics,West Bengal,981,1
2024-03-20,Flipkart,F9834,Home Decor,Punjab,1554,3
2024-03-20,Flipkart,F5378,Clothes,Telangana,350,2
2024-03-20,Flipkart,F7482,Clothes,Rajasthan,1930,2
2024-03-20,Flipkart,F6391,Electronics,Jharkhand,606,2
2024-03-20,Flipkart,F5801,Grocery,Gujarat,2956,4
2024-03-20,Flipkart,F9744,Grocery,Jharkhand,3776,4
2024-03-20,Flipkart,F9610,Electronics,Telangana,974,1
2024-03-20,Flipkart,F1651,Accessories,Maharashtra,207,1
2024-03-20,Flipkart,F9917,Electronics,Telangana,202,1
2024-03-20,Flipkart,F5438,Grocery,Haryana,2040,5
2024-03-20,Flipkart,F7182,Grocery,Tamil Nadu,2965,5
2024-03-20,Flipkart,F1820,Grocery,Karnataka,1044,2
2024-03-20,Flipkart,F1197,Home Decor,Andhra Pradesh,846,3
2024-03-20,Flipkart,F6339,Grocery,Assam,214,2
2024-03-20,Flipkart,F6527,Home Decor,Uttar Pradesh,170,1
2024-03-20,Flipkart,F3198,Electronics,Jharkhand,2796,4
2024-03-20,Flipkart,F9722,Electronics,Maharashtra,2349,3
2024-03-20,Flipkart,F4185,Clothes,Telangana,484,2
2024-03-20,Flipkart,F9033,Grocery,Andhra Pradesh,560,4
2024-03-21,Flipkart,F5951,Grocery,Bihar,2235,5
2024-03-21,Flipkart,F2422,Clothes,Odisha,780,2
2024-03-21,Flipkart,F7757,Electronics,Delhi,3424,4
2024-03-21,Flipkart,F3050,Clothes,Chhattisgarh,890,5
2024-03-21,Flipkart,F5889,Electronics,West Bengal,2955,5
2024-03-21,Flipkart,F8133,Clothes,Haryana,3265,5
2024-03-21,Flipkart,F8663,Clothes,Delhi,1809,3
2024-03-21,Flipkart,F9091,Accessories,Karnataka,2238,3
2024-03-21,Flipkart,F5623,Grocery,Rajasthan,2751,3
2024-03-21,Flipkart,F8997,Grocery,Assam,456,3
2024-03-21,Flipkart,F9446,Electronics,Karnataka,751,1
2024-03-21,Flipkart,F3051,Home Decor,Gujarat,2416,4
2024-03-21,Flipkart,F4705,Home Decor,Kerala,990,2
2024-03-21,Flipkart,F7518,Home Decor,Punjab,1864,2
2024-03-21,Flipkart,F1707,Clothes,Assam,906,1
2024-03-21,Flipkart,F7654,Clothes,Assam,2652,4
2024-03-21,Flipkart,F2838,Electronics,Jharkhand,194,1
2024-03-21,Flipkart,F2326,Accessories,Gujarat,1856,2
2024-03-21,Flipkart,F3363,Grocery,Rajasthan,3260,4
2024-03-21,Flipkart,F4829,Electronics,Jharkhand,938,2
2024-03-21,Flipkart,F2298,Grocery,Telangana,739,1
2024-03-21,Flipkart,F9152,Accessories,Telangana,480,4
2024-03-21,Flipkart,F9776,Clothes,Odisha,411,1
2024-03-21,Flipkart,F7230,Clothes,Telangana,3080,5
2024-03-21,Flipkart,F6046,Clothes,Maharashtra,182,1
2024-03-21,Flipkart,F8147,Home Decor,Uttar Pradesh,3948,4
2024-03-21,Flipkart,F6695,Grocery,Haryana,101,1
2024-03-21,Flipkart,F5358,Electronics,Andhra Pradesh,1224,4
2024-03-21,Flipkart,F6842,Home Decor,Delhi,859,1
2024-03-21,Flipkart,F3643,Home Decor,Maharashtra,1180,5
2024-03-21,Flipkart,F8496,Clothes,Telangana,2960,5
2024-03-21,Flipkart,F2134,Grocery,Bihar,1974,3
2024-03-21,Flipkart,F4405,Clothes,Punjab,3935,5
2024-03-21,Flipkart,F8788,Home Decor,Haryana,3255,5
2024-03-22,Flipkart,F5200,Home Decor,Delhi,1512,3
2024-03-22,Flipkart,F5737,Clothes,Rajasthan,2376,3
2024-03-22,Flipkart,F5863,Electronics,Karnataka,2510,5
2024-03-22,Flipkart,F3673,Clothes,Tamil Nadu,1377,3
2024-03-22,Flipkart,F4474,Accessories,West Bengal,3890,5
2024-03-22,Flipkart,F8728,Grocery,Delhi,4915,5
2024-03-22,Flipkart,F8127,Home Decor,Chhattisgarh,512,2
2024-03-22,Flipkart,F8230,Electronics,Gujarat,3380,5
2024-03-22,Flipkart,F9223,Home Decor,Madhya Pradesh,1581,3
2024-03-22,Flipkart,F1429,Grocery,Chhattisgarh,572,1
2024-03-22,Flipkart,F1729,Electronics,West Bengal,1530,3
2024-03-22,Flipkart,F6510,Accessories,Maharashtra,1680,5
2024-03-22,Flipkart,F2579,Clothes,Odisha,625,1
2024-03-22,Flipkart,F1953,Grocery,Bihar,1804,2
2024-03-22,Flipkart,F4156,Accessories,Maharashtra,258,2
2024-03-22,Flipkart,F7466,Electronics,Uttarakhand,1336,4
2024-03-22,Flipkart,F9450,Grocery,Tamil Nadu,3148,4
2024-03-22,Flipkart,F6834,Grocery,Chhattisgarh,3932,4
2024-03-22,Flipkart,F5096,Clothes,Odisha,1479,3
2024-03-22,Flipkart,F7677,Electronics,Bihar,1071,3
2024-03-22,Flipkart,F9158,Electronics,Karnataka,723,3
2024-03-22,Flipkart,F3186,Grocery,Uttar Pradesh,420,1
2024-03-22,Flipkart,F2664,Electronics,Delhi,2370,3
2024-03-22,Flipkart,F3266,Home Decor,Kerala,1434,3
2024-03-22,Flipkart,F5386,Electronics,Telangana,850,2
2024-03-22,Flipkart,F4300,Electronics,Tamil Nadu,606,2
2024-03-22,Flipkart,F6426,Electronics,Uttar Pradesh,458,2
2024-03-22,Flipkart,F3610,Home Decor,Karnataka,682,1
2024-03-22,Flipkart,F2770,Home Decor,Jharkhand,709,1
2024-03-22,Flipkart,F7355,Home Decor,Uttarakhand,1612,4
2024-03-22,Flipkart,F3032,Electronics,Maharashtra,1716,3
2024-03-22,Flipkart,F2999,Electronics,Telangana,1460,2
2024-03-22,Flipkart,F3491,Home Decor,Gujarat,3188,4
2024-03-23,Flipkart,F9807,Home Decor,Karnataka,3076,4
2024-03-23,Flipkart,F6521,Accessories,Andhra Pradesh,1052,4
2024-03-23,Flipkart,F5727,Clothes,Bihar,431,1
2024-03-23,Flipkart,F4920,Home Decor,Chhattisgarh,2936,4
2024-03-23,Flipkart,F7537,Grocery,Uttarakhand,1912,2
2024-03-23,Flipkart,F7586,Clothes,Jharkhand,4700,5
2024-03-23,Flipkart,F2518,Electronics,Jharkhand,1242,2
2024-03-23,Flipkart,F5637,Grocery,Gujarat,426,1
2024-03-23,Flipkart,F6241,Home Decor,Gujarat,459,3
2024-03-23,Flipkart,F7987,Accessories,Haryana,705,3
2024-03-23,Flipkart,F5884,Electronics,Telangana,3108,4
2024-03-23,Flipkart,F4526,Electronics,Uttarakhand,2936,4
2024-03-23,Flipkart,F4712,Accessories,Chhattisgarh,4805,5
2024-03-23,Flipkart,F6991,Clothes,Karnataka,2490,3
2024-03-23,Flipkart,F7751,Electronics,Odisha,630,5
2024-03-23,Flipkart,F3801,Electronics,Telangana,1528,2
2024-03-23,Flipkart,F9127,Clothes,Assam,589,1
2024-03-23,Flipkart,F4229,Clothes,Gujarat,887,1
2024-03-23,Flipkart,F7648,Home Decor,Bihar,585,3
2024-03-23,Flipkart,F9365,Grocery,Tamil Nadu,3572,4
2024-03-23,Flipkart,F4848,Clothes,West Bengal,1862,2
2024-03-23,Flipkart,F5357,Accessories,Madhya Pradesh,580,4
2024-03-23,Flipkart,F3508,Grocery,Andhra Pradesh,697,1
2024-03-23,Flipkart,F7217,Grocery,Odisha,595,1
2024-03-23,Flipkart,F4615,Electronics,Jharkhand,572,4
2024-03-23,Flipkart,F1491,Home Decor,Maharashtra,2097,3
2024-03-24,Flipkart,F7864,Accessories,Uttar Pradesh,760,4
2024-03-24,Flipkart,F1911,Home Decor,Delhi,1548,3
2024-03-24,Flipkart,F6435,Home Decor,Karnataka,521,1
2024-03-24,Flipkart,F6154,Grocery,Chhattisgarh,1294,2
2024-03-24,Flipkart,F5737,Clothes,Rajasthan,2727,3
2024-03-24,Flipkart,F8339,Home Decor,Bihar,997,1
2024-03-24,Flipkart,F8729,Clothes,Andhra Pradesh,1175,5
2024-03-24,Flipkart,F8308,Accessories,Uttar Pradesh,3400,5
2024-03-24,Flipkart,F1764,Clothes,Rajasthan,1034,2
2024-03-24,Flipkart,F9015,Clothes,Andhra Pradesh,553,1
2024-03-24,Flipkart,F7668,Clothes,Uttar Pradesh,1744,4
2024-03-24,Flipkart,F6445,Electronics,Madhya Pradesh,4470,5
2024-03-24,Flipkart,F9957,Electronics,Rajasthan,2634,3
2024-03-24,Flipkart,F9049,Accessories,Jharkhand,288,1
2024-03-24,Flipkart,F8618,Accessories,Gujarat,2238,3
2024-03-24,Flipkart,F3459,Electronics,Rajasthan,2192,4
2024-03-24,Flipkart,F3572,Home Decor,Gujarat,2754,3
2024-03-24,Flipkart,F4010,Grocery,Assam,2336,4
2024-03-24,Flipkart,F1177,Clothes,Punjab,1840,4
2024-03-24,Flipkart,F4281,Electronics,Maharashtra,2652,4
2024-03-24,Flipkart,F7232,Home Decor,West Bengal,1569,3
2024-03-24,Flipkart,F8192,Accessories,Odisha,484,1
2024-03-24,Flipkart,F9101,Electronics,Jharkhand,972,4
2024-03-24,Flipkart,F9063,Clothes,Tamil Nadu,1460,4
2024-03-24,Flipkart,F9023,Accessories,Karnataka,2488,4
2024-03-24,Flipkart,F6181,Grocery,Maharashtra,830,2
2024-03-24,Flipkart,F9318,Home Decor,Uttar Pradesh,1988,4
2024-03-24,Flipkart,F4276,Clothes,Jharkhand,507,3
2024-03-24,Flipkart,F3016,Clothes,Telangana,384,1
2024-03-24,Flipkart,F7167,Clothes,Jharkhand,1233,3
2024-03-24,Flipkart,F6054,Accessories,Tamil Nadu,662,2
2024-03-24,Flipkart,F5085,Electronics,Telangana,942,1
2024-03-24,Flipkart,F2781,Home Decor,Delhi,2610,3
2024-03-24,Flipkart,F4189,Accessories,Karnataka,2709,3
2024-03-24,Flipkart,F6684,Electronics,Karnataka,843,3
2024-03-24,Flipkart,F2515,Home Decor,Telangana,1480,4
2024-03-24,Flipkart,F5197,Grocery,West Bengal,820,1
2024-03-25,Flipkart,F7571,Clothes,Madhya Pradesh,485,1
2024-03-25,Flipkart,F6800,Grocery,Uttarakhand,422,2
2024-03-25,Flipkart,F9284,Clothes,Assam,899,1
2024-03-25,Flipkart,F5413,Electronics,Madhya Pradesh,416,2
2024-03-25,Flipkart,F5899,Electronics,Andhra Pradesh,104,1
2024-03-25,Flipkart,F4893,Clothes,Punjab,1670,5
2024-03-25,Flipkart,F5260,Home Decor,Uttar Pradesh,279,1
2024-03-25,Flipkart,F1501,Electronics,Uttarakhand,3352,4
2024-03-25,Flipkart,F3492,Clothes,Maharashtra,2829,3
2024-03-25,Flipkart,F9735,Grocery,Telangana,4325,5
2024-03-25,Flipkart,F3903,Electronics,Bihar,3512,4
2024-03-25,Flipkart,F9775,Home Decor,Karnataka,2397,3
2024-03-25,Flipkart,F8401,Grocery,Karnataka,700,5
2024-03-25,Flipkart,F2314,Accessories,Gujarat,1554,3
2024-03-25,Flipkart,F1225,Clothes,Punjab,1782,2
2024-03-25,Flipkart,F1459,Accessories,Jharkhand,1248,4
2024-03-25,Flipkart,F7276,Grocery,Jharkhand,768,3
2024-03-25,Flipkart,F6711,Electronics,Jharkhand,3220,5
2024-03-25,Flipkart,F7235,Accessories,Haryana,551,1
2024-03-25,Flipkart,F2153,Accessories,Uttar Pradesh,880,2
2024-03-26,Flipkart,F3447,Home Decor,Assam,438,1
2024-03-26,Flipkart,F6403,Grocery,Telangana,603,1
2024-03-26,Flipkart,F1399,Accessories,Uttarakhand,2808,4
2024-03-26,Flipkart,F9345,Grocery,Bihar,1405,5
2024-03-26,Flipkart,F6912,Grocery,Rajasthan,2000,2
2024-03-26,Flipkart,F4663,Accessories,Karnataka,2736,3
2024-03-26,Flipkart,F7455,Home Decor,Uttarakhand,1920,3
2024-03-26,Flipkart,F5126,Clothes,Tamil Nadu,341,1
2024-03-26,Flipkart,F7771,Grocery,Odisha,1960,5
2024-03-26,Flipkart,F8712,Electronics,Madhya Pradesh,3650,5
2024-03-26,Flipkart,F4061,Electronics,Rajasthan,1143,3
2024-03-26,Flipkart,F2169,Clothes,Haryana,651,1
2024-03-26,Flipkart,F6962,Grocery,Madhya Pradesh,3655,5
2024-03-26,Flipkart,F2839,Grocery,Rajasthan,206,1
2024-03-26,Flipkart,F2411,Electronics,West Bengal,2295,3
2024-03-26,Flipkart,F8464,Accessories,Bihar,610,1
2024-03-26,Flipkart,F4984,Electronics,Jharkhand,426,3
2024-03-26,Flipkart,F9904,Clothes,Chhattisgarh,2325,5
2024-03-26,Flipkart,F5006,Clothes,Tamil Nadu,175,1
2024-03-26,Flipkart,F2735,Accessories,Jharkhand,2116,4
2024-03-26,Flipkart,F4715,Home Decor,Uttar Pradesh,543,1
2024-03-26,Flipkart,F9356,Electronics,Maharashtra,1065,3
2024-03-26,Flipkart,F2390,Home Decor,West Bengal,702,2
2024-03-26,Flipkart,F5404,Grocery,Kerala,4165,5
2024-03-26,Flipkart,F3858,Electronics,Uttar Pradesh,3688,4
2024-03-27,Flipkart,F2486,Grocery,Karnataka,577,1
2024-03-27,Flipkart,F5262,Accessories,Bihar,1347,3
2024-03-27,Flipkart,F9122,Accessories,Odisha,618,3
2024-03-27,Flipkart,F3934,Grocery,Jharkhand,2994,3
2024-03-27,Flipkart,F6768,Grocery,Karnataka,440,2
2024-03-27,Flipkart,F8131,Accessories,Uttarakhand,4980,5
2024-03-27,Flipkart,F9055,Grocery,Jharkhand,542,1
2024-03-27,Flipkart,F7730,Grocery,Odisha,974,1
2024-03-27,Flipkart,F6118,Grocery,Odisha,245,1
2024-03-27,Flipkart,F9032,Home Decor,Odisha,1689,3
2024-03-27,Flipkart,F5788,Accessories,Haryana,4175,5
2024-03-27,Flipkart,F4750,Electronics,Bihar,999,3
2024-03-27,Flipkart,F5448,Clothes,Delhi,2224,4
2024-03-27,Flipkart,F7523,Home Decor,Assam,1946,2
2024-03-27,Flipkart,F8892,Electronics,Kerala,663,1
2024-03-27,Flipkart,F6201,Home Decor,Maharashtra,1354,2
2024-03-27,Flipkart,F7952,Grocery,Tamil Nadu,1930,5
2024-03-27,Flipkart,F5821,Clothes,Maharashtra,4540,5
2024-03-27,Flipkart,F4534,Electronics,Uttarakhand,3696,4
2024-03-27,Flipkart,F5584,Home Decor,Odisha,2337,3
2024-03-27,Flipkart,F1387,Home Decor,Odisha,2625,3
2024-03-27,Flipkart,F5437,Accessories,Punjab,525,1
2024-03-27,Flipkart,F3457,Grocery,Uttar Pradesh,3830,5
2024-03-27,Flipkart,F4626,Home Decor,Uttarakhand,636,3
2024-03-27,Flipkart,F1693,Electronics,Telangana,2952,4
2024-03-27,Flipkart,F9133,Clothes,Bihar,1143,3
2024-03-27,Flipkart,F6560,Clothes,Chhattisgarh,3616,4
2024-03-28,Flipkart,F6294,Accessories,West Bengal,3976,4
2024-03-28,Flipkart,F9460,Electronics,Chhattisgarh,471,3
2024-03-28,Flipkart,F7839,Grocery,Bihar,2320,4
2024-03-28,Flipkart,F4926,Grocery,Andhra Pradesh,1984,2
2024-03-28,Flipkart,F4680,Clothes,Punjab,3596,4
2024-03-28,Flipkart,F9105,Grocery,Kerala,1779,3
2024-03-28,Flipkart,F9132,Accessories,Odisha,4185,5
2024-03-28,Flipkart,F3019,Electronics,Bihar,789,3
2024-03-28,Flipkart,F8427,Home Decor,West Bengal,367,1
2024-03-28,Flipkart,F5971,Accessories,Haryana,1915,5
2024-03-28,Flipkart,F8903,Home Decor,Gujarat,930,5
2024-03-28,Flipkart,F6847,Electronics,Chhattisgarh,540,4
2024-03-28,Flipkart,F5450,Accessories,Uttarakhand,624,1
2024-03-28,Flipkart,F3945,Grocery,Andhra Pradesh,2584,4
2024-03-28,Flipkart,F7082,Clothes,Madhya Pradesh,928,4
2024-03-28,Flipkart,F9236,Clothes,Jharkhand,3055,5
2024-03-28,Flipkart,F1430,Grocery,Assam,3790,5
2024-03-28,Flipkart,F7117,Accessories,Jharkhand,648,3
2024-03-28,Flipkart,F1617,Home Decor,Bihar,596,1
2024-03-28,Flipkart,F4270,Home Decor,Uttar Pradesh,1020,2
2024-03-28,Flipkart,F8704,Accessories,Chhattisgarh,1766,2
2024-03-28,Flipkart,F8220,Clothes,Odisha,880,5
2024-03-28,Flipkart,F1674,Grocery,Tamil Nadu,796,4
2024-03-28,Flipkart,F3234,Home Decor,Gujarat,752,2
2024-03-28,Flipkart,F4688,Clothes,Delhi,413,1
2024-03-28,Flipkart,F7559,Accessories,Tamil Nadu,1431,3
2024-03-28,Flipkart,F3996,Electronics,Uttar Pradesh,880,1
2024-03-28,Flipkart,F8799,Accessories,Gujarat,3925,5
2024-03-28,Flipkart,F9564,Electronics,Maharashtra,3208,4
2024-03-28,Flipkart,F5077,Accessories,Odisha,3120,4
2024-03-28,Flipkart,F5256,Accessories,Gujarat,1884,3
2024-03-28,Flipkart,F9072,Accessories,Odisha,186,1
2024-03-28,Flipkart,F5381,Home Decor,Jharkhand,1630,5
2024-03-28,Flipkart,F7821,Grocery,Uttar Pradesh,2805,5
2024-03-29,Flipkart,F3844,Electronics,Kerala,3805,5
2024-03-29,Flipkart,F6550,Home Decor,Assam,2112,4
2024-03-29,Flipkart,F6642,Clothes,Maharashtra,639,3
2024-03-29,Flipkart,F8241,Accessories,Karnataka,960,4
2024-03-29,Flipkart,F4795,Electronics,Bihar,330,3
2024-03-29,Flipkart,F2441,Accessories,Haryana,4585,5
2024-03-29,Flipkart,F5616,Accessories,Gujarat,2445,3
2024-03-29,Flipkart,F8157,Electronics,Rajasthan,3892,4
2024-03-29,Flipkart,F8822,Accessories,Rajasthan,1650,5
2024-03-29,Flipkart,F9842,Electronics,Punjab,2859,3
2024-03-29,Flipkart,F6413,Clothes,Haryana,3335,5
2024-03-29,Flipkart,F1281,Electronics,Rajasthan,1886,2
2024-03-29,Flipkart,F6529,Home Decor,Karnataka,2781,3
2024-03-29,Flipkart,F8195,Home Decor,Punjab,2220,5
2024-03-29,Flipkart,F1283,Accessories,Bihar,2384,4
2024-03-29,Flipkart,F7832,Grocery,Tamil Nadu,4950,5
2024-03-29,Flipkart,F4729,Clothes,West Bengal,3820,4
2024-03-29,Flipkart,F4494,Clothes,Haryana,602,1
2024-03-29,Flipkart,F9972,Home Decor,Assam,1456,4
2024-03-29,Flipkart,F6145,Electronics,Gujarat,322,2
2024-03-30,Flipkart,F9921,Electronics,Jharkhand,2792,4
2024-03-30,Flipkart,F6302,Home Decor,Jharkhand,4030,5
2024-03-30,Flipkart,F8857,Accessories,Assam,1896,2
2024-03-30,Flipkart,F3273,Clothes,Uttarakhand,578,1
2024-03-30,Flipkart,F7278,Clothes,Jharkhand,2547,3
2024-03-30,Flipkart,F5244,Clothes,Karnataka,3848,4
2024-03-30,Flipkart,F8056,Clothes,Odisha,329,1
2024-03-30,Flipkart,F9670,Electronics,Karnataka,1268,4
2024-03-30,Flipkart,F5384,Home Decor,Delhi,410,2
2024-03-30,Flipkart,F6993,Accessories,Karnataka,678,1
2024-03-30,Flipkart,F8496,Clothes,Chhattisgarh,3588,4
2024-03-30,Flipkart,F9207,Electronics,Odisha,1455,5
2024-03-30,Flipkart,F9447,Electronics,Maharashtra,542,1
2024-03-30,Flipkart,F8060,Electronics,Odisha,2307,3
2024-03-30,Flipkart,F8414,Clothes,Madhya Pradesh,796,2
2024-03-30,Flipkart,F4363,Clothes,Telangana,3212,4
2024-03-30,Flipkart,F5847,Clothes,Telangana,1070,2
2024-03-30,Flipkart,F3299,Electronics,Andhra Pradesh,963,3
2024-03-30,Flipkart,F3885,Electronics,Bihar,736,4
2024-03-30,Flipkart,F2527,Electronics,Punjab,1290,5
2024-03-30,Flipkart,F1008,Home Decor,Madhya Pradesh,1968,4
2024-03-30,Flipkart,F5804,Electronics,Tamil Nadu,354,1
2024-03-30,Flipkart,F5340,Electronics,Karnataka,3732,4
2024-03-30,Flipkart,F8730,Electronics,Kerala,724,2
2024-03-30,Flipkart,F4181,Home Decor,Uttar Pradesh,1648,4
2024-03-30,Flipkart,F4158,Clothes,Bihar,771,1
2024-03-30,Flipkart,F1249,Clothes,Assam,408,2
2024-03-30,Flipkart,F2026,Electronics,Bihar,329,1
2024-03-30,Flipkart,F6996,Electronics,Haryana,784,1
2024-03-30,Flipkart,F6818,Clothes,Maharashtra,2315,5
2024-03-30,Flipkart,F7494,Home Decor,Odisha,4125,5
2024-03-30,Flipkart,F8104,Accessories,Assam,877,1
2024-03-30,Flipkart,F4281,Electronics,Jharkhand,408,1
2024-03-30,Flipkart,F9414,Accessories,Telangana,624,3
2024-03-30,Flipkart,F9656,Clothes,Uttarakhand,496,2
2024-03-30,Flipkart,F5889,Grocery,Tamil Nadu,2229,3
2024-03-30,Flipkart,F1895,Clothes,Jharkhand,618,3
2024-03-31,Flipkart,F4226,Electronics,Maharashtra,385,1
2024-03-31,Flipkart,F4931,Home Decor,Uttarakhand,4305,5
2024-03-31,Flipkart,F7860,Electronics,Uttarakhand,211,1
2024-03-31,Flipkart,F8816,Electronics,Jharkhand,2008,4
2024-03-31,Flipkart,F8683,Grocery,Rajasthan,2205,3
2024-03-31,Flipkart,F3922,Home Decor,Punjab,2109,3
2024-03-31,Flipkart,F3208,Home Decor,Karnataka,1623,3
2024-03-31,Flipkart,F1609,Clothes,Delhi,951,1
2024-03-31,Flipkart,F7018,Clothes,Gujarat,2088,4
2024-03-31,Flipkart,F1178,Grocery,Telangana,1198,2
2024-03-31,Flipkart,F2220,Home Decor,Tamil Nadu,2140,4
2024-03-31,Flipkart,F4199,Electronics,Rajasthan,1048,2
2024-03-31,Flipkart,F9614,Home Decor,Bihar,1920,2
2024-03-31,Flipkart,F2053,Grocery,Assam,2485,5
2024-03-31,Flipkart,F7152,Electronics,Uttar Pradesh,3615,5
2024-03-31,Flipkart,F8489,Home Decor,Delhi,2215,5
2024-03-31,Flipkart,F2060,Clothes,Andhra Pradesh,1562,2
2024-03-31,Flipkart,F4749,Electronics,Telangana,2130,5
2024-03-31,Flipkart,F4304,Home Decor,Haryana,1980,3
2024-03-31,Flipkart,F4936,Clothes,Telangana,4385,5
2024-03-31,Flipkart,F2908,Clothes,Maharashtra,489,3
2024-03-31,Flipkart,F3915,Grocery,Rajasthan,214,2
2024-03-31,Flipkart,F2276,Accessories,Haryana,243,1
2024-03-31,Flipkart,F4876,Grocery,Chhattisgarh,4595,5
2024-03-31,Flipkart,F8866,Electronics,Odisha,836,2
2024-03-31,Flipkart,F3628,Clothes,Odisha,468,4
2024-03-31,Flipkart,F7173,Clothes,Delhi,3116,4
2024-03-31,Flipkart,F6500,Accessories,Rajasthan,1136,2
2024-03-31,Flipkart,F2014,Electronics,Delhi,2691,3
2024-03-31,Flipkart,F9148,Home Decor,Uttar Pradesh,128,1
2024-03-31,Flipkart,F4143,Electronics,West Bengal,1221,3
2024-03-31,Flipkart,F6853,Grocery,Tamil Nadu,4550,5
2024-03-31,Flipkart,F9439,Grocery,Uttar Pradesh,1958,2
2024-03-31,Flipkart,F2420,Electronics,Uttar Pradesh,1940,2
2024-03-31,Flipkart,F1550,Home Decor,Kerala,1050,3
