date,platform,product_id,category,state,sales,quantity
2023-10-01,Meesho,M5878,Electronics,Delhi,1910,5
2023-10-01,Meesho,M1766,Home Decor,Odisha,985,1
2023-10-01,Meesho,M2706,Home Decor,Madhya Pradesh,2004,4
2023-10-01,Meesho,M4500,Home Decor,Delhi,3300,4
2023-10-01,Meesho,M3204,Accessories,Maharashtra,925,1
2023-10-01,Meesho,M2852,Clothes,Assam,3765,5
2023-10-01,Meesho,M9215,Clothes,Assam,525,5
2023-10-01,Meesho,M1676,Grocery,Assam,1788,2
2023-10-01,Meesho,M1326,Home Decor,Uttarakhand,680,1
2023-10-01,Meesho,M9751,Home Decor,Karnataka,1647,3
2023-10-01,Meesho,M2697,Electronics,Uttar Pradesh,1820,4
2023-10-01,Meesho,M6760,Clothes,Haryana,532,4
2023-10-01,Meesho,M1481,Clothes,Tamil Nadu,960,2
2023-10-01,Meesho,M2716,Grocery,Maharashtra,1135,5
2023-10-01,Meesho,M1485,Electronics,Rajasthan,342,3
2023-10-01,Meesho,M5107,Accessories,Bihar,592,2
2023-10-01,Meesho,M8174,Accessories,Uttar Pradesh,3565,5
2023-10-01,Meesho,M4756,Accessories,Delhi,1092,4
2023-10-01,Meesho,M7108,Electronics,Delhi,1440,4
2023-10-01,Meesho,M3046,Grocery,Odisha,1560,4
2023-10-01,Meesho,M4278,Grocery,Maharashtra,2930,5
2023-10-01,Meesho,M2537,Grocery,Kerala,251,1
2023-10-01,Meesho,M8111,Grocery,Odisha,2217,3
2023-10-01,Meesho,M3230,Electronics,Assam,1542,2
2023-10-01,Meesho,M2488,Clothes,Telangana,1445,5
2023-10-01,Meesho,M4541,Home Decor,West Bengal,322,2
2023-10-01,Meesho,M7243,Home Decor,Maharashtra,211,1
2023-10-01,Meesho,M4945,Home Decor,Madhya Pradesh,949,1
2023-10-01,Meesho,M1464,Grocery,West Bengal,1586,2
2023-10-01,Meesho,M9374,Home Decor,Gujarat,1195,5
2023-10-01,Meesho,M1252,Home Decor,Odisha,2260,4
2023-10-01,Meesho,M3689,Grocery,Jharkhand,3230,5
2023-10-01,Meesho,M5130,Accessories,Punjab,1766,2
2023-10-01,Meesho,M2344,Grocery,Tamil Nadu,678,2
2023-10-01,Meesho,M2813,Electronics,Telangana,1488,4
2023-10-02,Meesho,M9290,Clothes,Maharashtra,372,1
2023-10-02,Meesho,M5680,Accessories,Uttar Pradesh,2520,4
2023-10-02,Meesho,M3146,Grocery,Gujarat,1288,4
2023-10-02,Meesho,M3521,Grocery,Haryana,1412,2
2023-10-02,Meesho,M1067,Clothes,Maharashtra,2632,4
2023-10-02,Meesho,M6553,Clothes,Tamil Nadu,876,4
2023-10-02,Meesho,M6924,Electronics,Tamil Nadu,865,5
2023-10-02,Meesho,M9505,Clothes,Bihar,3290,5
2023-10-02,Meesho,M9286,Grocery,Punjab,686,2
2023-10-02,Meesho,M2778,Home Decor,Jharkhand,530,2
2023-10-02,Meesho,M4356,Home Decor,Karnataka,2928,4
2023-10-02,Meesho,M4406,Clothes,Kerala,2860,4
2023-10-02,Meesho,M6791,Accessories,Odisha,678,1
2023-10-02,Meesho,M2611,Accessories,Chhattisgarh,578,2
2023-10-02,Meesho,M2361,Electronics,Gujarat,647,1
2023-10-02,Meesho,M5588,Accessories,Chhattisgarh,1144,2
2023-10-02,Meesho,M7300,Electronics,Bihar,357,1
2023-10-02,Meesho,M7271,Accessories,Haryana,1222,2
2023-10-02,Meesho,M3079,Electronics,Bihar,2150,5
2023-10-02,Meesho,M3417,Accessories,Delhi,1676,2
2023-10-02,Meesho,M3206,Home Decor,Punjab,547,1
2023-10-02,Meesho,M9560,Electronics,Tamil Nadu,404,1
2023-10-02,Meesho,M7080,Accessories,Karnataka,2780,5
2023-10-02,Meesho,M4812,Electronics,Karnataka,1376,2
2023-10-02,Meesho,M9734,Home Decor,Delhi,418,1
2023-10-02,Meesho,M7158,Accessories,Madhya Pradesh,2104,4
2023-10-02,Meesho,M7770,Grocery,Maharashtra,2148,3
2023-10-02,Meesho,M8736,Home Decor,Karnataka,3810,5
2023-10-02,Meesho,M2355,Home Decor,Karnataka,2520,4
2023-10-02,Meesho,M9474,Accessories,Gujarat,926,2
2023-10-02,Meesho,M7145,Electronics,Punjab,1518,2
2023-10-02,Meesho,M4535,Home Decor,Bihar,456,1
2023-10-02,Meesho,M6105,Grocery,West Bengal,362,1
2023-10-02,Meesho,M3235,Electronics,Andhra Pradesh,982,2
2023-10-02,Meesho,M9498,Electronics,Uttarakhand,1593,3
2023-10-02,Meesho,M8384,Electronics,Madhya Pradesh,129,1
2023-10-02,Meesho,M8626,Clothes,Assam,590,5
2023-10-02,Meesho,M6171,Home Decor,Andhra Pradesh,525,3
2023-10-02,Meesho,M8458,Accessories,Uttarakhand,2373,3
2023-10-03,Meesho,M9156,Accessories,Maharashtra,244,2
2023-10-03,Meesho,M8499,Electronics,Maharashtra,3945,5
2023-10-03,Meesho,M6884,Electronics,Karnataka,1608,4
2023-10-03,Meesho,M2961,Clothes,Gujarat,2778,3
2023-10-03,Meesho,M9214,Home Decor,Jharkhand,163,1
2023-10-03,Meesho,M3966,Grocery,Tamil Nadu,1110,2
2023-10-03,Meesho,M1654,Electronics,Jharkhand,1444,2
2023-10-03,Meesho,M6302,Accessories,Andhra Pradesh,2538,3
2023-10-03,Meesho,M2834,Clothes,Assam,704,4
2023-10-03,Meesho,M9117,Clothes,Assam,2800,5
2023-10-03,Meesho,M4755,Accessories,Gujarat,568,2
2023-10-03,Meesho,M6976,Electronics,Assam,4140,5
2023-10-03,Meesho,M4273,Clothes,Tamil Nadu,1508,4
2023-10-03,Meesho,M7961,Home Decor,Telangana,1728,2
2023-10-03,Meesho,M7043,Home Decor,Odisha,958,2
2023-10-03,Meesho,M1240,Grocery,West Bengal,2905,5
2023-10-03,Meesho,M8660,Home Decor,Karnataka,1470,2
2023-10-03,Meesho,M5528,Electronics,Delhi,922,2
2023-10-03,Meesho,M6520,Accessories,Tamil Nadu,402,1
2023-10-03,Meesho,M3481,Electronics,Karnataka,2180,5
2023-10-04,Meesho,M4661,Electronics,Odisha,1040,4
2023-10-04,Meesho,M7848,Electronics,Chhattisgarh,3616,4
2023-10-04,Meesho,M3972,Clothes,Madhya Pradesh,4240,5
2023-10-04,Meesho,M7569,Grocery,Tamil Nadu,825,1
2023-10-04,Meesho,M8221,Accessories,West Bengal,2752,4
2023-10-04,Meesho,M1560,Clothes,Uttarakhand,1521,3
2023-10-04,Meesho,M3384,Home Decor,Maharashtra,302,2
2023-10-04,Meesho,M9542,Electronics,Kerala,1680,4
2023-10-04,Meesho,M5281,Clothes,Bihar,609,3
2023-10-04,Meesho,M5142,Electronics,Maharashtra,2763,3
2023-10-04,Meesho,M9338,Home Decor,Andhra Pradesh,4455,5
2023-10-04,Meesho,M5064,Home Decor,Assam,2940,4
2023-10-04,Meesho,M6323,Accessories,Telangana,1364,2
2023-10-04,Meesho,M7168,Accessories,Chhattisgarh,531,1
2023-10-04,Meesho,M3264,Electronics,Odisha,4240,5
2023-10-04,Meesho,M5136,Home Decor,Karnataka,637,1
2023-10-04,Meesho,M2838,Grocery,Bihar,714,3
2023-10-04,Meesho,M5316,Clothes,Madhya Pradesh,804,4
2023-10-04,Meesho,M5764,Electronics,Tamil Nadu,1372,4
2023-10-04,Meesho,M7791,Accessories,Andhra Pradesh,630,2
2023-10-04,Meesho,M2078,Accessories,Assam,3665,5
2023-10-04,Meesho,M7395,Clothes,Punjab,1154,2
2023-10-04,Meesho,M2212,Accessories,Delhi,540,5
2023-10-04,Meesho,M9036,Accessories,Maharashtra,351,1
2023-10-04,Meesho,M9494,Clothes,Rajasthan,2720,5
2023-10-04,Meesho,M2801,Clothes,Delhi,4495,5
2023-10-04,Meesho,M7766,Home Decor,Odisha,674,1
2023-10-04,Meesho,M1719,Clothes,Telangana,665,5
2023-10-04,Meesho,M6571,Electronics,Chhattisgarh,116,1
2023-10-04,Meesho,M7620,Accessories,Assam,1692,2
2023-10-04,Meesho,M4591,Grocery,Assam,3200,5
2023-10-04,Meesho,M1854,Electronics,Telangana,326,2
2023-10-04,Meesho,M7642,Accessories,Jharkhand,1446,3
2023-10-04,Meesho,M7883,Accessories,Odisha,1730,5
2023-10-04,Meesho,M5110,Accessories,Uttarakhand,4935,5
2023-10-04,Meesho,M2031,Clothes,Bihar,1258,2
2023-10-04,Meesho,M8557,Home Decor,Karnataka,279,1
2023-10-04,Meesho,M8403,Clothes,Telangana,2012,4
2023-10-04,Meesho,M2965,Electronics,Bihar,1593,3
2023-10-04,Meesho,M5645,Accessories,Maharashtra,480,1
2023-10-05,Meesho,M7344,Grocery,Chhattisgarh,3545,5
2023-10-05,Meesho,M7035,Home Decor,Delhi,818,2
2023-10-05,Meesho,M4710,Electronics,Chhattisgarh,2445,3
2023-10-05,Meesho,M4175,Electronics,Assam,756,2
2023-10-05,Meesho,M9115,Home Decor,Punjab,812,1
2023-10-05,Meesho,M2470,Grocery,Punjab,3560,5
2023-10-05,Meesho,M2038,Clothes,Madhya Pradesh,1362,2
2023-10-05,Meesho,M2046,Clothes,Delhi,2480,5
2023-10-05,Meesho,M4381,Accessories,Kerala,1440,5
2023-10-05,Meesho,M7963,Grocery,Delhi,4870,5
2023-10-05,Meesho,M2039,Clothes,Karnataka,585,1
2023-10-05,Meesho,M3838,Home Decor,Haryana,4980,5
2023-10-05,Meesho,M4651,Electronics,Rajasthan,477,1
2023-10-05,Meesho,M3331,Accessories,Chhattisgarh,924,4
2023-10-05,Meesho,M2004,Clothes,Odisha,4485,5
2023-10-05,Meesho,M1835,Grocery,Haryana,4235,5
2023-10-05,Meesho,M9401,Electronics,West Bengal,1542,2
2023-10-05,Meesho,M2464,Electronics,Maharashtra,3275,5
2023-10-05,Meesho,M9499,Accessories,Maharashtra,4505,5
2023-10-05,Meesho,M2791,Clothes,Delhi,276,1
2023-10-05,Meesho,M5214,Accessories,Karnataka,1566,2
2023-10-05,Meesho,M8828,Home Decor,Tamil Nadu,3484,4
2023-10-05,Meesho,M1267,Electronics,Delhi,732,1
2023-10-05,Meesho,M1206,Clothes,Telangana,801,3
2023-10-05,Meesho,M2055,Accessories,Andhra Pradesh,753,1
2023-10-05,Meesho,M8424,Grocery,Chhattisgarh,1204,4
2023-10-05,Meesho,M8862,Grocery,Uttar Pradesh,2608,4
2023-10-05,Meesho,M4226,Grocery,Karnataka,997,1
2023-10-05,Meesho,M4885,Electronics,Tamil Nadu,695,1
2023-10-05,Meesho,M6545,Accessories,Uttarakhand,2964,3
2023-10-05,Meesho,M5051,Electronics,Punjab,1200,5
2023-10-05,Meesho,M4948,Grocery,Uttar Pradesh,1587,3
2023-10-05,Meesho,M9594,Electronics,Delhi,3130,5
2023-10-05,Meesho,M5499,Grocery,Karnataka,1656,4
2023-10-05,Meesho,M6287,Home Decor,Maharashtra,1420,4
2023-10-05,Meesho,M6621,Electronics,Uttar Pradesh,2540,4
2023-10-05,Meesho,M5865,Electronics,Uttar Pradesh,4430,5
2023-10-05,Meesho,M4788,Clothes,Punjab,1137,3
2023-10-05,Meesho,M2706,Home Decor,Maharashtra,1220,2
2023-10-06,Meesho,M5694,Accessories,Jharkhand,1974,3
2023-10-06,Meesho,M3455,Electronics,Punjab,3525,5
2023-10-06,Meesho,M5400,Grocery,Rajasthan,483,1
2023-10-06,Meesho,M2365,Accessories,Bihar,3792,4
2023-10-06,Meesho,M8340,Grocery,Maharashtra,440,1
2023-10-06,Meesho,M5029,Home Decor,West Bengal,2656,4
2023-10-06,Meesho,M4035,Electronics,Punjab,2996,4
2023-10-06,Meesho,M3878,Grocery,Telangana,4785,5
2023-10-06,Meesho,M4230,Grocery,Gujarat,2724,4
2023-10-06,Meesho,M4337,Home Decor,Delhi,1782,2
2023-10-06,Meesho,M2518,Accessories,Andhra Pradesh,292,2
2023-10-06,Meesho,M2090,Electronics,Rajasthan,1096,4
2023-10-06,Meesho,M1141,Accessories,Chhattisgarh,2676,3
2023-10-06,Meesho,M9290,Accessories,Uttarakhand,204,1
2023-10-06,Meesho,M2833,Home Decor,West Bengal,1594,2
2023-10-06,Meesho,M9762,Grocery,Tamil Nadu,1332,3
2023-10-06,Meesho,M2170,Grocery,Chhattisgarh,680,5
2023-10-06,Meesho,M3905,Grocery,Kerala,1995,3
2023-10-06,Meesho,M5598,Electronics,Tamil Nadu,2901,3
2023-10-06,Meesho,M9230,Clothes,Odisha,163,1
2023-10-07,Meesho,M3462,Clothes,Gujarat,1536,3
2023-10-07,Meesho,M9061,Accessories,Haryana,2664,4
2023-10-07,Meesho,M9674,Home Decor,Haryana,2337,3
2023-10-07,Meesho,M1550,Clothes,Gujarat,2145,5
2023-10-07,Meesho,M7414,Clothes,Bihar,1836,4
2023-10-07,Meesho,M9623,Accessories,Tamil Nadu,3845,5
2023-10-07,Meesho,M7945,Clothes,Tamil Nadu,1236,2
2023-10-07,Meesho,M9683,Accessories,Gujarat,1780,4
2023-10-07,Meesho,M2283,Home Decor,Punjab,2475,5
2023-10-07,Meesho,M4599,Electronics,Chhattisgarh,2830,5
2023-10-07,Meesho,M6146,Grocery,Maharashtra,3160,4
2023-10-07,Meesho,M3181,Grocery,Odisha,572,2
2023-10-07,Meesho,M2245,Grocery,Chhattisgarh,1695,5
2023-10-07,Meesho,M8471,Clothes,Bihar,828,4
2023-10-07,Meesho,M9210,Electronics,Delhi,2584,4
2023-10-07,Meesho,M1886,Accessories,Haryana,4755,5
2023-10-07,Meesho,M7148,Accessories,Uttarakhand,380,1
2023-10-07,Meesho,M7837,Clothes,West Bengal,2065,5
2023-10-07,Meesho,M4257,Accessories,Assam,166,1
2023-10-07,Meesho,M9542,Home Decor,Odisha,804,4
2023-10-07,Meesho,M2519,Grocery,Chhattisgarh,2631,3
2023-10-07,Meesho,M7395,Clothes,Assam,3644,4
2023-10-08,Meesho,M2898,Clothes,Assam,1674,2
2023-10-08,Meesho,M5244,Electronics,Delhi,603,1
2023-10-08,Meesho,M6219,Electronics,Haryana,3024,4
2023-10-08,Meesho,M6161,Home Decor,Jharkhand,720,5
2023-10-08,Meesho,M1207,Grocery,Uttar Pradesh,555,5
2023-10-08,Meesho,M8881,Clothes,Madhya Pradesh,3030,5
2023-10-08,Meesho,M8406,Home Decor,Uttarakhand,1404,4
2023-10-08,Meesho,M4997,Home Decor,Telangana,562,2
2023-10-08,Meesho,M5772,Accessories,Odisha,520,1
2023-10-08,Meesho,M7480,Home Decor,Karnataka,414,3
2023-10-08,Meesho,M2366,Clothes,Maharashtra,912,3
2023-10-08,Meesho,M3477,Electronics,Uttarakhand,3820,5
2023-10-08,Meesho,M8830,Grocery,Punjab,911,1
2023-10-08,Meesho,M4692,Home Decor,Jharkhand,3120,4
2023-10-08,Meesho,M8849,Accessories,Odisha,2517,3
2023-10-08,Meesho,M8209,Accessories,Madhya Pradesh,1252,4
2023-10-08,Meesho,M9843,Home Decor,Maharashtra,1800,2
2023-10-08,Meesho,M5623,Home Decor,Bihar,990,2
2023-10-08,Meesho,M3834,Grocery,West Bengal,306,2
2023-10-08,Meesho,M6228,Clothes,Karnataka,417,3
2023-10-08,Meesho,M6129,Grocery,Telangana,1011,3
2023-10-08,Meesho,M1012,Accessories,Rajasthan,1350,3
2023-10-08,Meesho,M5943,Clothes,Jharkhand,852,3
2023-10-08,Meesho,M4266,Accessories,Jharkhand,1230,2
2023-10-08,Meesho,M5850,Grocery,Chhattisgarh,4610,5
2023-10-08,Meesho,M8195,Clothes,Madhya Pradesh,960,2
2023-10-08,Meesho,M2816,Clothes,Andhra Pradesh,1530,2
2023-10-08,Meesho,M3354,Electronics,Telangana,3330,5
2023-10-08,Meesho,M4052,Grocery,Rajasthan,2896,4
2023-10-08,Meesho,M5668,Grocery,Jharkhand,2672,4
2023-10-09,Meesho,M3034,Electronics,Madhya Pradesh,1776,4
2023-10-09,Meesho,M4836,Accessories,Punjab,2432,4
2023-10-09,Meesho,M1413,Accessories,Jharkhand,777,1
2023-10-09,Meesho,M1272,Home Decor,Madhya Pradesh,2385,3
2023-10-09,Meesho,M2343,Grocery,Delhi,586,2
2023-10-09,Meesho,M8109,Home Decor,West Bengal,576,1
2023-10-09,Meesho,M9610,Home Decor,Uttar Pradesh,1300,4
2023-10-09,Meesho,M5448,Home Decor,Uttarakhand,1544,4
2023-10-09,Meesho,M9165,Home Decor,Karnataka,825,1
2023-10-09,Meesho,M2547,Accessories,Uttar Pradesh,4380,5
2023-10-09,Meesho,M3099,Clothes,Uttar Pradesh,1701,3
2023-10-09,Meesho,M9402,Accessories,Uttar Pradesh,4395,5
2023-10-09,Meesho,M6594,Electronics,West Bengal,1746,2
2023-10-09,Meesho,M9690,Electronics,Jharkhand,4805,5
2023-10-09,Meesho,M9912,Grocery,Chhattisgarh,1200,3
2023-10-09,Meesho,M3701,Clothes,Jharkhand,530,2
2023-10-09,Meesho,M7851,Grocery,Bihar,999,1
2023-10-09,Meesho,M8834,Clothes,Assam,4025,5
2023-10-09,Meesho,M5035,Accessories,Kerala,548,1
2023-10-09,Meesho,M3653,Accessories,Haryana,976,4
2023-10-09,Meesho,M7705,Clothes,Bihar,968,1
2023-10-09,Meesho,M4817,Grocery,Karnataka,1722,2
2023-10-09,Meesho,M7888,Home Decor,Madhya Pradesh,675,1
2023-10-09,Meesho,M2794,Accessories,Punjab,2277,3
2023-10-10,Meesho,M9789,Clothes,Uttar Pradesh,1064,4
2023-10-10,Meesho,M9055,Electronics,Punjab,513,3
2023-10-10,Meesho,M2013,Home Decor,Uttar Pradesh,1176,2
2023-10-10,Meesho,M9886,Accessories,Bihar,987,1
2023-10-10,Meesho,M2805,Grocery,Karnataka,1530,3
2023-10-10,Meesho,M3935,Electronics,Kerala,310,2
2023-10-10,Meesho,M1018,Electronics,Rajasthan,1596,2
2023-10-10,Meesho,M1104,Home Decor,Telangana,2784,4
2023-10-10,Meesho,M1900,Home Decor,Andhra Pradesh,3448,4
2023-10-10,Meesho,M6008,Electronics,Chhattisgarh,351,3
2023-10-10,Meesho,M7080,Accessories,Assam,3732,4
2023-10-10,Meesho,M2712,Accessories,Maharashtra,2706,3
2023-10-10,Meesho,M9415,Clothes,Bihar,852,1
2023-10-10,Meesho,M5775,Home Decor,Uttarakhand,753,3
2023-10-10,Meesho,M9259,Home Decor,Uttarakhand,4160,5
2023-10-10,Meesho,M9739,Grocery,Bihar,2508,3
2023-10-10,Meesho,M1044,Electronics,Gujarat,960,4
2023-10-10,Meesho,M5043,Home Decor,Kerala,284,2
2023-10-10,Meesho,M4208,Clothes,Karnataka,1170,2
2023-10-10,Meesho,M4230,Clothes,Uttar Pradesh,2001,3
2023-10-10,Meesho,M7364,Grocery,Karnataka,4795,5
2023-10-10,Meesho,M6914,Electronics,Kerala,298,1
2023-10-10,Meesho,M4119,Accessories,Kerala,234,2
2023-10-10,Meesho,M3959,Home Decor,Rajasthan,1340,4
2023-10-10,Meesho,M7387,Clothes,Karnataka,1850,5
2023-10-11,Meesho,M6937,Clothes,Telangana,456,3
2023-10-11,Meesho,M4124,Accessories,Delhi,660,2
2023-10-11,Meesho,M8740,Electronics,Uttarakhand,462,1
2023-10-11,Meesho,M2719,Clothes,Rajasthan,1995,5
2023-10-11,Meesho,M2863,Clothes,Punjab,2240,4
2023-10-11,Meesho,M1352,Grocery,West Bengal,551,1
2023-10-11,Meesho,M2974,Clothes,Kerala,2763,3
2023-10-11,Meesho,M1576,Accessories,Uttar Pradesh,572,2
2023-10-11,Meesho,M4537,Home Decor,Karnataka,1405,5
2023-10-11,Meesho,M1424,Electronics,Bihar,3472,4
2023-10-11,Meesho,M3983,Electronics,Delhi,2049,3
2023-10-11,Meesho,M7709,Home Decor,Uttarakhand,650,1
2023-10-11,Meesho,M9966,Accessories,Gujarat,2001,3
2023-10-11,Meesho,M4201,Grocery,Jharkhand,880,4
2023-10-11,Meesho,M7038,Electronics,Delhi,673,1
2023-10-11,Meesho,M8636,Grocery,Maharashtra,856,4
2023-10-11,Meesho,M1949,Home Decor,Karnataka,346,2
2023-10-11,Meesho,M1220,Grocery,Odisha,994,1
2023-10-11,Meesho,M2164,Accessories,Andhra Pradesh,1552,2
2023-10-11,Meesho,M9875,Grocery,Chhattisgarh,1544,4
2023-10-11,Meesho,M5363,Electronics,Maharashtra,2815,5
2023-10-11,Meesho,M7799,Home Decor,Haryana,1290,3
2023-10-11,Meesho,M4843,Grocery,Odisha,238,2
2023-10-12,Meesho,M4194,Electronics,Andhra Pradesh,1378,2
2023-10-12,Meesho,M5424,Accessories,Haryana,1578,3
2023-10-12,Meesho,M6330,Home Decor,Chhattisgarh,1320,4
2023-10-12,Meesho,M2202,Grocery,Tamil Nadu,840,5
2023-10-12,Meesho,M2668,Grocery,Punjab,759,1
2023-10-12,Meesho,M6076,Home Decor,Kerala,302,2
2023-10-12,Meesho,M3329,Home Decor,Rajasthan,1916,2
2023-10-12,Meesho,M6112,Grocery,Kerala,638,2
2023-10-12,Meesho,M1307,Clothes,Rajasthan,1250,5
2023-10-12,Meesho,M4621,Accessories,Bihar,1680,5
2023-10-12,Meesho,M1924,Electronics,Punjab,3630,5
2023-10-12,Meesho,M2594,Accessories,Assam,1764,2
2023-10-12,Meesho,M6192,Clothes,Madhya Pradesh,3108,4
2023-10-12,Meesho,M6750,Accessories,Jharkhand,441,3
2023-10-12,Meesho,M8226,Electronics,Maharashtra,688,4
2023-10-12,Meesho,M4881,Clothes,Telangana,366,1
2023-10-12,Meesho,M7977,Home Decor,Karnataka,1689,3
2023-10-12,Meesho,M4233,Clothes,Chhattisgarh,3750,5
2023-10-12,Meesho,M9933,Clothes,Uttar Pradesh,2526,3
2023-10-12,Meesho,M2597,Grocery,Chhattisgarh,1055,5
2023-10-13,Meesho,M9948,Electronics,Uttar Pradesh,3095,5
2023-10-13,Meesho,M4324,Clothes,Maharashtra,336,2
2023-10-13,Meesho,M1669,Home Decor,Tamil Nadu,4015,5
2023-10-13,Meesho,M4254,Grocery,Gujarat,3140,5
2023-10-13,Meesho,M4587,Grocery,Maharashtra,1287,3
2023-10-13,Meesho,M9280,Electronics,Bihar,1094,2
2023-10-13,Meesho,M1643,Electronics,Uttar Pradesh,2790,3
2023-10-13,Meesho,M6467,Accessories,Bihar,910,1
2023-10-13,Meesho,M3761,Clothes,Telangana,531,1
2023-10-13,Meesho,M6707,Grocery,Gujarat,1010,5
2023-10-13,Meesho,M7619,Electronics,Madhya Pradesh,224,2
2023-10-13,Meesho,M7350,Home Decor,Uttar Pradesh,996,1
2023-10-13,Meesho,M4935,Home Decor,Punjab,1086,2
2023-10-13,Meesho,M9872,Home Decor,Punjab,1131,3
2023-10-13,Meesho,M6520,Electronics,Punjab,1371,3
2023-10-13,Meesho,M9392,Home Decor,Chhattisgarh,2025,5
2023-10-13,Meesho,M9387,Home Decor,Jharkhand,430,1
2023-10-13,Meesho,M1151,Accessories,Rajasthan,1570,5
2023-10-13,Meesho,M3758,Accessories,Bihar,1412,4
2023-10-13,Meesho,M6169,Clothes,Haryana,1120,2
2023-10-13,Meesho,M9445,Clothes,Tamil Nadu,1212,4
2023-10-13,Meesho,M2006,Grocery,Delhi,1784,4
2023-10-13,Meesho,M5858,Clothes,Andhra Pradesh,721,1
2023-10-13,Meesho,M3332,Grocery,Odisha,226,1
2023-10-13,Meesho,M9591,Accessories,Uttar Pradesh,2904,4
2023-10-13,Meesho,M8215,Accessories,Maharashtra,370,2
2023-10-13,Meesho,M1583,Home Decor,Maharashtra,1600,2
2023-10-13,Meesho,M7676,Accessories,Rajasthan,1156,4
2023-10-13,Meesho,M3151,Electronics,Assam,1383,3
2023-10-13,Meesho,M4503,Grocery,Andhra Pradesh,2210,5
2023-10-13,Meesho,M1018,Electronics,Tamil Nadu,3248,4
2023-10-13,Meesho,M5564,Clothes,Maharashtra,750,2
2023-10-13,Meesho,M4697,Home Decor,Rajasthan,2540,4
2023-10-14,Meesho,M1918,Grocery,Assam,2628,3
2023-10-14,Meesho,M1326,Accessories,West Bengal,272,2
2023-10-14,Meesho,M6375,Accessories,Maharashtra,3756,4
2023-10-14,Meesho,M6555,Clothes,Telangana,2425,5
2023-10-14,Meesho,M5729,Clothes,Delhi,308,1
2023-10-14,Meesho,M7741,Grocery,Telangana,826,2
2023-10-14,Meesho,M5596,Electronics,Gujarat,101,1
2023-10-14,Meesho,M6886,Home Decor,Assam,1890,2
2023-10-14,Meesho,M3026,Accessories,Madhya Pradesh,1065,3
2023-10-14,Meesho,M6098,Grocery,Telangana,1242,2
2023-10-14,Meesho,M6663,Grocery,West Bengal,992,4
2023-10-14,Meesho,M2767,Accessories,Chhattisgarh,612,4
2023-10-14,Meesho,M5286,Clothes,Rajasthan,680,4
2023-10-14,Meesho,M2368,Grocery,Haryana,2160,5
2023-10-14,Meesho,M7036,Grocery,Telangana,2619,3
2023-10-14,Meesho,M2175,Home Decor,Kerala,4265,5
2023-10-14,Meesho,M3053,Clothes,West Bengal,2082,3
2023-10-14,Meesho,M2599,Accessories,Telangana,752,4
2023-10-14,Meesho,M3506,Grocery,Delhi,4085,5
2023-10-14,Meesho,M6747,Clothes,Telangana,1580,2
2023-10-14,Meesho,M3652,Grocery,Bihar,2709,3
2023-10-15,Meesho,M9647,Clothes,Haryana,894,3
2023-10-15,Meesho,M7488,Electronics,Odisha,1220,4
2023-10-15,Meesho,M8304,Home Decor,Haryana,735,1
2023-10-15,Meesho,M4754,Clothes,Uttarakhand,1855,5
2023-10-15,Meesho,M5327,Electronics,Punjab,1905,5
2023-10-15,Meesho,M1439,Grocery,Odisha,3172,4
2023-10-15,Meesho,M4853,Home Decor,Jharkhand,1770,3
2023-10-15,Meesho,M6992,Home Decor,Kerala,4100,5
2023-10-15,Meesho,M5611,Accessories,Bihar,786,3
2023-10-15,Meesho,M3010,Clothes,Odisha,1956,3
2023-10-15,Meesho,M2986,Clothes,Delhi,3252,4
2023-10-15,Meesho,M3032,Electronics,Jharkhand,3076,4
2023-10-15,Meesho,M3555,Home Decor,Karnataka,1563,3
2023-10-15,Meesho,M7998,Clothes,Tamil Nadu,2772,3
2023-10-15,Meesho,M9211,Electronics,Bihar,1848,3
2023-10-15,Meesho,M8966,Accessories,Andhra Pradesh,614,1
2023-10-15,Meesho,M8557,Home Decor,Haryana,3540,4
2023-10-15,Meesho,M6917,Grocery,Telangana,1260,5
2023-10-15,Meesho,M3996,Accessories,Rajasthan,435,3
2023-10-15,Meesho,M5327,Accessories,Uttar Pradesh,2450,5
2023-10-15,Meesho,M8293,Electronics,Delhi,859,1
2023-10-15,Meesho,M8771,Accessories,Maharashtra,506,2
2023-10-15,Meesho,M1379,Home Decor,Odisha,900,5
2023-10-15,Meesho,M3538,Electronics,Gujarat,1110,2
2023-10-15,Meesho,M3194,Accessories,Andhra Pradesh,1530,3
2023-10-15,Meesho,M8761,Electronics,Gujarat,1278,3
2023-10-15,Meesho,M4777,Accessories,Maharashtra,1455,3
2023-10-15,Meesho,M9708,Electronics,Karnataka,3085,5
2023-10-15,Meesho,M4539,Home Decor,Telangana,3200,4
2023-10-15,Meesho,M7458,Clothes,Haryana,339,3
2023-10-15,Meesho,M9481,Home Decor,Tamil Nadu,807,1
2023-10-15,Meesho,M5666,Accessories,West Bengal,1524,4
2023-10-15,Meesho,M5139,Electronics,Gujarat,1845,5
2023-10-15,Meesho,M9633,Electronics,Tamil Nadu,2448,3
2023-10-15,Meesho,M1564,Accessories,Chhattisgarh,4635,5
2023-10-15,Meesho,M5526,Accessories,Andhra Pradesh,1797,3
2023-10-16,Meesho,M8098,Electronics,Odisha,3384,4
2023-10-16,Meesho,M7491,Electronics,Punjab,1624,2
2023-10-16,Meesho,M5666,Grocery,Bihar,2616,4
2023-10-16,Meesho,M1492,Electronics,Assam,1805,5
2023-10-16,Meesho,M7325,Accessories,Kerala,660,2
2023-10-16,Meesho,M1860,Home Decor,Kerala,1238,2
2023-10-16,Meesho,M7004,Accessories,Delhi,1833,3
2023-10-16,Meesho,M3392,Grocery,Karnataka,392,2
2023-10-16,Meesho,M6820,Home Decor,West Bengal,2000,5
2023-10-16,Meesho,M8592,Grocery,Andhra Pradesh,590,2
2023-10-16,Meesho,M2749,Electronics,Assam,540,5
2023-10-16,Meesho,M7584,Home Decor,Karnataka,1268,2
2023-10-16,Meesho,M1580,Clothes,Jharkhand,2504,4
2023-10-16,Meesho,M7961,Accessories,Uttarakhand,2166,3
2023-10-16,Meesho,M2951,Home Decor,Delhi,919,1
2023-10-16,Meesho,M8502,Grocery,Andhra Pradesh,608,1
2023-10-16,Meesho,M9730,Electronics,Odisha,648,3
2023-10-16,Meesho,M2252,Electronics,Karnataka,1352,2
2023-10-16,Meesho,M4581,Home Decor,Odisha,3610,5
2023-10-16,Meesho,M8278,Grocery,Jharkhand,1750,2
2023-10-16,Meesho,M8118,Grocery,Rajasthan,892,2
2023-10-17,Meesho,M1677,Home Decor,Madhya Pradesh,186,1
2023-10-17,Meesho,M5848,Clothes,West Bengal,510,3
2023-10-17,Meesho,M7716,Accessories,Karnataka,2284,4
2023-10-17,Meesho,M1993,Clothes,Jharkhand,752,1
2023-10-17,Meesho,M7781,Home Decor,Odisha,1108,4
2023-10-17,Meesho,M6318,Clothes,Punjab,550,5
2023-10-17,Meesho,M2456,Clothes,Odisha,766,2
2023-10-17,Meesho,M6850,Clothes,Bihar,1510,5
2023-10-17,Meesho,M5257,Grocery,Rajasthan,1100,2
2023-10-17,Meesho,M2021,Electronics,Tamil Nadu,4550,5
2023-10-17,Meesho,M7840,Accessories,Assam,2844,4
2023-10-17,Meesho,M3344,Electronics,Uttarakhand,1962,3
2023-10-17,Meesho,M8741,Accessories,Maharashtra,2748,4
2023-10-17,Meesho,M2033,Electronics,Tamil Nadu,1232,4
2023-10-17,Meesho,M3288,Clothes,West Bengal,899,1
2023-10-17,Meesho,M6812,Accessories,Karnataka,657,3
2023-10-17,Meesho,M8752,Clothes,Uttar Pradesh,1041,3
2023-10-17,Meesho,M3756,Electronics,West Bengal,968,1
2023-10-17,Meesho,M5141,Clothes,Chhattisgarh,270,1
2023-10-17,Meesho,M9625,Accessories,Uttar Pradesh,3675,5
2023-10-17,Meesho,M3152,Accessories,Jharkhand,1532,4
2023-10-17,Meesho,M2076,Electronics,Punjab,607,1
2023-10-17,Meesho,M5058,Electronics,Bihar,3800,5
2023-10-17,Meesho,M6154,Accessories,Uttar Pradesh,644,2
2023-10-17,Meesho,M1278,Accessories,Odisha,1830,2
2023-10-17,Meesho,M4963,Grocery,Punjab,1140,5
2023-10-17,Meesho,M9639,Home Decor,Gujarat,1620,3
2023-10-17,Meesho,M1184,Home Decor,Maharashtra,824,1
2023-10-17,Meesho,M6220,Grocery,Uttar Pradesh,770,5
2023-10-17,Meesho,M7832,Electronics,Maharashtra,830,2
2023-10-18,Meesho,M6979,Electronics,Madhya Pradesh,1718,2
2023-10-18,Meesho,M5841,Grocery,Maharashtra,3980,5
2023-10-18,Meesho,M7113,Grocery,Andhra Pradesh,3900,4
2023-10-18,Meesho,M7721,Grocery,Tamil Nadu,2375,5
2023-10-18,Meesho,M3205,Home Decor,Jharkhand,868,2
2023-10-18,Meesho,M7709,Grocery,Uttarakhand,2912,4
2023-10-18,Meesho,M9538,Home Decor,Telangana,2645,5
2023-10-18,Meesho,M4031,Clothes,Rajasthan,1336,2
2023-10-18,Meesho,M2706,Electronics,Maharashtra,1676,2
2023-10-18,Meesho,M2483,Accessories,Gujarat,968,2
2023-10-18,Meesho,M6339,Electronics,Madhya Pradesh,587,1
2023-10-18,Meesho,M8725,Accessories,Haryana,1410,2
2023-10-18,Meesho,M1927,Home Decor,Andhra Pradesh,2400,5
2023-10-18,Meesho,M7078,Electronics,Punjab,3660,4
2023-10-18,Meesho,M1784,Electronics,Kerala,1758,3
2023-10-18,Meesho,M2944,Accessories,Haryana,3960,4
2023-10-18,Meesho,M2512,Accessories,Assam,1455,5
2023-10-18,Meesho,M3195,Accessories,Maharashtra,3032,4
2023-10-18,Meesho,M5937,Home Decor,Gujarat,956,1
2023-10-18,Meesho,M6698,Home Decor,Kerala,273,1
2023-10-18,Meesho,M9580,Accessories,Assam,910,5
2023-10-18,Meesho,M1002,Electronics,Kerala,743,1
2023-10-18,Meesho,M1366,Clothes,West Bengal,3320,5
2023-10-18,Meesho,M8179,Home Decor,Karnataka,1670,5
2023-10-18,Meesho,M7022,Home Decor,Uttar Pradesh,2350,5
2023-10-18,Meesho,M9864,Home Decor,Kerala,251,1
2023-10-18,Meesho,M3804,Electronics,Punjab,180,1
2023-10-18,Meesho,M2995,Electronics,Bihar,3936,4
2023-10-18,Meesho,M2431,Electronics,Jharkhand,1496,2
2023-10-18,Meesho,M8971,Grocery,Assam,2055,5
2023-10-19,Meesho,M3873,Grocery,Rajasthan,872,1
2023-10-19,Meesho,M7902,Clothes,Bihar,978,2
2023-10-19,Meesho,M8653,Clothes,Haryana,382,1
2023-10-19,Meesho,M8531,Home Decor,Madhya Pradesh,1024,4
2023-10-19,Meesho,M1938,Clothes,Punjab,1444,4
2023-10-19,Meesho,M2262,Home Decor,Jharkhand,1655,5
2023-10-19,Meesho,M7222,Accessories,Bihar,1176,3
2023-10-19,Meesho,M9184,Grocery,Andhra Pradesh,1958,2
2023-10-19,Meesho,M2677,Grocery,West Bengal,835,5
2023-10-19,Meesho,M8972,Electronics,Chhattisgarh,4275,5
2023-10-19,Meesho,M1276,Clothes,Tamil Nadu,1692,2
2023-10-19,Meesho,M8341,Electronics,Assam,2964,4
2023-10-19,Meesho,M2089,Home Decor,Telangana,1506,3
2023-10-19,Meesho,M9466,Electronics,West Bengal,2682,3
2023-10-19,Meesho,M6891,Electronics,Gujarat,494,1
2023-10-19,Meesho,M4272,Grocery,Chhattisgarh,1510,5
2023-10-19,Meesho,M1162,Grocery,Uttarakhand,368,2
2023-10-19,Meesho,M1326,Electronics,Delhi,491,1
2023-10-19,Meesho,M7861,Grocery,Bihar,1508,2
2023-10-19,Meesho,M1264,Home Decor,Karnataka,1615,5
2023-10-19,Meesho,M5937,Clothes,Assam,700,4
2023-10-19,Meesho,M3043,Electronics,Jharkhand,782,1
2023-10-19,Meesho,M8749,Accessories,Andhra Pradesh,1510,2
2023-10-19,Meesho,M4626,Accessories,Delhi,1232,2
2023-10-19,Meesho,M3549,Grocery,Haryana,2284,4
2023-10-19,Meesho,M3438,Grocery,Rajasthan,628,2
2023-10-19,Meesho,M2221,Clothes,Uttar Pradesh,3724,4
2023-10-19,Meesho,M5420,Clothes,Kerala,288,2
2023-10-19,Meesho,M8400,Grocery,Bihar,980,4
2023-10-19,Meesho,M1805,Grocery,Andhra Pradesh,1630,2
2023-10-20,Meesho,M9884,Electronics,Rajasthan,2944,4
2023-10-20,Meesho,M1477,Clothes,Karnataka,615,1
2023-10-20,Meesho,M5166,Electronics,Karnataka,766,1
2023-10-20,Meesho,M2679,Accessories,Assam,1305,3
2023-10-20,Meesho,M7422,Home Decor,Uttar Pradesh,2112,3
2023-10-20,Meesho,M4296,Accessories,Maharashtra,948,1
2023-10-20,Meesho,M8977,Grocery,Madhya Pradesh,495,3
2023-10-20,Meesho,M7252,Grocery,Chhattisgarh,2324,4
2023-10-20,Meesho,M7408,Accessories,Gujarat,2616,4
2023-10-20,Meesho,M6276,Accessories,Gujarat,706,2
2023-10-20,Meesho,M8412,Clothes,Kerala,276,1
2023-10-20,Meesho,M5956,Accessories,Punjab,1906,2
2023-10-20,Meesho,M9143,Home Decor,Assam,650,1
2023-10-20,Meesho,M2279,Home Decor,Delhi,2650,5
2023-10-20,Meesho,M2149,Clothes,Chhattisgarh,471,1
2023-10-20,Meesho,M3503,Electronics,Karnataka,1797,3
2023-10-20,Meesho,M9506,Electronics,Haryana,3740,4
2023-10-20,Meesho,M9146,Grocery,Uttarakhand,874,2
2023-10-20,Meesho,M3459,Home Decor,West Bengal,958,1
2023-10-20,Meesho,M1966,Accessories,Maharashtra,1385,5
2023-10-20,Meesho,M7309,Home Decor,Assam,420,1
2023-10-20,Meesho,M9861,Grocery,Bihar,4990,5
2023-10-20,Meesho,M5607,Grocery,Uttar Pradesh,1808,4
2023-10-20,Meesho,M7373,Grocery,Jharkhand,1940,2
2023-10-20,Meesho,M6678,Grocery,Odisha,285,1
2023-10-20,Meesho,M7149,Electronics,Telangana,1089,3
2023-10-20,Meesho,M3303,Home Decor,Tamil Nadu,1832,2
2023-10-20,Meesho,M9818,Grocery,Jharkhand,397,1
2023-10-20,Meesho,M7782,Home Decor,Gujarat,666,3
2023-10-20,Meesho,M4370,Grocery,Madhya Pradesh,1794,2
2023-10-20,Meesho,M4404,Home Decor,Uttar Pradesh,1455,3
2023-10-20,Meesho,M8936,Electronics,Odisha,1460,5
2023-10-20,Meesho,M4497,Clothes,Kerala,2555,5
2023-10-20,Meesho,M5619,Accessories,Jharkhand,304,1
2023-10-20,Meesho,M8175,Clothes,Jharkhand,530,5
2023-10-20,Meesho,M8719,Accessories,Rajasthan,300,3
2023-10-20,Meesho,M8033,Accessories,Maharashtra,1924,2
2023-10-20,Meesho,M2516,Electronics,Delhi,2733,3
2023-10-20,Meesho,M8679,Electronics,Jharkhand,2505,3
2023-10-20,Meesho,M6388,Accessories,Jharkhand,922,1
2023-10-21,Meesho,M8911,Home Decor,West Bengal,3115,5
2023-10-21,Meesho,M3727,Clothes,Uttar Pradesh,270,2
2023-10-21,Meesho,M2888,Grocery,Chhattisgarh,1525,5
2023-10-21,Meesho,M7417,Home Decor,Uttarakhand,459,1
2023-10-21,Meesho,M2339,Clothes,Haryana,578,1
2023-10-21,Meesho,M3208,Grocery,Punjab,544,4
2023-10-21,Meesho,M8801,Clothes,Delhi,3250,5
2023-10-21,Meesho,M1453,Clothes,Uttarakhand,1413,3
2023-10-21,Meesho,M3163,Home Decor,Chhattisgarh,151,1
2023-10-21,Meesho,M5553,Accessories,Odisha,2735,5
2023-10-21,Meesho,M1964,Grocery,Kerala,4760,5
2023-10-21,Meesho,M3077,Home Decor,Rajasthan,1422,3
2023-10-21,Meesho,M2239,Accessories,Punjab,860,4
2023-10-21,Meesho,M5668,Grocery,Rajasthan,1252,2
2023-10-21,Meesho,M2160,Clothes,Delhi,800,5
2023-10-21,Meesho,M2044,Accessories,Tamil Nadu,652,2
2023-10-21,Meesho,M9727,Grocery,Chhattisgarh,1690,2
2023-10-21,Meesho,M2863,Clothes,Assam,3865,5
2023-10-21,Meesho,M1374,Grocery,Bihar,3990,5
2023-10-21,Meesho,M6998,Clothes,Jharkhand,600,5
2023-10-21,Meesho,M2814,Accessories,Assam,1269,3
2023-10-21,Meesho,M1655,Accessories,Kerala,3785,5
2023-10-21,Meesho,M1960,Grocery,West Bengal,1436,4
2023-10-21,Meesho,M9372,Grocery,Bihar,364,2
2023-10-21,Meesho,M3727,Accessories,Jharkhand,792,2
2023-10-21,Meesho,M9124,Home Decor,Jharkhand,3920,4
2023-10-22,Meesho,M6778,Accessories,Maharashtra,301,1
2023-10-22,Meesho,M6720,Accessories,West Bengal,620,5
2023-10-22,Meesho,M2024,Grocery,Telangana,804,1
2023-10-22,Meesho,M6491,Accessories,Jharkhand,766,1
2023-10-22,Meesho,M1150,Grocery,Rajasthan,764,1
2023-10-22,Meesho,M5805,Electronics,Madhya Pradesh,2670,5
2023-10-22,Meesho,M3210,Accessories,Gujarat,576,4
2023-10-22,Meesho,M5971,Electronics,Karnataka,1554,3
2023-10-22,Meesho,M7375,Clothes,West Bengal,711,3
2023-10-22,Meesho,M7282,Accessories,Delhi,738,1
2023-10-22,Meesho,M3177,Electronics,Kerala,2091,3
2023-10-22,Meesho,M4989,Electronics,Haryana,3280,5
2023-10-22,Meesho,M6577,Electronics,Chhattisgarh,837,1
2023-10-22,Meesho,M3858,Clothes,Chhattisgarh,834,3
2023-10-22,Meesho,M2126,Home Decor,Gujarat,1504,4
2023-10-22,Meesho,M5150,Home Decor,Karnataka,858,2
2023-10-22,Meesho,M3659,Grocery,Delhi,588,2
2023-10-22,Meesho,M4657,Clothes,Madhya Pradesh,2284,4
2023-10-22,Meesho,M6842,Clothes,West Bengal,2742,3
2023-10-22,Meesho,M7978,Electronics,Punjab,708,4
2023-10-22,Meesho,M6309,Accessories,Uttarakhand,250,2
2023-10-22,Meesho,M7204,Clothes,Karnataka,1818,2
2023-10-23,Meesho,M7615,Clothes,Tamil Nadu,130,1
2023-10-23,Meesho,M7488,Electronics,Karnataka,948,2
2023-10-23,Meesho,M5478,Grocery,Tamil Nadu,1290,3
2023-10-23,Meesho,M4586,Home Decor,Telangana,984,1
2023-10-23,Meesho,M2791,Clothes,Tamil Nadu,935,5
2023-10-23,Meesho,M5086,Accessories,West Bengal,1131,3
2023-10-23,Meesho,M1247,Electronics,Telangana,2405,5
2023-10-23,Meesho,M6853,Home Decor,Punjab,1098,2
2023-10-23,Meesho,M1288,Electronics,Madhya Pradesh,1617,3
2023-10-23,Meesho,M2180,Accessories,Uttarakhand,2967,3
2023-10-23,Meesho,M6168,Electronics,Uttar Pradesh,647,1
2023-10-23,Meesho,M5739,Accessories,Delhi,600,2
2023-10-23,Meesho,M3431,Clothes,Andhra Pradesh,1284,4
2023-10-23,Meesho,M5374,Accessories,Odisha,2715,5
2023-10-23,Meesho,M4859,Accessories,Delhi,1342,2
2023-10-23,Meesho,M1126,Clothes,Assam,2916,3
2023-10-23,Meesho,M7481,Grocery,Haryana,458,1
2023-10-23,Meesho,M5924,Clothes,Gujarat,835,1
2023-10-23,Meesho,M1362,Clothes,Karnataka,1738,2
2023-10-23,Meesho,M5468,Electronics,Assam,3970,5
2023-10-24,Meesho,M5166,Grocery,Karnataka,807,1
2023-10-24,Meesho,M6140,Accessories,Rajasthan,590,5
2023-10-24,Meesho,M1422,Electronics,Odisha,2550,3
2023-10-24,Meesho,M3406,Accessories,Kerala,3884,4
2023-10-24,Meesho,M9797,Clothes,Odisha,484,4
2023-10-24,Meesho,M9168,Grocery,West Bengal,758,2
2023-10-24,Meesho,M8182,Home Decor,Jharkhand,3650,5
2023-10-24,Meesho,M4840,Grocery,Haryana,404,4
2023-10-24,Meesho,M5674,Accessories,Karnataka,3088,4
2023-10-24,Meesho,M6961,Home Decor,Uttarakhand,3140,4
2023-10-24,Meesho,M2005,Grocery,Tamil Nadu,1926,2
2023-10-24,Meesho,M8559,Grocery,Jharkhand,2672,4
2023-10-24,Meesho,M1127,Clothes,Chhattisgarh,3285,5
2023-10-24,Meesho,M3914,Grocery,Uttar Pradesh,600,5
2023-10-24,Meesho,M6038,Grocery,Tamil Nadu,327,1
2023-10-24,Meesho,M7144,Home Decor,Gujarat,2988,4
2023-10-24,Meesho,M5334,Grocery,West Bengal,128,1
2023-10-24,Meesho,M3888,Electronics,Jharkhand,2004,3
2023-10-24,Meesho,M8230,Accessories,Telangana,4415,5
2023-10-24,Meesho,M9301,Accessories,Punjab,1418,2
2023-10-24,Meesho,M1505,Electronics,Maharashtra,2328,4
2023-10-24,Meesho,M3259,Accessories,Gujarat,1856,2
2023-10-24,Meesho,M3401,Accessories,Bihar,2505,3
2023-10-24,Meesho,M3247,Electronics,Gujarat,1266,3
2023-10-24,Meesho,M2930,Grocery,Madhya Pradesh,1440,5
2023-10-24,Meesho,M3035,Clothes,Gujarat,1108,2
2023-10-24,Meesho,M8453,Clothes,Bihar,348,3
2023-10-24,Meesho,M2441,Electronics,Rajasthan,765,3
2023-10-24,Meesho,M7297,Clothes,Uttar Pradesh,684,2
2023-10-24,Meesho,M1747,Accessories,Rajasthan,1509,3
2023-10-24,Meesho,M3369,Home Decor,Maharashtra,868,4
2023-10-25,Meesho,M5561,Clothes,Maharashtra,1353,3
2023-10-25,Meesho,M6540,Accessories,West Bengal,714,2
2023-10-25,Meesho,M6041,Accessories,Telangana,4280,5
2023-10-25,Meesho,M2414,Clothes,Jharkhand,1288,2
2023-10-25,Meesho,M2737,Electronics,Punjab,896,4
2023-10-25,Meesho,M8578,Home Decor,Uttar Pradesh,2104,4
2023-10-25,Meesho,M6714,Electronics,West Bengal,1205,5
2023-10-25,Meesho,M2085,Electronics,Assam,1452,3
2023-10-25,Meesho,M4315,Home Decor,Karnataka,645,1
2023-10-25,Meesho,M3959,Accessories,Uttarakhand,2580,5
2023-10-25,Meesho,M6730,Grocery,Jharkhand,818,2
2023-10-25,Meesho,M4152,Accessories,Uttar Pradesh,2886,3
2023-10-25,Meesho,M8527,Home Decor,Karnataka,2612,4
2023-10-25,Meesho,M1139,Home Decor,Bihar,590,1
2023-10-25,Meesho,M3267,Electronics,Punjab,365,1
2023-10-25,Meesho,M9639,Home Decor,Assam,645,3
2023-10-25,Meesho,M9582,Electronics,Bihar,1258,2
2023-10-25,Meesho,M6714,Home Decor,Delhi,821,1
2023-10-25,Meesho,M1057,Electronics,Chhattisgarh,392,2
2023-10-25,Meesho,M1662,Grocery,West Bengal,1376,4
2023-10-25,Meesho,M5457,Grocery,Andhra Pradesh,966,3
2023-10-26,Meesho,M6547,Home Decor,Uttar Pradesh,2968,4
2023-10-26,Meesho,M1892,Clothes,West Bengal,1180,5
2023-10-26,Meesho,M9046,Clothes,Uttar Pradesh,730,2
2023-10-26,Meesho,M5960,Accessories,Gujarat,3564,4
2023-10-26,Meesho,M6407,Grocery,Rajasthan,966,3
2023-10-26,Meesho,M5399,Home Decor,Maharashtra,268,2
2023-10-26,Meesho,M7613,Electronics,Uttarakhand,1492,4
2023-10-26,Meesho,M1808,Grocery,Jharkhand,908,1
2023-10-26,Meesho,M9175,Home Decor,Tamil Nadu,454,1
2023-10-26,Meesho,M2762,Electronics,Maharashtra,195,1
2023-10-26,Meesho,M2694,Electronics,Chhattisgarh,898,1
2023-10-26,Meesho,M9825,Electronics,Chhattisgarh,3564,4
2023-10-26,Meesho,M3366,Accessories,Chhattisgarh,515,1
2023-10-26,Meesho,M3939,Clothes,Gujarat,1228,4
2023-10-26,Meesho,M5841,Accessories,Maharashtra,2390,5
2023-10-26,Meesho,M5530,Electronics,West Bengal,3352,4
2023-10-26,Meesho,M4750,Grocery,Odisha,278,2
2023-10-26,Meesho,M7159,Grocery,Madhya Pradesh,898,2
2023-10-26,Meesho,M7470,Home Decor,Gujarat,1836,3
2023-10-26,Meesho,M4138,Grocery,Odisha,721,1
2023-10-26,Meesho,M5965,Grocery,Maharashtra,2673,3
2023-10-26,Meesho,M1570,Accessories,Bihar,462,1
2023-10-26,Meesho,M3804,Home Decor,Uttar Pradesh,310,2
2023-10-26,Meesho,M8663,Grocery,Delhi,1464,2
2023-10-26,Meesho,M7943,Grocery,Rajasthan,990,3
2023-10-26,Meesho,M4461,Electronics,Punjab,3328,4
2023-10-26,Meesho,M7302,Electronics,Andhra Pradesh,345,1
2023-10-26,Meesho,M9694,Clothes,Odisha,780,4
2023-10-26,Meesho,M8761,Home Decor,Gujarat,741,1
2023-10-26,Meesho,M1961,Clothes,Bihar,2395,5
2023-10-26,Meesho,M6660,Home Decor,Chhattisgarh,4260,5
2023-10-27,Meesho,M4774,Accessories,Uttar Pradesh,1684,4
2023-10-27,Meesho,M3404,Grocery,Tamil Nadu,1624,2
2023-10-27,Meesho,M3692,Electronics,Kerala,2526,3
2023-10-27,Meesho,M2570,Clothes,Bihar,684,2
2023-10-27,Meesho,M3996,Home Decor,Tamil Nadu,1935,3
2023-10-27,Meesho,M3165,Electronics,Assam,3712,4
2023-10-27,Meesho,M7400,Electronics,Karnataka,348,2
2023-10-27,Meesho,M4497,Clothes,Odisha,2013,3
2023-10-27,Meesho,M5806,Grocery,Odisha,2214,3
2023-10-27,Meesho,M2080,Home Decor,Chhattisgarh,3515,5
2023-10-27,Meesho,M9834,Accessories,Gujarat,765,1
2023-10-27,Meesho,M8792,Grocery,Bihar,990,3
2023-10-27,Meesho,M7804,Clothes,West Bengal,3636,4
2023-10-27,Meesho,M5270,Grocery,Uttarakhand,760,4
2023-10-27,Meesho,M8816,Clothes,Rajasthan,568,4
2023-10-27,Meesho,M7699,Grocery,Kerala,751,1
2023-10-27,Meesho,M2722,Grocery,West Bengal,412,1
2023-10-27,Meesho,M7426,Clothes,West Bengal,808,1
2023-10-27,Meesho,M7023,Accessories,Madhya Pradesh,1665,5
2023-10-27,Meesho,M4903,Clothes,Maharashtra,3800,5
2023-10-27,Meesho,M6294,Accessories,Uttar Pradesh,3820,5
2023-10-27,Meesho,M8969,Grocery,Jharkhand,260,1
2023-10-27,Meesho,M9200,Grocery,Odisha,1728,4
2023-10-27,Meesho,M7444,Home Decor,Jharkhand,665,5
2023-10-27,Meesho,M4648,Clothes,Jharkhand,1486,2
2023-10-27,Meesho,M9165,Grocery,Gujarat,1940,4
2023-10-27,Meesho,M5120,Electronics,Maharashtra,1140,5
2023-10-27,Meesho,M9145,Accessories,Odisha,274,1
2023-10-28,Meesho,M3318,Grocery,Chhattisgarh,986,2
2023-10-28,Meesho,M7393,Electronics,Telangana,669,3
2023-10-28,Meesho,M9341,Clothes,Uttar Pradesh,795,1
2023-10-28,Meesho,M2530,Accessories,Kerala,1404,3
2023-10-28,Meesho,M5493,Clothes,Chhattisgarh,834,3
2023-10-28,Meesho,M4089,Home Decor,Delhi,1238,2
2023-10-28,Meesho,M2655,Clothes,Kerala,438,1
2023-10-28,Meesho,M3048,Clothes,Gujarat,639,3
2023-10-28,Meesho,M1710,Grocery,Bihar,2649,3
2023-10-28,Meesho,M9841,Home Decor,Haryana,3205,5
2023-10-28,Meesho,M3703,Grocery,Assam,2260,4
2023-10-28,Meesho,M2422,Accessories,West Bengal,3195,5
2023-10-28,Meesho,M3340,Electronics,Assam,369,3
2023-10-28,Meesho,M9377,Accessories,West Bengal,3800,5
2023-10-28,Meesho,M6137,Electronics,Uttar Pradesh,3720,4
2023-10-28,Meesho,M8768,Home Decor,Rajasthan,166,1
2023-10-28,Meesho,M2672,Clothes,Bihar,1940,2
2023-10-28,Meesho,M7865,Grocery,Haryana,438,1
2023-10-28,Meesho,M4387,Grocery,Maharashtra,1752,4
2023-10-28,Meesho,M6614,Clothes,Jharkhand,4370,5
2023-10-28,Meesho,M6677,Clothes,Odisha,2610,3
2023-10-28,Meesho,M9621,Accessories,Bihar,832,2
2023-10-28,Meesho,M2480,Clothes,Gujarat,3148,4
2023-10-28,Meesho,M8301,Accessories,West Bengal,1396,4
2023-10-28,Meesho,M4284,Home Decor,Tamil Nadu,810,3
2023-10-29,Meesho,M2496,Electronics,Jharkhand,1272,2
2023-10-29,Meesho,M4698,Grocery,Delhi,660,3
2023-10-29,Meesho,M9694,Accessories,Gujarat,2736,4
2023-10-29,Meesho,M9968,Accessories,Tamil Nadu,2215,5
2023-10-29,Meesho,M8984,Home Decor,Tamil Nadu,1329,3
2023-10-29,Meesho,M6867,Electronics,Tamil Nadu,280,1
2023-10-29,Meesho,M2938,Electronics,Madhya Pradesh,390,3
2023-10-29,Meesho,M7979,Accessories,West Bengal,254,1
2023-10-29,Meesho,M6961,Accessories,Uttar Pradesh,4385,5
2023-10-29,Meesho,M2248,Accessories,West Bengal,1192,2
2023-10-29,Meesho,M8304,Accessories,Kerala,776,4
2023-10-29,Meesho,M5612,Home Decor,Punjab,2922,3
2023-10-29,Meesho,M8475,Grocery,Assam,1720,2
2023-10-29,Meesho,M8348,Grocery,Kerala,3790,5
2023-10-29,Meesho,M9105,Clothes,Delhi,1766,2
2023-10-29,Meesho,M3695,Grocery,Karnataka,1552,2
2023-10-29,Meesho,M7475,Accessories,Bihar,459,1
2023-10-29,Meesho,M8666,Grocery,Maharashtra,477,3
2023-10-29,Meesho,M9624,Electronics,Maharashtra,1990,5
2023-10-29,Meesho,M7309,Accessories,Madhya Pradesh,1718,2
2023-10-29,Meesho,M6014,Electronics,Madhya Pradesh,1014,2
2023-10-29,Meesho,M8223,Home Decor,Assam,1686,2
2023-10-29,Meesho,M9531,Home Decor,Rajasthan,310,1
2023-10-29,Meesho,M5162,Electronics,West Bengal,1530,2
2023-10-29,Meesho,M8013,Clothes,Punjab,786,1
2023-10-29,Meesho,M3731,Clothes,Bihar,1534,2
2023-10-30,Meesho,M3693,Accessories,Haryana,173,1
2023-10-30,Meesho,M3025,Grocery,Andhra Pradesh,3744,4
2023-10-30,Meesho,M7990,Home Decor,West Bengal,974,2
2023-10-30,Meesho,M5079,Accessories,Gujarat,1690,2
2023-10-30,Meesho,M8085,Clothes,Punjab,2156,4
2023-10-30,Meesho,M7607,Grocery,Bihar,2784,3
2023-10-30,Meesho,M7733,Clothes,Jharkhand,4065,5
2023-10-30,Meesho,M7679,Home Decor,West Bengal,493,1
2023-10-30,Meesho,M9874,Accessories,Haryana,4685,5
2023-10-30,Meesho,M6233,Grocery,Uttar Pradesh,2575,5
2023-10-30,Meesho,M7151,Clothes,Gujarat,2301,3
2023-10-30,Meesho,M5368,Clothes,Kerala,1092,4
2023-10-30,Meesho,M5160,Electronics,Tamil Nadu,933,1
2023-10-30,Meesho,M7327,Home Decor,Rajasthan,765,1
2023-10-30,Meesho,M7373,Clothes,Assam,540,4
2023-10-30,Meesho,M5930,Accessories,Uttar Pradesh,1032,2
2023-10-30,Meesho,M8753,Home Decor,Madhya Pradesh,558,3
2023-10-30,Meesho,M3822,Accessories,Madhya Pradesh,1000,1
2023-10-30,Meesho,M3903,Grocery,Uttarakhand,3496,4
2023-10-30,Meesho,M7730,Clothes,Maharashtra,1882,2
2023-10-30,Meesho,M4805,Home Decor,Bihar,656,2
2023-10-30,Meesho,M3340,Home Decor,Odisha,800,1
2023-10-30,Meesho,M5387,Electronics,Uttarakhand,3088,4
2023-10-30,Meesho,M6850,Home Decor,Jharkhand,2808,3
2023-10-30,Meesho,M4337,Accessories,Gujarat,1884,2
2023-10-30,Meesho,M7362,Accessories,Uttar Pradesh,2856,3
2023-10-30,Meesho,M3727,Grocery,Assam,939,1
2023-10-30,Meesho,M7901,Clothes,Odisha,4930,5
2023-10-30,Meesho,M1673,Clothes,Bihar,2850,3
2023-10-30,Meesho,M4743,Grocery,Uttarakhand,1268,2
2023-10-30,Meesho,M4582,Clothes,Haryana,1616,2
2023-10-30,Meesho,M2379,Accessories,Uttar Pradesh,2004,3
2023-10-30,Meesho,M4232,Home Decor,West Bengal,1530,2
2023-10-30,Meesho,M2664,Home Decor,Tamil Nadu,3108,4
2023-10-31,Meesho,M7317,Accessories,Uttar Pradesh,795,1
2023-10-31,Meesho,M6585,Home Decor,Kerala,1410,3
2023-10-31,Meesho,M2771,Clothes,West Bengal,2040,5
2023-10-31,Meesho,M8576,Grocery,West Bengal,765,5
2023-10-31,Meesho,M3485,Home Decor,Haryana,1004,4
2023-10-31,Meesho,M4350,Clothes,Chhattisgarh,318,2
2023-10-31,Meesho,M4055,Clothes,Telangana,1887,3
2023-10-31,Meesho,M7929,Home Decor,Karnataka,1552,2
2023-10-31,Meesho,M8912,Electronics,Madhya Pradesh,894,2
2023-10-31,Meesho,M6331,Home Decor,Madhya Pradesh,1950,5
2023-10-31,Meesho,M9411,Clothes,Odisha,640,4
2023-10-31,Meesho,M1395,Clothes,Uttarakhand,4225,5
2023-10-31,Meesho,M3634,Grocery,Madhya Pradesh,434,1
2023-10-31,Meesho,M8333,Clothes,Andhra Pradesh,2988,4
2023-10-31,Meesho,M7301,Clothes,Uttar Pradesh,1436,2
2023-10-31,Meesho,M3262,Electronics,Bihar,1296,4
2023-10-31,Meesho,M9819,Home Decor,Karnataka,2607,3
2023-10-31,Meesho,M2148,Clothes,Haryana,1238,2
2023-10-31,Meesho,M7191,Electronics,Gujarat,472,1
2023-10-31,Meesho,M1336,Home Decor,Andhra Pradesh,944,2
2023-10-31,Meesho,M5582,Electronics,Maharashtra,760,1
2023-10-31,Meesho,M4457,Home Decor,Chhattisgarh,597,3
2023-10-31,Meesho,M6166,Electronics,Jharkhand,800,4
2023-10-31,Meesho,M9160,Home Decor,Haryana,2883,3
2023-10-31,Meesho,M6708,Clothes,Kerala,776,2
2023-10-31,Meesho,M9181,Electronics,Jharkhand,146,1
2023-10-31,Meesho,M1358,Home Decor,Karnataka,888,3
2023-10-31,Meesho,M9510,Home Decor,West Bengal,226,1
2023-10-31,Meesho,M3956,Home Decor,Rajasthan,591,1
2023-10-31,Meesho,M2409,Electronics,Madhya Pradesh,360,3
2023-11-01,Meesho,M8375,Grocery,Assam,4135,5
2023-11-01,Meesho,M9019,Electronics,Delhi,2634,3
2023-11-01,Meesho,M3611,Electronics,Karnataka,115,1
2023-11-01,Meesho,M3633,Electronics,Odisha,752,2
2023-11-01,Meesho,M6698,Electronics,Delhi,1350,5
2023-11-01,Meesho,M4009,Home Decor,Tamil Nadu,4930,5
2023-11-01,Meesho,M4414,Accessories,West Bengal,2976,4
2023-11-01,Meesho,M3236,Electronics,Telangana,726,3
2023-11-01,Meesho,M9555,Accessories,Karnataka,690,5
2023-11-01,Meesho,M6249,Home Decor,Tamil Nadu,3036,4
2023-11-01,Meesho,M7561,Clothes,Uttar Pradesh,2910,5
2023-11-01,Meesho,M5569,Grocery,Bihar,3080,4
2023-11-01,Meesho,M4974,Clothes,Bihar,782,1
2023-11-01,Meesho,M7596,Home Decor,Chhattisgarh,1640,5
2023-11-01,Meesho,M6811,Accessories,Haryana,618,2
2023-11-01,Meesho,M4903,Clothes,Odisha,3192,4
2023-11-01,Meesho,M5808,Home Decor,Uttar Pradesh,2052,3
2023-11-01,Meesho,M3105,Clothes,Rajasthan,1026,3
2023-11-01,Meesho,M4480,Electronics,Tamil Nadu,1912,2
2023-11-01,Meesho,M5031,Grocery,Odisha,2634,3
2023-11-01,Meesho,M4497,Electronics,Punjab,1562,2
2023-11-01,Meesho,M5416,Electronics,Maharashtra,3204,4
2023-11-02,Meesho,M9736,Clothes,Andhra Pradesh,2785,5
2023-11-02,Meesho,M4657,Accessories,Uttar Pradesh,1672,2
2023-11-02,Meesho,M3758,Grocery,Delhi,309,3
2023-11-02,Meesho,M9480,Clothes,Rajasthan,2091,3
2023-11-02,Meesho,M9581,Electronics,Uttar Pradesh,2742,3
2023-11-02,Meesho,M4687,Clothes,Gujarat,436,1
2023-11-02,Meesho,M3330,Accessories,Madhya Pradesh,1882,2
2023-11-02,Meesho,M7075,Home Decor,Delhi,975,5
2023-11-02,Meesho,M2964,Grocery,Rajasthan,2274,3
2023-11-02,Meesho,M7975,Accessories,Karnataka,983,1
2023-11-02,Meesho,M8313,Clothes,Telangana,564,2
2023-11-02,Meesho,M3145,Electronics,Punjab,2247,3
2023-11-02,Meesho,M3323,Home Decor,Tamil Nadu,894,2
2023-11-02,Meesho,M2328,Electronics,Rajasthan,1236,2
2023-11-02,Meesho,M7036,Home Decor,Odisha,855,3
2023-11-02,Meesho,M2781,Grocery,Madhya Pradesh,2901,3
2023-11-02,Meesho,M4327,Home Decor,Delhi,940,4
2023-11-02,Meesho,M4436,Clothes,Andhra Pradesh,2012,4
2023-11-02,Meesho,M4868,Clothes,Punjab,721,1
2023-11-02,Meesho,M2087,Clothes,Uttarakhand,3160,5
2023-11-02,Meesho,M8967,Clothes,West Bengal,1792,2
2023-11-02,Meesho,M3017,Electronics,Assam,431,1
2023-11-02,Meesho,M9143,Home Decor,Uttar Pradesh,824,4
2023-11-02,Meesho,M7896,Grocery,Odisha,3612,4
2023-11-02,Meesho,M9732,Grocery,Haryana,1598,2
2023-11-02,Meesho,M3202,Electronics,Karnataka,712,4
2023-11-02,Meesho,M9614,Accessories,Rajasthan,1505,5
2023-11-02,Meesho,M9538,Clothes,Andhra Pradesh,2847,3
2023-11-02,Meesho,M5261,Electronics,Punjab,4520,5
2023-11-02,Meesho,M1678,Electronics,West Bengal,724,2
2023-11-02,Meesho,M1195,Clothes,Gujarat,548,2
2023-11-02,Meesho,M1450,Electronics,Rajasthan,2661,3
2023-11-02,Meesho,M6496,Home Decor,Telangana,1002,3
2023-11-02,Meesho,M6864,Electronics,Chhattisgarh,347,1
2023-11-02,Meesho,M4229,Accessories,West Bengal,2170,5
2023-11-02,Meesho,M9432,Grocery,Uttarakhand,3870,5
2023-11-03,Meesho,M7065,Clothes,Maharashtra,2946,3
2023-11-03,Meesho,M5157,Electronics,Andhra Pradesh,388,2
2023-11-03,Meesho,M4096,Electronics,Telangana,2091,3
2023-11-03,Meesho,M8641,Clothes,Rajasthan,2632,4
2023-11-03,Meesho,M4694,Grocery,West Bengal,1392,2
2023-11-03,Meesho,M3771,Electronics,Jharkhand,836,4
2023-11-03,Meesho,M4535,Accessories,Uttar Pradesh,1274,2
2023-11-03,Meesho,M3893,Electronics,Telangana,406,2
2023-11-03,Meesho,M6265,Accessories,Gujarat,1944,3
2023-11-03,Meesho,M1439,Accessories,West Bengal,282,2
2023-11-03,Meesho,M9108,Accessories,Telangana,1198,2
2023-11-03,Meesho,M6523,Grocery,Madhya Pradesh,4350,5
2023-11-03,Meesho,M7116,Accessories,Maharashtra,3272,4
2023-11-03,Meesho,M5244,Accessories,Jharkhand,815,5
2023-11-03,Meesho,M4024,Grocery,Tamil Nadu,1707,3
2023-11-03,Meesho,M6917,Home Decor,Madhya Pradesh,1204,2
2023-11-03,Meesho,M4958,Accessories,Karnataka,1164,4
2023-11-03,Meesho,M3536,Grocery,Haryana,3085,5
2023-11-03,Meesho,M9485,Grocery,Gujarat,1833,3
2023-11-03,Meesho,M3987,Home Decor,Kerala,1660,4
2023-11-03,Meesho,M9885,Home Decor,Bihar,933,3
2023-11-03,Meesho,M4574,Electronics,Kerala,3760,4
2023-11-03,Meesho,M7096,Electronics,Gujarat,682,1
2023-11-03,Meesho,M1915,Grocery,Maharashtra,2580,5
2023-11-03,Meesho,M3967,Accessories,Delhi,4865,5
2023-11-03,Meesho,M8180,Grocery,Uttarakhand,2508,4
2023-11-03,Meesho,M7129,Grocery,West Bengal,1916,2
2023-11-03,Meesho,M6225,Clothes,Assam,2175,5
2023-11-03,Meesho,M9550,Electronics,Uttarakhand,1422,3
2023-11-03,Meesho,M5920,Grocery,Odisha,4710,5
2023-11-03,Meesho,M7865,Clothes,Karnataka,1678,2
2023-11-03,Meesho,M5695,Electronics,Bihar,3160,5
2023-11-03,Meesho,M8318,Clothes,Assam,3455,5
2023-11-03,Meesho,M9015,Grocery,Delhi,509,1
2023-11-04,Meesho,M3211,Grocery,Haryana,1515,3
2023-11-04,Meesho,M7754,Electronics,Haryana,1599,3
2023-11-04,Meesho,M4125,Electronics,West Bengal,696,4
2023-11-04,Meesho,M4183,Accessories,Delhi,2457,3
2023-11-04,Meesho,M2113,Clothes,Uttar Pradesh,1030,2
2023-11-04,Meesho,M7139,Accessories,Andhra Pradesh,339,3
2023-11-04,Meesho,M6110,Clothes,Haryana,421,1
2023-11-04,Meesho,M5163,Home Decor,Bihar,2709,3
2023-11-04,Meesho,M3007,Clothes,Gujarat,1974,3
2023-11-04,Meesho,M5492,Home Decor,West Bengal,2745,3
2023-11-04,Meesho,M5774,Grocery,Telangana,1775,5
2023-11-04,Meesho,M6639,Grocery,Bihar,1938,2
2023-11-04,Meesho,M4868,Electronics,Rajasthan,932,1
2023-11-04,Meesho,M2605,Clothes,Uttar Pradesh,1180,5
2023-11-04,Meesho,M3105,Electronics,Gujarat,322,2
2023-11-04,Meesho,M6970,Accessories,Maharashtra,3296,4
2023-11-04,Meesho,M3231,Home Decor,Uttarakhand,1130,2
2023-11-04,Meesho,M4503,Electronics,Madhya Pradesh,4935,5
2023-11-04,Meesho,M9207,Grocery,Kerala,882,3
2023-11-04,Meesho,M7611,Clothes,Jharkhand,552,3
2023-11-04,Meesho,M8473,Grocery,Madhya Pradesh,1388,4
2023-11-05,Meesho,M8755,Home Decor,Tamil Nadu,2804,4
2023-11-05,Meesho,M1410,Grocery,Assam,1713,3
2023-11-05,Meesho,M7210,Accessories,Karnataka,339,3
2023-11-05,Meesho,M8139,Home Decor,Maharashtra,1196,2
2023-11-05,Meesho,M9670,Home Decor,Rajasthan,1248,3
2023-11-05,Meesho,M3862,Home Decor,Chhattisgarh,2886,3
2023-11-05,Meesho,M2274,Home Decor,Madhya Pradesh,782,2
2023-11-05,Meesho,M3343,Grocery,West Bengal,3488,4
2023-11-05,Meesho,M8708,Home Decor,Telangana,1335,5
2023-11-05,Meesho,M3049,Clothes,Jharkhand,1320,2
2023-11-05,Meesho,M7052,Accessories,Jharkhand,500,1
2023-11-05,Meesho,M9018,Home Decor,Jharkhand,3848,4
2023-11-05,Meesho,M8983,Accessories,Delhi,2574,3
2023-11-05,Meesho,M6074,Grocery,Andhra Pradesh,404,4
2023-11-05,Meesho,M3448,Electronics,Gujarat,1773,3
2023-11-05,Meesho,M5848,Electronics,Tamil Nadu,129,1
2023-11-05,Meesho,M6023,Grocery,Bihar,2120,4
2023-11-05,Meesho,M1533,Clothes,Odisha,3770,5
2023-11-05,Meesho,M6187,Home Decor,Gujarat,1915,5
2023-11-05,Meesho,M7719,Electronics,Rajasthan,1256,2
2023-11-05,Meesho,M1769,Electronics,Punjab,2085,3
2023-11-05,Meesho,M9555,Electronics,Tamil Nadu,610,2
2023-11-05,Meesho,M3093,Grocery,Karnataka,840,3
2023-11-05,Meesho,M3600,Grocery,Rajasthan,770,5
2023-11-05,Meesho,M2168,Grocery,Delhi,391,1
2023-11-06,Meesho,M5258,Clothes,Delhi,266,2
2023-11-06,Meesho,M4024,Grocery,Punjab,520,5
2023-11-06,Meesho,M7035,Accessories,Kerala,666,3
2023-11-06,Meesho,M8749,Accessories,West Bengal,1840,4
2023-11-06,Meesho,M9459,Home Decor,Odisha,560,5
2023-11-06,Meesho,M3035,Accessories,Chhattisgarh,343,1
2023-11-06,Meesho,M4110,Grocery,Odisha,3652,4
2023-11-06,Meesho,M6186,Grocery,Maharashtra,2575,5
2023-11-06,Meesho,M7185,Clothes,Haryana,3220,4
2023-11-06,Meesho,M6292,Clothes,Haryana,324,2
2023-11-06,Meesho,M5117,Electronics,Odisha,2940,4
2023-11-06,Meesho,M4252,Clothes,Uttarakhand,3625,5
2023-11-06,Meesho,M6547,Clothes,West Bengal,665,5
2023-11-06,Meesho,M2970,Clothes,Tamil Nadu,3832,4
2023-11-06,Meesho,M1552,Grocery,Kerala,1224,4
2023-11-06,Meesho,M4991,Electronics,Delhi,958,1
2023-11-06,Meesho,M2441,Electronics,Chhattisgarh,873,3
2023-11-06,Meesho,M3640,Electronics,West Bengal,2385,3
2023-11-06,Meesho,M9677,Clothes,Rajasthan,753,1
2023-11-06,Meesho,M2406,Grocery,Punjab,1470,2
2023-11-06,Meesho,M7539,Clothes,Uttarakhand,924,3
2023-11-06,Meesho,M1579,Clothes,Uttar Pradesh,1548,3
2023-11-06,Meesho,M3612,Electronics,Gujarat,546,2
2023-11-06,Meesho,M1373,Grocery,Andhra Pradesh,765,1
2023-11-06,Meesho,M6724,Grocery,Rajasthan,1488,2
2023-11-06,Meesho,M8283,Clothes,Uttar Pradesh,454,1
2023-11-06,Meesho,M6390,Accessories,Bihar,2307,3
2023-11-06,Meesho,M7439,Accessories,Jharkhand,1456,2
2023-11-06,Meesho,M7829,Electronics,Bihar,4540,5
2023-11-06,Meesho,M9624,Clothes,Haryana,314,2
2023-11-06,Meesho,M7814,Accessories,Gujarat,1758,3
2023-11-06,Meesho,M7440,Accessories,Uttar Pradesh,1041,3
2023-11-06,Meesho,M1607,Clothes,Telangana,2799,3
2023-11-06,Meesho,M5368,Clothes,Delhi,3740,5
2023-11-06,Meesho,M3552,Accessories,Karnataka,3040,5
2023-11-06,Meesho,M4410,Accessories,Haryana,2560,4
2023-11-06,Meesho,M9806,Home Decor,Rajasthan,1656,2
2023-11-06,Meesho,M5303,Home Decor,Madhya Pradesh,274,2
2023-11-06,Meesho,M6716,Accessories,Karnataka,331,1
2023-11-06,Meesho,M3200,Grocery,Punjab,516,4
2023-11-07,Meesho,M4980,Accessories,Maharashtra,601,1
2023-11-07,Meesho,M6689,Home Decor,Kerala,2235,3
2023-11-07,Meesho,M7410,Home Decor,Odisha,1372,4
2023-11-07,Meesho,M5085,Grocery,Assam,4465,5
2023-11-07,Meesho,M5343,Clothes,Gujarat,3328,4
2023-11-07,Meesho,M3323,Clothes,Bihar,2763,3
2023-11-07,Meesho,M3640,Accessories,Kerala,265,1
2023-11-07,Meesho,M2514,Grocery,Uttar Pradesh,160,1
2023-11-07,Meesho,M6355,Clothes,Bihar,2772,4
2023-11-07,Meesho,M5271,Grocery,Maharashtra,3996,4
2023-11-07,Meesho,M7786,Home Decor,Maharashtra,422,1
2023-11-07,Meesho,M5000,Accessories,Assam,381,3
2023-11-07,Meesho,M2016,Clothes,Maharashtra,559,1
2023-11-07,Meesho,M7146,Grocery,Maharashtra,2718,3
2023-11-07,Meesho,M4778,Accessories,Punjab,1870,5
2023-11-07,Meesho,M2531,Home Decor,Delhi,1240,4
2023-11-07,Meesho,M6488,Grocery,Bihar,2950,5
2023-11-07,Meesho,M5613,Grocery,Uttar Pradesh,292,2
2023-11-07,Meesho,M4568,Home Decor,Punjab,4125,5
2023-11-07,Meesho,M6298,Electronics,Uttar Pradesh,1888,2
2023-11-07,Meesho,M2251,Clothes,Maharashtra,1536,2
2023-11-08,Meesho,M5347,Electronics,Assam,3700,5
2023-11-08,Meesho,M3972,Clothes,Kerala,688,4
2023-11-08,Meesho,M2064,Home Decor,Punjab,2200,5
2023-11-08,Meesho,M7304,Accessories,Haryana,612,2
2023-11-08,Meesho,M8746,Electronics,Tamil Nadu,3440,4
2023-11-08,Meesho,M9296,Clothes,Andhra Pradesh,5000,5
2023-11-08,Meesho,M7534,Grocery,Delhi,1377,3
2023-11-08,Meesho,M3319,Grocery,Rajasthan,1768,2
2023-11-08,Meesho,M5939,Home Decor,Kerala,152,1
2023-11-08,Meesho,M8761,Electronics,Telangana,579,3
2023-11-08,Meesho,M4658,Electronics,Andhra Pradesh,2815,5
2023-11-08,Meesho,M2580,Accessories,Jharkhand,2108,4
2023-11-08,Meesho,M4053,Clothes,Bihar,1870,2
2023-11-08,Meesho,M2401,Electronics,Uttar Pradesh,1525,5
2023-11-08,Meesho,M1092,Electronics,Kerala,762,1
2023-11-08,Meesho,M4497,Grocery,Maharashtra,4730,5
2023-11-08,Meesho,M8057,Home Decor,Andhra Pradesh,1848,4
2023-11-08,Meesho,M9372,Electronics,Punjab,2372,4
2023-11-08,Meesho,M7536,Grocery,Madhya Pradesh,840,2
2023-11-08,Meesho,M6992,Grocery,West Bengal,2397,3
2023-11-08,Meesho,M8046,Home Decor,Tamil Nadu,1876,2
2023-11-08,Meesho,M6265,Accessories,Karnataka,3468,4
2023-11-08,Meesho,M7173,Grocery,Rajasthan,2980,5
2023-11-08,Meesho,M1566,Home Decor,Jharkhand,597,3
2023-11-08,Meesho,M9776,Accessories,Punjab,545,1
2023-11-08,Meesho,M7385,Clothes,Chhattisgarh,1808,2
2023-11-08,Meesho,M2875,Grocery,Telangana,1803,3
2023-11-08,Meesho,M3822,Clothes,Uttarakhand,948,1
2023-11-08,Meesho,M1021,Home Decor,Karnataka,1084,2
2023-11-08,Meesho,M5804,Electronics,Haryana,1450,2
2023-11-08,Meesho,M4683,Clothes,Jharkhand,1036,4
2023-11-09,Meesho,M3280,Clothes,Punjab,1362,2
2023-11-09,Meesho,M2318,Home Decor,Uttarakhand,3960,4
2023-11-09,Meesho,M7354,Electronics,Uttarakhand,657,3
2023-11-09,Meesho,M7649,Accessories,Odisha,552,2
2023-11-09,Meesho,M5658,Electronics,Haryana,1668,4
2023-11-09,Meesho,M8600,Grocery,Bihar,912,1
2023-11-09,Meesho,M2755,Home Decor,Odisha,2664,3
2023-11-09,Meesho,M1227,Accessories,Uttar Pradesh,1424,4
2023-11-09,Meesho,M4596,Accessories,Delhi,1756,2
2023-11-09,Meesho,M1705,Clothes,Uttar Pradesh,183,1
2023-11-09,Meesho,M4273,Electronics,Tamil Nadu,850,2
2023-11-09,Meesho,M8377,Home Decor,Delhi,1152,4
2023-11-09,Meesho,M2851,Accessories,Uttar Pradesh,520,1
2023-11-09,Meesho,M2901,Home Decor,Haryana,1532,2
2023-11-09,Meesho,M2195,Grocery,Andhra Pradesh,550,1
2023-11-09,Meesho,M1792,Electronics,Telangana,1366,2
2023-11-09,Meesho,M6656,Home Decor,West Bengal,2769,3
2023-11-09,Meesho,M6551,Home Decor,Bihar,736,4
2023-11-09,Meesho,M4390,Electronics,Chhattisgarh,1710,2
2023-11-09,Meesho,M5349,Home Decor,Uttarakhand,4205,5
2023-11-09,Meesho,M4462,Home Decor,Uttarakhand,915,1
2023-11-09,Meesho,M3585,Grocery,Kerala,990,3
2023-11-09,Meesho,M3277,Accessories,Telangana,2048,4
2023-11-09,Meesho,M4569,Grocery,Odisha,258,2
2023-11-09,Meesho,M9722,Accessories,Jharkhand,2256,3
2023-11-10,Meesho,M5602,Grocery,Andhra Pradesh,2256,3
2023-11-10,Meesho,M7706,Electronics,Andhra Pradesh,1725,3
2023-11-10,Meesho,M3445,Clothes,Karnataka,2715,5
2023-11-10,Meesho,M3133,Grocery,Haryana,2160,5
2023-11-10,Meesho,M1454,Accessories,West Bengal,255,1
2023-11-10,Meesho,M6364,Grocery,West Bengal,2410,5
2023-11-10,Meesho,M6243,Accessories,Uttar Pradesh,1020,3
2023-11-10,Meesho,M3540,Home Decor,Uttar Pradesh,1096,4
2023-11-10,Meesho,M1006,Accessories,Gujarat,3784,4
2023-11-10,Meesho,M1317,Clothes,Madhya Pradesh,988,2
2023-11-10,Meesho,M2649,Home Decor,Haryana,2565,5
2023-11-10,Meesho,M7541,Accessories,Telangana,2871,3
2023-11-10,Meesho,M6017,Home Decor,Telangana,4295,5
2023-11-10,Meesho,M1161,Electronics,Uttarakhand,4905,5
2023-11-10,Meesho,M7617,Clothes,Gujarat,537,1
2023-11-10,Meesho,M9904,Clothes,Madhya Pradesh,1280,2
2023-11-10,Meesho,M3987,Accessories,Haryana,449,1
2023-11-10,Meesho,M1216,Clothes,Karnataka,590,5
2023-11-10,Meesho,M7451,Accessories,Karnataka,233,1
2023-11-10,Meesho,M7096,Accessories,Delhi,820,1
2023-11-10,Meesho,M1360,Grocery,Chhattisgarh,2590,5
2023-11-10,Meesho,M6323,Clothes,Tamil Nadu,716,2
2023-11-10,Meesho,M7883,Accessories,Madhya Pradesh,1580,4
2023-11-10,Meesho,M4580,Accessories,Jharkhand,2772,3
2023-11-10,Meesho,M2405,Clothes,Telangana,2920,5
2023-11-10,Meesho,M8003,Accessories,Maharashtra,391,1
2023-11-10,Meesho,M6700,Accessories,Bihar,3504,4
2023-11-10,Meesho,M6458,Clothes,Karnataka,3875,5
2023-11-10,Meesho,M1001,Grocery,Uttarakhand,956,4
2023-11-10,Meesho,M1200,Home Decor,Assam,928,4
2023-11-10,Meesho,M2928,Grocery,Uttar Pradesh,2455,5
2023-11-10,Meesho,M1377,Grocery,Chhattisgarh,3880,4
2023-11-10,Meesho,M1163,Grocery,Bihar,922,1
2023-11-11,Meesho,M6214,Accessories,Kerala,4110,5
2023-11-11,Meesho,M5302,Home Decor,Assam,3715,5
2023-11-11,Meesho,M9347,Accessories,Kerala,1053,3
2023-11-11,Meesho,M1168,Clothes,Andhra Pradesh,340,2
2023-11-11,Meesho,M2700,Grocery,Madhya Pradesh,3095,5
2023-11-11,Meesho,M5967,Electronics,Jharkhand,1701,3
2023-11-11,Meesho,M5738,Electronics,Punjab,1250,2
2023-11-11,Meesho,M9635,Clothes,Uttar Pradesh,340,1
2023-11-11,Meesho,M9093,Home Decor,Telangana,729,1
2023-11-11,Meesho,M9062,Clothes,Delhi,2548,4
2023-11-11,Meesho,M5531,Accessories,West Bengal,1660,5
2023-11-11,Meesho,M2360,Electronics,Bihar,1288,2
2023-11-11,Meesho,M5574,Electronics,Jharkhand,2628,3
2023-11-11,Meesho,M6297,Grocery,Jharkhand,464,1
2023-11-11,Meesho,M6238,Home Decor,Telangana,465,3
2023-11-11,Meesho,M6573,Clothes,Rajasthan,865,1
2023-11-11,Meesho,M7643,Grocery,Tamil Nadu,1950,2
2023-11-11,Meesho,M3111,Home Decor,West Bengal,3770,5
2023-11-11,Meesho,M3956,Home Decor,Telangana,4330,5
2023-11-11,Meesho,M4185,Accessories,Maharashtra,704,4
2023-11-12,Meesho,M1444,Grocery,Karnataka,3130,5
2023-11-12,Meesho,M7321,Grocery,Uttarakhand,737,1
2023-11-12,Meesho,M3952,Electronics,Gujarat,694,1
2023-11-12,Meesho,M8396,Grocery,Tamil Nadu,2885,5
2023-11-12,Meesho,M1244,Electronics,Kerala,3770,5
2023-11-12,Meesho,M1909,Clothes,Rajasthan,2757,3
2023-11-12,Meesho,M6779,Grocery,Tamil Nadu,4285,5
2023-11-12,Meesho,M1903,Accessories,Telangana,1920,5
2023-11-12,Meesho,M4378,Home Decor,Kerala,708,4
2023-11-12,Meesho,M8514,Home Decor,Rajasthan,1150,5
2023-11-12,Meesho,M1449,Clothes,Karnataka,1368,4
2023-11-12,Meesho,M7720,Grocery,Delhi,1437,3
2023-11-12,Meesho,M5593,Clothes,Uttar Pradesh,485,1
2023-11-12,Meesho,M5842,Accessories,Maharashtra,1094,2
2023-11-12,Meesho,M8628,Clothes,Gujarat,1934,2
2023-11-12,Meesho,M1306,Accessories,Assam,2500,4
2023-11-12,Meesho,M8959,Clothes,Assam,1644,2
2023-11-12,Meesho,M8003,Electronics,Gujarat,660,2
2023-11-12,Meesho,M1466,Grocery,Uttarakhand,3345,5
2023-11-12,Meesho,M3588,Accessories,Uttarakhand,792,2
2023-11-12,Meesho,M5667,Clothes,Andhra Pradesh,1060,2
2023-11-13,Meesho,M3194,Accessories,Maharashtra,2085,5
2023-11-13,Meesho,M9773,Home Decor,Gujarat,3640,4
2023-11-13,Meesho,M8572,Electronics,Odisha,2680,5
2023-11-13,Meesho,M1212,Home Decor,Uttarakhand,1971,3
2023-11-13,Meesho,M4200,Clothes,Jharkhand,2820,4
2023-11-13,Meesho,M9032,Electronics,Karnataka,1015,5
2023-11-13,Meesho,M7626,Electronics,Delhi,2732,4
2023-11-13,Meesho,M2202,Grocery,Uttar Pradesh,2050,5
2023-11-13,Meesho,M3263,Clothes,Delhi,559,1
2023-11-13,Meesho,M1467,Clothes,Tamil Nadu,2739,3
2023-11-13,Meesho,M7045,Electronics,Uttar Pradesh,4410,5
2023-11-13,Meesho,M7400,Clothes,Assam,728,1
2023-11-13,Meesho,M5588,Accessories,Gujarat,4715,5
2023-11-13,Meesho,M5997,Home Decor,Haryana,1770,3
2023-11-13,Meesho,M8608,Accessories,Gujarat,454,1
2023-11-13,Meesho,M8435,Accessories,Karnataka,1106,2
2023-11-13,Meesho,M3752,Accessories,Bihar,403,1
2023-11-13,Meesho,M6384,Grocery,Gujarat,1308,3
2023-11-13,Meesho,M1890,Accessories,West Bengal,1580,5
2023-11-13,Meesho,M6627,Electronics,Telangana,3020,4
2023-11-13,Meesho,M2958,Accessories,Telangana,1557,3
2023-11-13,Meesho,M5242,Grocery,Rajasthan,314,1
2023-11-14,Meesho,M8867,Clothes,Jharkhand,1596,2
2023-11-14,Meesho,M5120,Clothes,Punjab,2424,3
2023-11-14,Meesho,M4879,Accessories,Gujarat,336,1
2023-11-14,Meesho,M1365,Electronics,Jharkhand,3092,4
2023-11-14,Meesho,M3136,Clothes,Kerala,534,3
2023-11-14,Meesho,M7301,Clothes,Andhra Pradesh,1605,3
2023-11-14,Meesho,M8245,Electronics,Chhattisgarh,270,1
2023-11-14,Meesho,M2572,Electronics,Haryana,288,2
2023-11-14,Meesho,M3535,Grocery,Karnataka,1884,2
2023-11-14,Meesho,M4750,Home Decor,Punjab,2792,4
2023-11-14,Meesho,M4257,Clothes,Karnataka,2044,4
2023-11-14,Meesho,M7067,Electronics,Bihar,1420,4
2023-11-14,Meesho,M2517,Grocery,Tamil Nadu,1718,2
2023-11-14,Meesho,M8020,Accessories,Telangana,315,3
2023-11-14,Meesho,M7535,Accessories,Chhattisgarh,1590,3
2023-11-14,Meesho,M6501,Accessories,Tamil Nadu,312,3
2023-11-14,Meesho,M7676,Clothes,Assam,1628,4
2023-11-14,Meesho,M3617,Accessories,Jharkhand,357,3
2023-11-14,Meesho,M8387,Home Decor,Gujarat,195,1
2023-11-14,Meesho,M6048,Clothes,Andhra Pradesh,1830,2
2023-11-14,Meesho,M8241,Grocery,Maharashtra,3755,5
2023-11-14,Meesho,M5574,Accessories,Assam,529,1
2023-11-14,Meesho,M4510,Accessories,Uttarakhand,1152,4
2023-11-14,Meesho,M9557,Home Decor,Uttarakhand,718,1
2023-11-14,Meesho,M8605,Electronics,Punjab,2624,4
2023-11-14,Meesho,M4902,Electronics,Tamil Nadu,2180,5
2023-11-14,Meesho,M6850,Grocery,Bihar,2105,5
2023-11-14,Meesho,M7212,Grocery,Rajasthan,525,5
2023-11-14,Meesho,M2816,Electronics,Andhra Pradesh,4095,5
2023-11-14,Meesho,M7499,Accessories,Chhattisgarh,978,3
2023-11-14,Meesho,M1216,Home Decor,Telangana,509,1
2023-11-14,Meesho,M9612,Electronics,Andhra Pradesh,464,2
2023-11-15,Meesho,M7330,Accessories,Maharashtra,724,2
2023-11-15,Meesho,M2305,Electronics,Uttar Pradesh,1918,2
2023-11-15,Meesho,M6178,Clothes,Andhra Pradesh,342,2
2023-11-15,Meesho,M8359,Electronics,Uttarakhand,3855,5
2023-11-15,Meesho,M9415,Electronics,Uttar Pradesh,1179,3
2023-11-15,Meesho,M6151,Accessories,Madhya Pradesh,652,2
2023-11-15,Meesho,M7123,Home Decor,Punjab,1680,5
2023-11-15,Meesho,M1489,Home Decor,West Bengal,780,2
2023-11-15,Meesho,M7139,Grocery,Odisha,738,1
2023-11-15,Meesho,M6575,Electronics,Haryana,1372,4
2023-11-15,Meesho,M8972,Grocery,Uttar Pradesh,288,2
2023-11-15,Meesho,M6725,Electronics,Kerala,978,3
2023-11-15,Meesho,M1308,Grocery,West Bengal,2960,4
2023-11-15,Meesho,M4220,Clothes,Chhattisgarh,1520,2
2023-11-15,Meesho,M1335,Home Decor,Karnataka,690,1
2023-11-15,Meesho,M9334,Accessories,Assam,843,1
2023-11-15,Meesho,M8906,Grocery,West Bengal,4865,5
2023-11-15,Meesho,M2760,Clothes,Uttar Pradesh,2315,5
2023-11-15,Meesho,M9912,Home Decor,Tamil Nadu,321,1
2023-11-15,Meesho,M5582,Clothes,Delhi,3655,5
2023-11-15,Meesho,M3671,Home Decor,Odisha,2572,4
2023-11-15,Meesho,M5770,Accessories,Punjab,354,2
2023-11-15,Meesho,M2887,Electronics,Tamil Nadu,4665,5
2023-11-15,Meesho,M2360,Grocery,Haryana,122,1
2023-11-15,Meesho,M7248,Clothes,Bihar,1212,4
2023-11-16,Meesho,M9874,Accessories,Bihar,421,1
2023-11-16,Meesho,M4085,Grocery,Tamil Nadu,644,4
2023-11-16,Meesho,M7190,Clothes,Maharashtra,1708,4
2023-11-16,Meesho,M2246,Accessories,West Bengal,288,2
2023-11-16,Meesho,M6884,Accessories,Uttarakhand,381,1
2023-11-16,Meesho,M4096,Grocery,Tamil Nadu,1665,3
2023-11-16,Meesho,M1220,Clothes,Gujarat,621,3
2023-11-16,Meesho,M4754,Electronics,Andhra Pradesh,2721,3
2023-11-16,Meesho,M5890,Accessories,Andhra Pradesh,1784,2
2023-11-16,Meesho,M1109,Home Decor,Madhya Pradesh,784,1
2023-11-16,Meesho,M1644,Accessories,Uttar Pradesh,584,2
2023-11-16,Meesho,M3905,Grocery,Assam,292,2
2023-11-16,Meesho,M6345,Clothes,Odisha,1140,4
2023-11-16,Meesho,M2999,Electronics,Chhattisgarh,589,1
2023-11-16,Meesho,M1236,Electronics,Andhra Pradesh,831,3
2023-11-16,Meesho,M8609,Clothes,Gujarat,459,3
2023-11-16,Meesho,M1264,Grocery,Madhya Pradesh,583,1
2023-11-16,Meesho,M4437,Clothes,Telangana,544,2
2023-11-16,Meesho,M7751,Home Decor,Haryana,330,1
2023-11-16,Meesho,M1493,Electronics,Delhi,468,2
2023-11-16,Meesho,M1066,Home Decor,Karnataka,1152,3
2023-11-16,Meesho,M3789,Electronics,Haryana,3130,5
2023-11-16,Meesho,M7545,Electronics,Telangana,548,1
2023-11-16,Meesho,M7120,Electronics,Tamil Nadu,2770,5
2023-11-16,Meesho,M6741,Electronics,Haryana,1554,3
2023-11-17,Meesho,M4093,Home Decor,West Bengal,3695,5
2023-11-17,Meesho,M5955,Accessories,Uttarakhand,1365,5
2023-11-17,Meesho,M3283,Home Decor,Haryana,2030,5
2023-11-17,Meesho,M1163,Electronics,Haryana,1548,2
2023-11-17,Meesho,M5929,Electronics,Haryana,548,4
2023-11-17,Meesho,M2416,Electronics,Tamil Nadu,2828,4
2023-11-17,Meesho,M7631,Grocery,Uttarakhand,2340,3
2023-11-17,Meesho,M5538,Grocery,Chhattisgarh,468,3
2023-11-17,Meesho,M3404,Accessories,Punjab,1780,5
2023-11-17,Meesho,M2587,Grocery,Uttar Pradesh,1398,3
2023-11-17,Meesho,M5630,Home Decor,Bihar,1848,4
2023-11-17,Meesho,M5350,Electronics,Chhattisgarh,1714,2
2023-11-17,Meesho,M2062,Accessories,West Bengal,852,3
2023-11-17,Meesho,M9566,Clothes,Karnataka,897,1
2023-11-17,Meesho,M4920,Home Decor,Chhattisgarh,1902,2
2023-11-17,Meesho,M5467,Accessories,Karnataka,878,2
2023-11-17,Meesho,M6836,Clothes,Chhattisgarh,3565,5
2023-11-17,Meesho,M9922,Clothes,Jharkhand,2130,3
2023-11-17,Meesho,M4648,Clothes,Kerala,3370,5
2023-11-17,Meesho,M4352,Grocery,Bihar,2508,3
2023-11-17,Meesho,M7984,Home Decor,Uttar Pradesh,126,1
2023-11-17,Meesho,M9689,Home Decor,West Bengal,177,1
2023-11-17,Meesho,M7075,Clothes,Uttar Pradesh,668,2
2023-11-17,Meesho,M9345,Home Decor,Bihar,687,3
2023-11-17,Meesho,M7220,Grocery,Assam,2268,4
2023-11-17,Meesho,M3772,Clothes,Karnataka,403,1
2023-11-17,Meesho,M3506,Grocery,Chhattisgarh,356,1
2023-11-17,Meesho,M7765,Clothes,Rajasthan,952,1
2023-11-18,Meesho,M4308,Clothes,Karnataka,2056,4
2023-11-18,Meesho,M2576,Clothes,Tamil Nadu,3608,4
2023-11-18,Meesho,M9009,Electronics,Tamil Nadu,852,2
2023-11-18,Meesho,M6586,Accessories,West Bengal,1356,2
2023-11-18,Meesho,M2258,Accessories,Haryana,3670,5
2023-11-18,Meesho,M1420,Home Decor,Gujarat,2307,3
2023-11-18,Meesho,M9955,Grocery,Uttarakhand,2937,3
2023-11-18,Meesho,M2158,Grocery,Assam,1368,2
2023-11-18,Meesho,M4696,Clothes,Bihar,368,1
2023-11-18,Meesho,M9141,Home Decor,Uttar Pradesh,1326,3
2023-11-18,Meesho,M2722,Clothes,West Bengal,3828,4
2023-11-18,Meesho,M5370,Clothes,Uttar Pradesh,1775,5
2023-11-18,Meesho,M1474,Grocery,Tamil Nadu,1992,3
2023-11-18,Meesho,M9993,Electronics,Odisha,1428,4
2023-11-18,Meesho,M3891,Clothes,Madhya Pradesh,618,3
2023-11-18,Meesho,M5618,Home Decor,Andhra Pradesh,476,1
2023-11-18,Meesho,M9650,Grocery,Punjab,308,2
2023-11-18,Meesho,M9711,Clothes,Chhattisgarh,3532,4
2023-11-18,Meesho,M8595,Home Decor,Punjab,846,1
2023-11-18,Meesho,M2230,Accessories,West Bengal,4970,5
2023-11-18,Meesho,M6227,Electronics,Maharashtra,858,1
2023-11-18,Meesho,M6797,Grocery,West Bengal,771,1
2023-11-18,Meesho,M1793,Electronics,Tamil Nadu,1443,3
2023-11-18,Meesho,M3110,Home Decor,Tamil Nadu,4755,5
2023-11-18,Meesho,M2499,Grocery,Telangana,729,3
2023-11-18,Meesho,M4051,Accessories,Delhi,526,2
2023-11-18,Meesho,M7453,Electronics,Karnataka,435,3
2023-11-18,Meesho,M9438,Home Decor,Uttar Pradesh,2865,5
2023-11-18,Meesho,M4762,Grocery,Telangana,1468,4
2023-11-18,Meesho,M1606,Clothes,Bihar,476,4
2023-11-18,Meesho,M4861,Grocery,Uttar Pradesh,532,2
2023-11-18,Meesho,M1082,Home Decor,Telangana,1652,2
2023-11-18,Meesho,M9097,Clothes,Jharkhand,280,2
2023-11-18,Meesho,M8285,Electronics,Bihar,2835,3
2023-11-18,Meesho,M2606,Home Decor,Chhattisgarh,900,4
2023-11-18,Meesho,M9760,Clothes,Delhi,1446,2
2023-11-18,Meesho,M2635,Grocery,West Bengal,1068,2
2023-11-18,Meesho,M4271,Clothes,Karnataka,1436,4
2023-11-18,Meesho,M1987,Home Decor,Assam,2232,4
2023-11-19,Meesho,M7964,Accessories,Maharashtra,3030,5
2023-11-19,Meesho,M6096,Electronics,Maharashtra,1404,4
2023-11-19,Meesho,M3468,Electronics,Telangana,1560,5
2023-11-19,Meesho,M1769,Accessories,Odisha,3516,4
2023-11-19,Meesho,M3427,Clothes,Chhattisgarh,2930,5
2023-11-19,Meesho,M3075,Electronics,Jharkhand,1578,2
2023-11-19,Meesho,M6066,Clothes,Chhattisgarh,2376,4
2023-11-19,Meesho,M1768,Home Decor,Jharkhand,940,4
2023-11-19,Meesho,M6284,Clothes,Odisha,272,1
2023-11-19,Meesho,M3722,Home Decor,Maharashtra,1304,4
2023-11-19,Meesho,M1190,Grocery,Uttar Pradesh,584,1
2023-11-19,Meesho,M4911,Home Decor,Bihar,429,1
2023-11-19,Meesho,M9277,Home Decor,Uttarakhand,4310,5
2023-11-19,Meesho,M1095,Clothes,Delhi,702,3
2023-11-19,Meesho,M8893,Grocery,Punjab,1584,2
2023-11-19,Meesho,M6598,Clothes,Andhra Pradesh,2298,3
2023-11-19,Meesho,M8219,Clothes,Gujarat,197,1
2023-11-19,Meesho,M1747,Home Decor,Chhattisgarh,783,1
2023-11-19,Meesho,M4348,Accessories,Punjab,2048,4
2023-11-19,Meesho,M1693,Grocery,Chhattisgarh,1830,5
2023-11-19,Meesho,M5527,Clothes,Tamil Nadu,428,4
2023-11-19,Meesho,M2218,Electronics,Telangana,1656,3
2023-11-19,Meesho,M2955,Home Decor,Kerala,824,2
2023-11-19,Meesho,M7902,Clothes,Rajasthan,267,1
2023-11-19,Meesho,M1239,Electronics,Kerala,3072,4
2023-11-19,Meesho,M7952,Home Decor,Assam,2524,4
2023-11-19,Meesho,M6049,Accessories,Andhra Pradesh,1260,2
2023-11-19,Meesho,M5489,Home Decor,Madhya Pradesh,3500,5
2023-11-20,Meesho,M6102,Clothes,Maharashtra,912,4
2023-11-20,Meesho,M1785,Electronics,Haryana,634,2
2023-11-20,Meesho,M5884,Clothes,Delhi,1532,2
2023-11-20,Meesho,M9796,Grocery,Tamil Nadu,1725,3
2023-11-20,Meesho,M1459,Accessories,Jharkhand,1556,4
2023-11-20,Meesho,M3512,Accessories,Assam,3485,5
2023-11-20,Meesho,M2992,Grocery,Kerala,621,3
2023-11-20,Meesho,M5410,Home Decor,Gujarat,4520,5
2023-11-20,Meesho,M1386,Electronics,Telangana,2412,4
2023-11-20,Meesho,M8214,Electronics,Karnataka,992,2
2023-11-20,Meesho,M8113,Home Decor,Uttarakhand,584,2
2023-11-20,Meesho,M4487,Grocery,Andhra Pradesh,1848,4
2023-11-20,Meesho,M9474,Accessories,Tamil Nadu,1152,2
2023-11-20,Meesho,M7257,Electronics,Jharkhand,3436,4
2023-11-20,Meesho,M6654,Home Decor,Telangana,1020,5
2023-11-20,Meesho,M4522,Home Decor,Rajasthan,728,2
2023-11-20,Meesho,M2000,Clothes,Gujarat,4330,5
2023-11-20,Meesho,M1498,Home Decor,Uttar Pradesh,671,1
2023-11-20,Meesho,M9386,Electronics,Karnataka,3348,4
2023-11-20,Meesho,M6713,Grocery,Madhya Pradesh,2180,4
2023-11-20,Meesho,M3312,Home Decor,Maharashtra,358,2
2023-11-20,Meesho,M8202,Accessories,Rajasthan,1104,3
2023-11-20,Meesho,M2538,Home Decor,Chhattisgarh,666,3
2023-11-20,Meesho,M5929,Accessories,Madhya Pradesh,1128,2
2023-11-20,Meesho,M9580,Clothes,Jharkhand,400,2
2023-11-20,Meesho,M5385,Clothes,Kerala,256,2
2023-11-20,Meesho,M6196,Electronics,Assam,3120,5
2023-11-21,Meesho,M4252,Clothes,Madhya Pradesh,1700,5
2023-11-21,Meesho,M8270,Home Decor,West Bengal,700,5
2023-11-21,Meesho,M2603,Home Decor,Assam,262,2
2023-11-21,Meesho,M5079,Electronics,West Bengal,1980,2
2023-11-21,Meesho,M8926,Grocery,Punjab,1594,2
2023-11-21,Meesho,M6674,Accessories,Uttar Pradesh,946,2
2023-11-21,Meesho,M7037,Accessories,West Bengal,3464,4
2023-11-21,Meesho,M6188,Home Decor,Telangana,258,2
2023-11-21,Meesho,M3360,Grocery,Bihar,1565,5
2023-11-21,Meesho,M6393,Grocery,Chhattisgarh,984,4
2023-11-21,Meesho,M6776,Grocery,Gujarat,904,1
2023-11-21,Meesho,M7232,Electronics,Jharkhand,2544,4
2023-11-21,Meesho,M5279,Grocery,Odisha,1731,3
2023-11-21,Meesho,M3570,Clothes,Kerala,846,3
2023-11-21,Meesho,M5059,Grocery,West Bengal,555,5
2023-11-21,Meesho,M6264,Clothes,Punjab,2660,4
2023-11-21,Meesho,M7404,Electronics,Chhattisgarh,584,2
2023-11-21,Meesho,M9032,Grocery,Delhi,1580,2
2023-11-21,Meesho,M2856,Grocery,Punjab,1785,3
2023-11-21,Meesho,M4173,Accessories,Gujarat,417,1
2023-11-21,Meesho,M3266,Grocery,Punjab,410,1
2023-11-21,Meesho,M6225,Clothes,Chhattisgarh,3920,5
2023-11-21,Meesho,M9824,Clothes,Maharashtra,1596,4
2023-11-21,Meesho,M2387,Home Decor,Chhattisgarh,720,3
2023-11-21,Meesho,M6723,Accessories,Kerala,2630,5
2023-11-21,Meesho,M5672,Clothes,Maharashtra,1254,3
2023-11-21,Meesho,M5696,Electronics,West Bengal,960,1
2023-11-22,Meesho,M1983,Home Decor,Haryana,1358,2
2023-11-22,Meesho,M7285,Clothes,Tamil Nadu,2583,3
2023-11-22,Meesho,M7588,Clothes,Kerala,1715,5
2023-11-22,Meesho,M1761,Home Decor,Odisha,4540,5
2023-11-22,Meesho,M8916,Home Decor,Andhra Pradesh,3432,4
2023-11-22,Meesho,M6335,Accessories,West Bengal,2660,4
2023-11-22,Meesho,M1228,Home Decor,Gujarat,1556,4
2023-11-22,Meesho,M5178,Clothes,Telangana,318,1
2023-11-22,Meesho,M3804,Clothes,Madhya Pradesh,487,1
2023-11-22,Meesho,M3002,Electronics,Maharashtra,1380,2
2023-11-22,Meesho,M5633,Grocery,Gujarat,2464,4
2023-11-22,Meesho,M9235,Home Decor,Kerala,1209,3
2023-11-22,Meesho,M4631,Accessories,Haryana,3156,4
2023-11-22,Meesho,M1400,Grocery,Jharkhand,1808,2
2023-11-22,Meesho,M7869,Home Decor,Uttarakhand,2280,4
2023-11-22,Meesho,M6131,Electronics,Haryana,2500,4
2023-11-22,Meesho,M8477,Electronics,Assam,1524,3
2023-11-22,Meesho,M3811,Grocery,Andhra Pradesh,2755,5
2023-11-22,Meesho,M3053,Clothes,Uttar Pradesh,1736,2
2023-11-22,Meesho,M8358,Clothes,Uttarakhand,2790,5
2023-11-22,Meesho,M7451,Electronics,West Bengal,1428,3
2023-11-22,Meesho,M9267,Clothes,Odisha,940,2
2023-11-22,Meesho,M7527,Electronics,Chhattisgarh,4270,5
2023-11-22,Meesho,M9940,Home Decor,Odisha,3188,4
2023-11-22,Meesho,M1866,Clothes,West Bengal,500,5
2023-11-22,Meesho,M5386,Accessories,Assam,498,2
2023-11-22,Meesho,M1907,Home Decor,Odisha,1384,2
2023-11-22,Meesho,M3823,Electronics,Uttarakhand,3224,4
2023-11-23,Meesho,M6171,Electronics,Uttarakhand,500,4
2023-11-23,Meesho,M2618,Home Decor,Maharashtra,1878,2
2023-11-23,Meesho,M6503,Home Decor,Haryana,1724,2
2023-11-23,Meesho,M2439,Grocery,Delhi,1946,2
2023-11-23,Meesho,M6789,Home Decor,Uttar Pradesh,4840,5
2023-11-23,Meesho,M2653,Grocery,Haryana,604,4
2023-11-23,Meesho,M2586,Grocery,Gujarat,1608,3
2023-11-23,Meesho,M5100,Electronics,Chhattisgarh,966,3
2023-11-23,Meesho,M2172,Clothes,Uttar Pradesh,389,1
2023-11-23,Meesho,M4614,Electronics,Rajasthan,828,3
2023-11-23,Meesho,M3776,Accessories,Tamil Nadu,1696,4
2023-11-23,Meesho,M4711,Accessories,Karnataka,3700,5
2023-11-23,Meesho,M3250,Grocery,Chhattisgarh,2745,5
2023-11-23,Meesho,M8060,Grocery,Jharkhand,570,1
2023-11-23,Meesho,M8841,Home Decor,Karnataka,2364,3
2023-11-23,Meesho,M4039,Electronics,Bihar,192,1
2023-11-23,Meesho,M6575,Grocery,Uttarakhand,502,1
2023-11-23,Meesho,M7264,Electronics,Jharkhand,820,5
2023-11-23,Meesho,M9320,Electronics,Odisha,3060,5
2023-11-23,Meesho,M2229,Grocery,Bihar,969,1
2023-11-23,Meesho,M7346,Home Decor,Karnataka,1756,2
2023-11-23,Meesho,M5912,Accessories,Karnataka,866,2
2023-11-23,Meesho,M6687,Clothes,Delhi,1940,5
2023-11-23,Meesho,M5721,Home Decor,Assam,573,1
2023-11-23,Meesho,M1289,Grocery,Telangana,2130,3
2023-11-23,Meesho,M6188,Electronics,Punjab,1293,3
2023-11-23,Meesho,M4687,Accessories,Odisha,2530,5
2023-11-23,Meesho,M1193,Electronics,Assam,687,1
2023-11-23,Meesho,M2677,Grocery,Chhattisgarh,654,3
2023-11-23,Meesho,M7013,Clothes,Rajasthan,1708,2
2023-11-23,Meesho,M3454,Grocery,Andhra Pradesh,780,4
2023-11-23,Meesho,M3522,Home Decor,Bihar,2226,3
2023-11-23,Meesho,M8076,Home Decor,Telangana,2628,4
2023-11-23,Meesho,M3828,Home Decor,Andhra Pradesh,1585,5
2023-11-23,Meesho,M9087,Grocery,Rajasthan,1104,2
2023-11-23,Meesho,M7933,Clothes,Chhattisgarh,1449,3
2023-11-24,Meesho,M3337,Accessories,Gujarat,297,1
2023-11-24,Meesho,M3896,Electronics,Uttar Pradesh,315,3
2023-11-24,Meesho,M8266,Electronics,West Bengal,1444,4
2023-11-24,Meesho,M5733,Accessories,Haryana,3335,5
2023-11-24,Meesho,M5279,Home Decor,Kerala,2040,3
2023-11-24,Meesho,M1072,Clothes,Andhra Pradesh,392,1
2023-11-24,Meesho,M8461,Clothes,Gujarat,4820,5
2023-11-24,Meesho,M1423,Electronics,Odisha,1035,3
2023-11-24,Meesho,M8158,Electronics,Delhi,1611,3
2023-11-24,Meesho,M3403,Clothes,Chhattisgarh,1284,2
2023-11-24,Meesho,M4305,Grocery,Rajasthan,2455,5
2023-11-24,Meesho,M2835,Clothes,West Bengal,2935,5
2023-11-24,Meesho,M6575,Grocery,Madhya Pradesh,584,4
2023-11-24,Meesho,M6866,Clothes,Andhra Pradesh,678,3
2023-11-24,Meesho,M2301,Accessories,Delhi,1412,4
2023-11-24,Meesho,M7512,Electronics,Odisha,156,1
2023-11-24,Meesho,M8784,Accessories,Madhya Pradesh,116,1
2023-11-24,Meesho,M1033,Electronics,West Bengal,423,3
2023-11-24,Meesho,M8743,Home Decor,Bihar,1672,2
2023-11-24,Meesho,M1356,Grocery,Haryana,259,1
2023-11-24,Meesho,M9722,Grocery,Tamil Nadu,676,2
2023-11-25,Meesho,M6105,Clothes,Kerala,1788,2
2023-11-25,Meesho,M9532,Grocery,Maharashtra,2740,5
2023-11-25,Meesho,M2754,Home Decor,Rajasthan,1422,2
2023-11-25,Meesho,M9123,Home Decor,Chhattisgarh,3760,5
2023-11-25,Meesho,M2261,Accessories,Madhya Pradesh,747,1
2023-11-25,Meesho,M8617,Clothes,Kerala,912,2
2023-11-25,Meesho,M2389,Home Decor,Tamil Nadu,340,2
2023-11-25,Meesho,M9633,Home Decor,Maharashtra,1292,2
2023-11-25,Meesho,M2278,Accessories,West Bengal,590,1
2023-11-25,Meesho,M1573,Home Decor,Bihar,2200,5
2023-11-25,Meesho,M3994,Grocery,Gujarat,3515,5
2023-11-25,Meesho,M4543,Clothes,Bihar,1426,2
2023-11-25,Meesho,M3517,Home Decor,Karnataka,328,2
2023-11-25,Meesho,M3023,Accessories,Madhya Pradesh,421,1
2023-11-25,Meesho,M3599,Grocery,Karnataka,795,1
2023-11-25,Meesho,M2149,Grocery,Andhra Pradesh,2210,5
2023-11-25,Meesho,M9546,Accessories,Uttarakhand,606,2
2023-11-25,Meesho,M1165,Electronics,Delhi,3628,4
2023-11-25,Meesho,M8023,Electronics,Maharashtra,1528,2
2023-11-25,Meesho,M7709,Electronics,Madhya Pradesh,2900,4
2023-11-25,Meesho,M4474,Clothes,Andhra Pradesh,1808,4
2023-11-25,Meesho,M3830,Clothes,Chhattisgarh,2445,5
2023-11-25,Meesho,M5058,Accessories,Karnataka,212,1
2023-11-25,Meesho,M3858,Clothes,Tamil Nadu,1526,2
2023-11-25,Meesho,M2627,Clothes,Andhra Pradesh,3644,4
2023-11-25,Meesho,M8785,Grocery,Gujarat,2668,4
2023-11-25,Meesho,M3167,Clothes,Punjab,1490,2
2023-11-25,Meesho,M7718,Accessories,Jharkhand,2625,3
2023-11-25,Meesho,M9347,Grocery,Delhi,3905,5
2023-11-25,Meesho,M6383,Clothes,Uttarakhand,694,2
2023-11-26,Meesho,M7464,Accessories,West Bengal,4145,5
2023-11-26,Meesho,M5463,Accessories,Chhattisgarh,483,1
2023-11-26,Meesho,M5680,Grocery,Andhra Pradesh,4400,5
2023-11-26,Meesho,M4479,Clothes,Rajasthan,696,4
2023-11-26,Meesho,M5935,Clothes,Madhya Pradesh,1058,2
2023-11-26,Meesho,M2293,Clothes,Karnataka,1818,3
2023-11-26,Meesho,M1789,Grocery,Andhra Pradesh,809,1
2023-11-26,Meesho,M6000,Grocery,Karnataka,3740,5
2023-11-26,Meesho,M8365,Clothes,Andhra Pradesh,1521,3
2023-11-26,Meesho,M5192,Home Decor,Jharkhand,976,1
2023-11-26,Meesho,M7449,Electronics,Bihar,2523,3
2023-11-26,Meesho,M7735,Home Decor,Assam,326,2
2023-11-26,Meesho,M4216,Accessories,Punjab,769,1
2023-11-26,Meesho,M7552,Home Decor,Assam,3385,5
2023-11-26,Meesho,M5220,Grocery,Maharashtra,2247,3
2023-11-26,Meesho,M1425,Clothes,Andhra Pradesh,2730,5
2023-11-26,Meesho,M6228,Electronics,Chhattisgarh,1924,4
2023-11-26,Meesho,M1135,Accessories,West Bengal,1624,2
2023-11-26,Meesho,M6203,Accessories,Chhattisgarh,1804,4
2023-11-26,Meesho,M9897,Electronics,Andhra Pradesh,402,3
2023-11-26,Meesho,M3673,Home Decor,Gujarat,939,3
2023-11-26,Meesho,M2238,Accessories,Andhra Pradesh,1990,2
2023-11-26,Meesho,M6579,Grocery,Rajasthan,1887,3
2023-11-26,Meesho,M9577,Accessories,Tamil Nadu,3175,5
2023-11-26,Meesho,M8802,Grocery,Odisha,1956,3
2023-11-26,Meesho,M6605,Grocery,Andhra Pradesh,901,1
2023-11-26,Meesho,M8393,Electronics,West Bengal,1310,5
2023-11-26,Meesho,M6317,Grocery,Bihar,592,4
2023-11-26,Meesho,M9424,Grocery,Andhra Pradesh,794,2
2023-11-26,Meesho,M6586,Clothes,Chhattisgarh,1888,2
2023-11-26,Meesho,M6933,Clothes,Rajasthan,543,1
2023-11-26,Meesho,M5573,Home Decor,Uttarakhand,1796,2
2023-11-26,Meesho,M9444,Accessories,Telangana,423,1
2023-11-26,Meesho,M7475,Clothes,Gujarat,3188,4
2023-11-27,Meesho,M4003,Home Decor,Kerala,2592,4
2023-11-27,Meesho,M8708,Home Decor,Punjab,2020,5
2023-11-27,Meesho,M9157,Accessories,Chhattisgarh,1396,2
2023-11-27,Meesho,M2325,Electronics,Kerala,903,3
2023-11-27,Meesho,M9479,Home Decor,Maharashtra,1020,4
2023-11-27,Meesho,M6640,Grocery,Jharkhand,1712,4
2023-11-27,Meesho,M5789,Home Decor,Bihar,1572,3
2023-11-27,Meesho,M9826,Clothes,Uttar Pradesh,1476,2
2023-11-27,Meesho,M5175,Electronics,Jharkhand,732,4
2023-11-27,Meesho,M8972,Grocery,Andhra Pradesh,653,1
2023-11-27,Meesho,M6383,Grocery,Jharkhand,833,1
2023-11-27,Meesho,M3097,Electronics,Chhattisgarh,474,1
2023-11-27,Meesho,M4988,Electronics,Haryana,1110,5
2023-11-27,Meesho,M7091,Clothes,Gujarat,730,1
2023-11-27,Meesho,M6312,Grocery,West Bengal,975,1
2023-11-27,Meesho,M7117,Grocery,Bihar,1224,4
2023-11-27,Meesho,M9562,Accessories,Andhra Pradesh,827,1
2023-11-27,Meesho,M9486,Accessories,Maharashtra,3176,4
2023-11-27,Meesho,M8045,Home Decor,Madhya Pradesh,2547,3
2023-11-27,Meesho,M8322,Grocery,Andhra Pradesh,4740,5
2023-11-27,Meesho,M4061,Accessories,Tamil Nadu,1566,2
2023-11-27,Meesho,M4435,Clothes,Haryana,3750,5
2023-11-27,Meesho,M4951,Grocery,Bihar,500,2
2023-11-27,Meesho,M7524,Electronics,Madhya Pradesh,3988,4
2023-11-27,Meesho,M2201,Grocery,Delhi,1436,2
2023-11-27,Meesho,M4100,Home Decor,Chhattisgarh,3920,4
2023-11-27,Meesho,M4235,Grocery,Karnataka,1556,4
2023-11-27,Meesho,M1955,Home Decor,West Bengal,956,4
2023-11-27,Meesho,M4413,Home Decor,Karnataka,257,1
2023-11-27,Meesho,M6528,Grocery,Kerala,452,2
2023-11-27,Meesho,M5552,Electronics,Gujarat,427,1
2023-11-27,Meesho,M3026,Accessories,Delhi,635,5
2023-11-27,Meesho,M2813,Clothes,Tamil Nadu,186,1
2023-11-27,Meesho,M5096,Home Decor,Madhya Pradesh,3405,5
2023-11-27,Meesho,M3835,Grocery,Punjab,2468,4
2023-11-27,Meesho,M1340,Grocery,Gujarat,1068,4
2023-11-27,Meesho,M3181,Home Decor,Rajasthan,737,1
2023-11-27,Meesho,M7132,Home Decor,Chhattisgarh,1450,5
2023-11-27,Meesho,M2695,Accessories,Maharashtra,559,1
2023-11-28,Meesho,M9598,Accessories,West Bengal,563,1
2023-11-28,Meesho,M3163,Home Decor,Uttarakhand,1875,5
2023-11-28,Meesho,M1014,Home Decor,Telangana,999,3
2023-11-28,Meesho,M8579,Accessories,Karnataka,321,3
2023-11-28,Meesho,M2151,Home Decor,Punjab,239,1
2023-11-28,Meesho,M1118,Clothes,Uttar Pradesh,616,4
2023-11-28,Meesho,M1433,Electronics,Uttar Pradesh,3565,5
2023-11-28,Meesho,M8876,Home Decor,Tamil Nadu,1930,2
2023-11-28,Meesho,M2930,Grocery,Jharkhand,660,5
2023-11-28,Meesho,M8297,Home Decor,Kerala,1732,2
2023-11-28,Meesho,M7956,Grocery,Odisha,694,2
2023-11-28,Meesho,M1615,Clothes,Jharkhand,420,3
2023-11-28,Meesho,M2577,Clothes,Telangana,3288,4
2023-11-28,Meesho,M4699,Home Decor,Chhattisgarh,468,2
2023-11-28,Meesho,M3387,Home Decor,Tamil Nadu,1845,3
2023-11-28,Meesho,M7461,Home Decor,Madhya Pradesh,1662,2
2023-11-28,Meesho,M4278,Home Decor,Karnataka,1910,5
2023-11-28,Meesho,M6802,Electronics,Haryana,1917,3
2023-11-28,Meesho,M1315,Accessories,Assam,1440,5
2023-11-28,Meesho,M7698,Electronics,Haryana,894,2
2023-11-28,Meesho,M2281,Accessories,Tamil Nadu,1848,2
2023-11-28,Meesho,M6797,Electronics,Telangana,730,1
2023-11-28,Meesho,M3538,Home Decor,Chhattisgarh,609,3
2023-11-28,Meesho,M4306,Electronics,Rajasthan,961,1
2023-11-28,Meesho,M9193,Electronics,Odisha,298,1
2023-11-28,Meesho,M6088,Grocery,Punjab,3984,4
2023-11-28,Meesho,M2455,Electronics,Bihar,1776,2
2023-11-28,Meesho,M7818,Electronics,Madhya Pradesh,666,2
2023-11-28,Meesho,M2920,Electronics,Assam,119,1
2023-11-28,Meesho,M1999,Grocery,Telangana,1056,3
2023-11-28,Meesho,M7870,Clothes,Odisha,107,1
2023-11-28,Meesho,M5920,Electronics,Delhi,1256,2
2023-11-28,Meesho,M1178,Home Decor,Telangana,1512,3
2023-11-28,Meesho,M2055,Accessories,Rajasthan,2470,5
2023-11-28,Meesho,M4861,Accessories,Chhattisgarh,456,4
2023-11-28,Meesho,M2615,Clothes,Chhattisgarh,846,1
2023-11-28,Meesho,M1593,Clothes,Karnataka,1254,3
2023-11-28,Meesho,M9570,Electronics,Maharashtra,1046,2
2023-11-28,Meesho,M3487,Accessories,Gujarat,137,1
2023-11-29,Meesho,M2601,Clothes,Gujarat,1410,3
2023-11-29,Meesho,M5360,Home Decor,Gujarat,1428,2
2023-11-29,Meesho,M2660,Accessories,Kerala,366,3
2023-11-29,Meesho,M7290,Electronics,Uttar Pradesh,1678,2
2023-11-29,Meesho,M8538,Electronics,Haryana,1552,2
2023-11-29,Meesho,M3031,Accessories,Rajasthan,294,2
2023-11-29,Meesho,M7569,Electronics,Delhi,4520,5
2023-11-29,Meesho,M8939,Electronics,Odisha,748,4
2023-11-29,Meesho,M8663,Accessories,Haryana,1986,2
2023-11-29,Meesho,M5884,Electronics,Jharkhand,3550,5
2023-11-29,Meesho,M2793,Grocery,Assam,4460,5
2023-11-29,Meesho,M1527,Home Decor,Telangana,2030,5
2023-11-29,Meesho,M6568,Home Decor,Tamil Nadu,1992,4
2023-11-29,Meesho,M1195,Electronics,Jharkhand,975,1
2023-11-29,Meesho,M1318,Home Decor,Haryana,2211,3
2023-11-29,Meesho,M6343,Accessories,Delhi,894,3
2023-11-29,Meesho,M1830,Home Decor,Chhattisgarh,850,2
2023-11-29,Meesho,M8507,Electronics,Uttar Pradesh,1538,2
2023-11-29,Meesho,M3547,Home Decor,Uttar Pradesh,914,2
2023-11-29,Meesho,M3564,Home Decor,Delhi,1108,2
2023-11-29,Meesho,M9364,Home Decor,Assam,2796,4
2023-11-30,Meesho,M8642,Accessories,Uttarakhand,4580,5
2023-11-30,Meesho,M4116,Electronics,Jharkhand,1370,2
2023-11-30,Meesho,M1656,Clothes,Punjab,562,2
2023-11-30,Meesho,M9234,Home Decor,Punjab,2241,3
2023-11-30,Meesho,M4793,Clothes,Telangana,197,1
2023-11-30,Meesho,M3542,Clothes,Uttarakhand,3788,4
2023-11-30,Meesho,M8263,Grocery,West Bengal,214,2
2023-11-30,Meesho,M9546,Grocery,Madhya Pradesh,1048,2
2023-11-30,Meesho,M3694,Accessories,Odisha,1780,5
2023-11-30,Meesho,M3514,Home Decor,Kerala,1765,5
2023-11-30,Meesho,M9341,Electronics,Delhi,2748,3
2023-11-30,Meesho,M8465,Electronics,Uttarakhand,1143,3
2023-11-30,Meesho,M6263,Electronics,Maharashtra,560,1
2023-11-30,Meesho,M3545,Home Decor,West Bengal,451,1
2023-11-30,Meesho,M4493,Accessories,Madhya Pradesh,550,5
2023-11-30,Meesho,M4613,Accessories,Uttar Pradesh,1858,2
2023-11-30,Meesho,M7947,Clothes,Rajasthan,2515,5
2023-11-30,Meesho,M5297,Home Decor,Delhi,742,1
2023-11-30,Meesho,M4063,Clothes,Jharkhand,552,1
2023-11-30,Meesho,M6313,Clothes,Gujarat,119,1
2023-11-30,Meesho,M1658,Accessories,Haryana,2080,5
2023-11-30,Meesho,M2019,Electronics,Karnataka,4885,5
2023-11-30,Meesho,M1970,Accessories,Assam,742,1
2023-11-30,Meesho,M9264,Electronics,Punjab,552,3
2023-11-30,Meesho,M7144,Accessories,Haryana,2448,4
2023-11-30,Meesho,M8373,Accessories,Rajasthan,1760,2
2023-11-30,Meesho,M7700,Accessories,Rajasthan,3405,5
2023-11-30,Meesho,M8361,Grocery,Kerala,3445,5
2023-12-01,Meesho,M2741,Accessories,Andhra Pradesh,561,3
2023-12-01,Meesho,M7257,Clothes,Karnataka,509,1
2023-12-01,Meesho,M3677,Clothes,Uttar Pradesh,1555,5
2023-12-01,Meesho,M7624,Clothes,Punjab,238,2
2023-12-01,Meesho,M7090,Grocery,Maharashtra,4750,5
2023-12-01,Meesho,M9915,Accessories,Telangana,1450,2
2023-12-01,Meesho,M6261,Home Decor,Gujarat,221,1
2023-12-01,Meesho,M2160,Accessories,Gujarat,755,1
2023-12-01,Meesho,M2967,Accessories,Punjab,1470,2
2023-12-01,Meesho,M7119,Accessories,Madhya Pradesh,1458,2
2023-12-01,Meesho,M9785,Home Decor,Maharashtra,666,3
2023-12-01,Meesho,M4347,Grocery,Delhi,608,1
2023-12-01,Meesho,M8689,Clothes,Maharashtra,1524,2
2023-12-01,Meesho,M1000,Grocery,Odisha,828,2
2023-12-01,Meesho,M3533,Clothes,West Bengal,288,1
2023-12-01,Meesho,M9903,Grocery,Jharkhand,252,2
2023-12-01,Meesho,M2971,Clothes,West Bengal,1872,3
2023-12-01,Meesho,M6484,Electronics,Andhra Pradesh,1768,2
2023-12-01,Meesho,M3036,Clothes,Delhi,1698,2
2023-12-01,Meesho,M1210,Accessories,Bihar,475,1
2023-12-02,Meesho,M4742,Clothes,Assam,1782,3
2023-12-02,Meesho,M8524,Home Decor,Tamil Nadu,2330,5
2023-12-02,Meesho,M9307,Home Decor,Chhattisgarh,990,2
2023-12-02,Meesho,M3968,Electronics,Madhya Pradesh,1808,2
2023-12-02,Meesho,M1119,Electronics,Kerala,2085,3
2023-12-02,Meesho,M2202,Accessories,Assam,1435,5
2023-12-02,Meesho,M1074,Accessories,Gujarat,422,2
2023-12-02,Meesho,M8728,Clothes,Gujarat,298,2
2023-12-02,Meesho,M1583,Clothes,Uttar Pradesh,1262,2
2023-12-02,Meesho,M3170,Accessories,Telangana,133,1
2023-12-02,Meesho,M5176,Clothes,Gujarat,289,1
2023-12-02,Meesho,M1705,Clothes,Karnataka,2697,3
2023-12-02,Meesho,M3576,Accessories,Rajasthan,2068,4
2023-12-02,Meesho,M2765,Home Decor,Uttarakhand,3540,4
2023-12-02,Meesho,M6045,Accessories,Punjab,133,1
2023-12-02,Meesho,M8702,Home Decor,Uttar Pradesh,2190,3
2023-12-02,Meesho,M7435,Clothes,Jharkhand,1004,4
2023-12-02,Meesho,M2603,Electronics,Karnataka,1854,2
2023-12-02,Meesho,M6767,Electronics,Gujarat,2352,4
2023-12-02,Meesho,M4759,Clothes,West Bengal,3110,5
2023-12-02,Meesho,M8852,Grocery,West Bengal,1164,3
2023-12-02,Meesho,M3396,Electronics,Telangana,1521,3
2023-12-02,Meesho,M4999,Electronics,Gujarat,2172,3
2023-12-03,Meesho,M4859,Electronics,Jharkhand,3516,4
2023-12-03,Meesho,M2817,Clothes,Chhattisgarh,2995,5
2023-12-03,Meesho,M3231,Accessories,Kerala,237,1
2023-12-03,Meesho,M2164,Grocery,Delhi,738,3
2023-12-03,Meesho,M5229,Electronics,Kerala,3390,5
2023-12-03,Meesho,M8245,Accessories,Jharkhand,1347,3
2023-12-03,Meesho,M1948,Accessories,Kerala,3184,4
2023-12-03,Meesho,M4985,Accessories,Uttarakhand,1290,5
2023-12-03,Meesho,M4228,Grocery,Gujarat,3520,5
2023-12-03,Meesho,M4301,Accessories,Odisha,2020,4
2023-12-03,Meesho,M5920,Accessories,Uttar Pradesh,590,2
2023-12-03,Meesho,M2147,Electronics,Uttar Pradesh,3260,5
2023-12-03,Meesho,M6242,Accessories,Jharkhand,567,3
2023-12-03,Meesho,M6855,Home Decor,Assam,718,2
2023-12-03,Meesho,M9886,Home Decor,Gujarat,561,1
2023-12-03,Meesho,M2175,Home Decor,Punjab,3865,5
2023-12-03,Meesho,M6283,Grocery,West Bengal,2928,4
2023-12-03,Meesho,M1742,Clothes,Haryana,1209,3
2023-12-03,Meesho,M1985,Electronics,Uttarakhand,3150,5
2023-12-03,Meesho,M9664,Grocery,Kerala,1256,2
2023-12-03,Meesho,M5360,Home Decor,Rajasthan,609,3
2023-12-03,Meesho,M6097,Electronics,Karnataka,4755,5
2023-12-03,Meesho,M9264,Electronics,Madhya Pradesh,1704,4
2023-12-03,Meesho,M2271,Electronics,Gujarat,1265,5
2023-12-03,Meesho,M9701,Home Decor,Maharashtra,3128,4
2023-12-03,Meesho,M2247,Accessories,Rajasthan,3820,5
2023-12-04,Meesho,M9629,Electronics,Bihar,2015,5
2023-12-04,Meesho,M9230,Accessories,Gujarat,3592,4
2023-12-04,Meesho,M1767,Electronics,Kerala,248,1
2023-12-04,Meesho,M6072,Accessories,Telangana,2289,3
2023-12-04,Meesho,M9011,Electronics,Telangana,1518,3
2023-12-04,Meesho,M5901,Home Decor,Maharashtra,348,2
2023-12-04,Meesho,M7692,Home Decor,Andhra Pradesh,1212,2
2023-12-04,Meesho,M6429,Accessories,Rajasthan,1265,5
2023-12-04,Meesho,M2125,Accessories,Odisha,741,1
2023-12-04,Meesho,M1783,Home Decor,Gujarat,244,1
2023-12-04,Meesho,M6232,Electronics,Rajasthan,2097,3
2023-12-04,Meesho,M8134,Home Decor,Uttar Pradesh,1284,3
2023-12-04,Meesho,M9237,Accessories,Haryana,2922,3
2023-12-04,Meesho,M8894,Clothes,Gujarat,109,1
2023-12-04,Meesho,M6086,Accessories,Tamil Nadu,828,2
2023-12-04,Meesho,M4834,Grocery,Punjab,3485,5
2023-12-04,Meesho,M7696,Home Decor,Odisha,1930,5
2023-12-04,Meesho,M6516,Grocery,Karnataka,812,1
2023-12-04,Meesho,M8988,Clothes,Uttarakhand,732,3
2023-12-04,Meesho,M8702,Accessories,Andhra Pradesh,2175,5
2023-12-04,Meesho,M5676,Grocery,Andhra Pradesh,498,1
2023-12-04,Meesho,M4235,Accessories,Madhya Pradesh,2285,5
2023-12-04,Meesho,M3532,Clothes,West Bengal,2040,3
2023-12-04,Meesho,M2447,Grocery,Andhra Pradesh,2091,3
2023-12-04,Meesho,M7476,Accessories,West Bengal,396,1
2023-12-04,Meesho,M9174,Electronics,Andhra Pradesh,750,5
2023-12-04,Meesho,M5864,Electronics,Karnataka,805,5
2023-12-04,Meesho,M7471,Accessories,Bihar,3400,4
2023-12-04,Meesho,M5962,Electronics,Uttarakhand,350,1
2023-12-04,Meesho,M6522,Clothes,Chhattisgarh,3585,5
2023-12-05,Meesho,M6013,Electronics,Madhya Pradesh,381,3
2023-12-05,Meesho,M1421,Electronics,Rajasthan,1106,2
2023-12-05,Meesho,M8280,Grocery,West Bengal,2390,5
2023-12-05,Meesho,M3986,Electronics,Delhi,1900,4
2023-12-05,Meesho,M6966,Accessories,Delhi,1528,2
2023-12-05,Meesho,M3149,Home Decor,Telangana,2810,5
2023-12-05,Meesho,M8865,Home Decor,Rajasthan,1731,3
2023-12-05,Meesho,M1381,Accessories,Haryana,854,2
2023-12-05,Meesho,M4247,Home Decor,Delhi,2268,4
2023-12-05,Meesho,M4157,Accessories,Punjab,831,1
2023-12-05,Meesho,M3590,Electronics,Jharkhand,3995,5
2023-12-05,Meesho,M3004,Grocery,Jharkhand,948,2
2023-12-05,Meesho,M2342,Accessories,Chhattisgarh,2313,3
2023-12-05,Meesho,M2052,Home Decor,Kerala,3172,4
2023-12-05,Meesho,M1144,Home Decor,Andhra Pradesh,155,1
2023-12-05,Meesho,M4064,Electronics,Rajasthan,2140,5
2023-12-05,Meesho,M3117,Grocery,Odisha,1680,2
2023-12-05,Meesho,M1645,Grocery,Haryana,3580,5
2023-12-05,Meesho,M7363,Accessories,West Bengal,2943,3
2023-12-05,Meesho,M4118,Clothes,Delhi,2824,4
2023-12-05,Meesho,M7285,Electronics,Gujarat,4930,5
2023-12-05,Meesho,M8866,Clothes,Odisha,860,4
2023-12-05,Meesho,M5383,Electronics,Delhi,1965,3
2023-12-05,Meesho,M8188,Home Decor,Jharkhand,1896,3
2023-12-05,Meesho,M6241,Clothes,Rajasthan,518,2
2023-12-05,Meesho,M6631,Grocery,Kerala,3324,4
2023-12-05,Meesho,M3325,Clothes,Andhra Pradesh,368,1
2023-12-06,Meesho,M9799,Electronics,Delhi,2649,3
2023-12-06,Meesho,M6191,Clothes,Bihar,1460,5
2023-12-06,Meesho,M6999,Clothes,Karnataka,4620,5
2023-12-06,Meesho,M4516,Clothes,Gujarat,1282,2
2023-12-06,Meesho,M5603,Accessories,Assam,2660,4
2023-12-06,Meesho,M5877,Accessories,Maharashtra,3920,4
2023-12-06,Meesho,M9017,Accessories,Assam,708,4
2023-12-06,Meesho,M8644,Home Decor,Maharashtra,1920,4
2023-12-06,Meesho,M1733,Accessories,Haryana,459,3
2023-12-06,Meesho,M4730,Accessories,Madhya Pradesh,944,1
2023-12-06,Meesho,M5818,Electronics,Karnataka,864,1
2023-12-06,Meesho,M1430,Clothes,Madhya Pradesh,589,1
2023-12-06,Meesho,M3459,Home Decor,Kerala,2755,5
2023-12-06,Meesho,M3658,Accessories,Uttar Pradesh,3424,4
2023-12-06,Meesho,M5034,Grocery,Chhattisgarh,2300,4
2023-12-06,Meesho,M4944,Electronics,Jharkhand,1725,5
2023-12-06,Meesho,M6320,Clothes,Punjab,300,3
2023-12-06,Meesho,M7436,Grocery,Uttar Pradesh,1570,2
2023-12-06,Meesho,M8683,Accessories,Uttar Pradesh,505,5
2023-12-06,Meesho,M5505,Grocery,Assam,1620,4
2023-12-06,Meesho,M7814,Home Decor,Uttar Pradesh,3488,4
2023-12-06,Meesho,M9373,Grocery,Madhya Pradesh,2610,5
2023-12-06,Meesho,M8782,Accessories,West Bengal,919,1
2023-12-06,Meesho,M6947,Home Decor,Uttarakhand,338,2
2023-12-06,Meesho,M2741,Grocery,Uttarakhand,3972,4
2023-12-06,Meesho,M3589,Clothes,Punjab,1064,2
2023-12-06,Meesho,M8793,Electronics,Rajasthan,891,1
2023-12-06,Meesho,M7903,Electronics,Andhra Pradesh,1212,2
2023-12-06,Meesho,M7697,Electronics,Tamil Nadu,1764,3
2023-12-06,Meesho,M5995,Clothes,Maharashtra,760,4
2023-12-06,Meesho,M3806,Electronics,Gujarat,3232,4
2023-12-07,Meesho,M7267,Home Decor,Odisha,926,2
2023-12-07,Meesho,M1868,Clothes,Telangana,2684,4
2023-12-07,Meesho,M3114,Grocery,Delhi,204,2
2023-12-07,Meesho,M4535,Home Decor,Andhra Pradesh,982,2
2023-12-07,Meesho,M1366,Clothes,Uttarakhand,3980,4
2023-12-07,Meesho,M4732,Accessories,Delhi,808,1
2023-12-07,Meesho,M1977,Accessories,Rajasthan,2065,5
2023-12-07,Meesho,M1979,Home Decor,West Bengal,2936,4
2023-12-07,Meesho,M1735,Electronics,Odisha,796,1
2023-12-07,Meesho,M8907,Electronics,Karnataka,2490,5
2023-12-07,Meesho,M2708,Accessories,Uttarakhand,2000,5
2023-12-07,Meesho,M4777,Clothes,Uttar Pradesh,2352,3
2023-12-07,Meesho,M6196,Home Decor,Punjab,1410,3
2023-12-07,Meesho,M9642,Electronics,Uttarakhand,2215,5
2023-12-07,Meesho,M6502,Grocery,Bihar,1089,3
2023-12-07,Meesho,M9358,Electronics,Andhra Pradesh,357,1
2023-12-07,Meesho,M9188,Home Decor,Telangana,4260,5
2023-12-07,Meesho,M9710,Electronics,Delhi,2172,4
2023-12-07,Meesho,M4740,Clothes,Bihar,3292,4
2023-12-07,Meesho,M6703,Clothes,Jharkhand,2754,3
2023-12-07,Meesho,M2562,Grocery,Punjab,645,5
2023-12-07,Meesho,M6058,Clothes,West Bengal,4520,5
2023-12-07,Meesho,M1880,Clothes,Punjab,1437,3
2023-12-07,Meesho,M5291,Clothes,Telangana,1936,2
2023-12-07,Meesho,M6197,Clothes,Uttar Pradesh,1668,3
2023-12-08,Meesho,M5297,Home Decor,Maharashtra,2736,4
2023-12-08,Meesho,M4178,Electronics,Delhi,3045,5
2023-12-08,Meesho,M4400,Accessories,Odisha,1204,2
2023-12-08,Meesho,M2219,Electronics,Karnataka,2300,4
2023-12-08,Meesho,M1837,Accessories,West Bengal,1886,2
2023-12-08,Meesho,M3396,Home Decor,Delhi,1105,5
2023-12-08,Meesho,M8733,Electronics,Rajasthan,1938,3
2023-12-08,Meesho,M7891,Grocery,West Bengal,3668,4
2023-12-08,Meesho,M4556,Accessories,Gujarat,1731,3
2023-12-08,Meesho,M3430,Accessories,Uttarakhand,3415,5
2023-12-08,Meesho,M8876,Home Decor,Kerala,1160,5
2023-12-08,Meesho,M6164,Accessories,Tamil Nadu,3640,5
2023-12-08,Meesho,M9032,Clothes,Haryana,1296,2
2023-12-08,Meesho,M4363,Accessories,Uttarakhand,1900,4
2023-12-08,Meesho,M1451,Grocery,Telangana,2511,3
2023-12-08,Meesho,M3490,Electronics,Rajasthan,1647,3
2023-12-08,Meesho,M5821,Home Decor,Punjab,812,2
2023-12-08,Meesho,M9080,Home Decor,Punjab,2650,5
2023-12-08,Meesho,M1742,Accessories,Telangana,949,1
2023-12-08,Meesho,M6852,Clothes,Uttar Pradesh,2855,5
2023-12-08,Meesho,M4016,Electronics,Andhra Pradesh,1002,3
2023-12-08,Meesho,M2086,Grocery,Andhra Pradesh,4915,5
2023-12-08,Meesho,M3979,Accessories,Odisha,3164,4
2023-12-08,Meesho,M3053,Clothes,Odisha,432,4
2023-12-08,Meesho,M5408,Electronics,Rajasthan,2920,4
2023-12-09,Meesho,M4301,Electronics,Rajasthan,456,2
2023-12-09,Meesho,M6497,Accessories,Haryana,2480,5
2023-12-09,Meesho,M1514,Accessories,Jharkhand,408,4
2023-12-09,Meesho,M8056,Electronics,Delhi,376,1
2023-12-09,Meesho,M2329,Accessories,Rajasthan,4500,5
2023-12-09,Meesho,M8980,Home Decor,Punjab,1435,5
2023-12-09,Meesho,M8773,Electronics,Uttarakhand,4385,5
2023-12-09,Meesho,M4821,Electronics,Assam,662,2
2023-12-09,Meesho,M8138,Accessories,Delhi,2904,4
2023-12-09,Meesho,M8334,Grocery,Odisha,2559,3
2023-12-09,Meesho,M4172,Accessories,Telangana,692,4
2023-12-09,Meesho,M3354,Grocery,Karnataka,4905,5
2023-12-09,Meesho,M9159,Home Decor,Tamil Nadu,1086,3
2023-12-09,Meesho,M1280,Grocery,Madhya Pradesh,1410,3
2023-12-09,Meesho,M4506,Accessories,Delhi,515,5
2023-12-09,Meesho,M1897,Home Decor,Uttar Pradesh,1105,5
2023-12-09,Meesho,M9958,Clothes,Rajasthan,2200,4
2023-12-09,Meesho,M6529,Accessories,Chhattisgarh,561,1
2023-12-09,Meesho,M7350,Home Decor,Haryana,452,4
2023-12-09,Meesho,M2235,Electronics,Assam,1592,2
2023-12-09,Meesho,M4209,Clothes,Andhra Pradesh,1746,2
2023-12-09,Meesho,M6465,Grocery,Punjab,1978,2
2023-12-09,Meesho,M3486,Clothes,Jharkhand,2361,3
2023-12-09,Meesho,M5710,Clothes,Telangana,2259,3
2023-12-09,Meesho,M5779,Grocery,Bihar,514,2
2023-12-09,Meesho,M4723,Grocery,Andhra Pradesh,1630,5
2023-12-09,Meesho,M6196,Home Decor,Uttar Pradesh,760,4
2023-12-09,Meesho,M8684,Grocery,Maharashtra,2668,4
2023-12-09,Meesho,M7700,Grocery,Chhattisgarh,577,1
2023-12-09,Meesho,M6558,Home Decor,Haryana,3400,5
2023-12-09,Meesho,M2462,Electronics,Jharkhand,496,4
2023-12-09,Meesho,M6456,Accessories,Uttarakhand,927,1
2023-12-10,Meesho,M6026,Clothes,Maharashtra,655,1
2023-12-10,Meesho,M7995,Clothes,Madhya Pradesh,392,1
2023-12-10,Meesho,M1121,Grocery,Assam,533,1
2023-12-10,Meesho,M6413,Accessories,Madhya Pradesh,305,1
2023-12-10,Meesho,M2521,Home Decor,Bihar,2436,3
2023-12-10,Meesho,M3081,Home Decor,Madhya Pradesh,1295,5
2023-12-10,Meesho,M8451,Accessories,Karnataka,1512,2
2023-12-10,Meesho,M1195,Accessories,Jharkhand,2508,3
2023-12-10,Meesho,M9873,Electronics,Bihar,2056,4
2023-12-10,Meesho,M7228,Home Decor,Gujarat,1598,2
2023-12-10,Meesho,M3025,Home Decor,Uttar Pradesh,792,2
2023-12-10,Meesho,M4030,Electronics,Karnataka,872,2
2023-12-10,Meesho,M8199,Grocery,Chhattisgarh,1218,3
2023-12-10,Meesho,M1501,Electronics,Uttarakhand,358,2
2023-12-10,Meesho,M9800,Grocery,Bihar,700,2
2023-12-10,Meesho,M8354,Electronics,Chhattisgarh,890,5
2023-12-10,Meesho,M1090,Electronics,Odisha,1054,2
2023-12-10,Meesho,M3686,Clothes,Rajasthan,999,3
2023-12-10,Meesho,M3736,Accessories,Gujarat,896,2
2023-12-10,Meesho,M9205,Electronics,Punjab,742,2
2023-12-10,Meesho,M3370,Accessories,West Bengal,2331,3
2023-12-10,Meesho,M4947,Accessories,Telangana,784,4
2023-12-10,Meesho,M7805,Accessories,Uttar Pradesh,918,3
2023-12-10,Meesho,M7873,Home Decor,West Bengal,919,1
2023-12-10,Meesho,M6849,Home Decor,Haryana,1628,4
2023-12-10,Meesho,M1259,Electronics,Punjab,3750,5
2023-12-10,Meesho,M8162,Electronics,Kerala,1245,5
2023-12-10,Meesho,M7772,Home Decor,West Bengal,3805,5
2023-12-10,Meesho,M8516,Clothes,Bihar,636,2
2023-12-10,Meesho,M7214,Clothes,Andhra Pradesh,2823,3
2023-12-10,Meesho,M7352,Clothes,Tamil Nadu,2856,4
2023-12-10,Meesho,M3530,Grocery,Rajasthan,1314,3
2023-12-10,Meesho,M2480,Accessories,Odisha,1524,3
2023-12-10,Meesho,M8112,Electronics,Chhattisgarh,2499,3
2023-12-10,Meesho,M8157,Accessories,Telangana,362,2
2023-12-10,Meesho,M7685,Accessories,Kerala,3512,4
2023-12-10,Meesho,M1454,Electronics,West Bengal,1560,4
2023-12-11,Meesho,M9886,Electronics,Haryana,1610,5
2023-12-11,Meesho,M8737,Grocery,Karnataka,1640,4
2023-12-11,Meesho,M1343,Home Decor,Tamil Nadu,564,4
2023-12-11,Meesho,M9873,Grocery,Madhya Pradesh,762,3
2023-12-11,Meesho,M7285,Electronics,Delhi,2010,3
2023-12-11,Meesho,M3232,Grocery,West Bengal,994,2
2023-12-11,Meesho,M6185,Home Decor,Bihar,1975,5
2023-12-11,Meesho,M6835,Electronics,Telangana,1344,3
2023-12-11,Meesho,M8461,Accessories,Haryana,448,4
2023-12-11,Meesho,M1259,Grocery,Chhattisgarh,666,2
2023-12-11,Meesho,M2389,Electronics,Uttar Pradesh,1768,4
2023-12-11,Meesho,M6017,Grocery,Jharkhand,1108,2
2023-12-11,Meesho,M5146,Home Decor,Bihar,598,1
2023-12-11,Meesho,M4679,Accessories,Punjab,980,4
2023-12-11,Meesho,M2263,Clothes,Madhya Pradesh,1412,2
2023-12-11,Meesho,M8647,Grocery,Bihar,1338,3
2023-12-11,Meesho,M7728,Electronics,Chhattisgarh,390,3
2023-12-11,Meesho,M1239,Grocery,West Bengal,753,3
2023-12-11,Meesho,M1801,Electronics,Delhi,1701,3
2023-12-11,Meesho,M7918,Grocery,Haryana,414,3
2023-12-11,Meesho,M6689,Home Decor,Kerala,3152,4
2023-12-11,Meesho,M7318,Accessories,Tamil Nadu,1540,5
2023-12-11,Meesho,M6088,Clothes,Odisha,2516,4
2023-12-11,Meesho,M9874,Grocery,Andhra Pradesh,1444,4
2023-12-11,Meesho,M9173,Electronics,Chhattisgarh,2538,3
2023-12-11,Meesho,M5879,Accessories,Maharashtra,820,4
2023-12-11,Meesho,M9515,Grocery,Maharashtra,2823,3
2023-12-11,Meesho,M8532,Home Decor,Bihar,1312,4
2023-12-11,Meesho,M7009,Electronics,Bihar,2930,5
2023-12-11,Meesho,M4637,Accessories,Haryana,4065,5
2023-12-11,Meesho,M4030,Clothes,Bihar,579,3
2023-12-11,Meesho,M4856,Clothes,Delhi,1815,5
2023-12-11,Meesho,M9392,Clothes,Gujarat,352,1
2023-12-11,Meesho,M3118,Electronics,Chhattisgarh,363,1
2023-12-11,Meesho,M9678,Accessories,Tamil Nadu,1989,3
2023-12-11,Meesho,M2027,Home Decor,Rajasthan,3970,5
2023-12-11,Meesho,M7144,Electronics,Jharkhand,2826,3
2023-12-11,Meesho,M2783,Home Decor,Chhattisgarh,404,1
2023-12-11,Meesho,M9826,Home Decor,Andhra Pradesh,1948,2
2023-12-12,Meesho,M6221,Clothes,Maharashtra,1761,3
2023-12-12,Meesho,M5437,Electronics,Gujarat,1552,2
2023-12-12,Meesho,M9411,Accessories,Karnataka,739,1
2023-12-12,Meesho,M6688,Accessories,Karnataka,675,5
2023-12-12,Meesho,M4404,Home Decor,Karnataka,3980,5
2023-12-12,Meesho,M4211,Accessories,Bihar,628,4
2023-12-12,Meesho,M8398,Grocery,Bihar,616,2
2023-12-12,Meesho,M2478,Accessories,Andhra Pradesh,258,2
2023-12-12,Meesho,M2910,Home Decor,Uttar Pradesh,2804,4
2023-12-12,Meesho,M1801,Grocery,Jharkhand,3045,5
2023-12-12,Meesho,M7723,Home Decor,Haryana,3224,4
2023-12-12,Meesho,M7634,Home Decor,Chhattisgarh,2965,5
2023-12-12,Meesho,M2661,Accessories,Bihar,336,3
2023-12-12,Meesho,M3433,Home Decor,Chhattisgarh,947,1
2023-12-12,Meesho,M7070,Electronics,Karnataka,1686,3
2023-12-12,Meesho,M3199,Electronics,Andhra Pradesh,280,2
2023-12-12,Meesho,M3232,Clothes,Haryana,650,2
2023-12-12,Meesho,M5919,Electronics,Haryana,1945,5
2023-12-12,Meesho,M2457,Electronics,Assam,2175,5
2023-12-12,Meesho,M7332,Home Decor,Bihar,238,2
2023-12-12,Meesho,M7007,Grocery,West Bengal,3616,4
2023-12-12,Meesho,M9770,Home Decor,Chhattisgarh,1168,2
2023-12-12,Meesho,M3844,Grocery,Kerala,2810,5
2023-12-13,Meesho,M9177,Home Decor,Haryana,138,1
2023-12-13,Meesho,M1957,Grocery,Delhi,4760,5
2023-12-13,Meesho,M1287,Electronics,Jharkhand,587,1
2023-12-13,Meesho,M3845,Accessories,Rajasthan,712,4
2023-12-13,Meesho,M9221,Grocery,Bihar,258,1
2023-12-13,Meesho,M1094,Accessories,Uttar Pradesh,2160,5
2023-12-13,Meesho,M1066,Clothes,Andhra Pradesh,1240,2
2023-12-13,Meesho,M6689,Electronics,Punjab,609,3
2023-12-13,Meesho,M5105,Electronics,Haryana,476,2
2023-12-13,Meesho,M4907,Accessories,Karnataka,280,2
2023-12-13,Meesho,M5391,Clothes,Telangana,665,1
2023-12-13,Meesho,M4406,Grocery,Gujarat,4700,5
2023-12-13,Meesho,M3097,Home Decor,Rajasthan,1212,2
2023-12-13,Meesho,M3527,Electronics,Maharashtra,889,1
2023-12-13,Meesho,M5893,Grocery,Uttar Pradesh,4340,5
2023-12-13,Meesho,M9931,Grocery,Telangana,3305,5
2023-12-13,Meesho,M1319,Accessories,Haryana,2793,3
2023-12-13,Meesho,M2441,Home Decor,Assam,2505,3
2023-12-13,Meesho,M2823,Electronics,Rajasthan,2095,5
2023-12-13,Meesho,M8323,Grocery,Chhattisgarh,1311,3
2023-12-13,Meesho,M1579,Grocery,Uttar Pradesh,870,5
2023-12-13,Meesho,M3497,Grocery,Kerala,516,1
2023-12-13,Meesho,M7713,Accessories,Jharkhand,1986,2
2023-12-13,Meesho,M6320,Grocery,Chhattisgarh,2013,3
2023-12-13,Meesho,M8803,Accessories,Madhya Pradesh,2175,3
2023-12-13,Meesho,M2501,Grocery,Odisha,596,2
2023-12-13,Meesho,M2586,Electronics,Jharkhand,1080,4
2023-12-13,Meesho,M1761,Electronics,Delhi,1203,3
2023-12-13,Meesho,M2952,Accessories,Rajasthan,2428,4
2023-12-13,Meesho,M1674,Electronics,Andhra Pradesh,1137,3
2023-12-13,Meesho,M2674,Grocery,Chhattisgarh,3820,4
2023-12-13,Meesho,M3415,Accessories,Kerala,2324,4
2023-12-13,Meesho,M8387,Clothes,Assam,464,1
2023-12-13,Meesho,M1041,Accessories,Punjab,1160,4
2023-12-13,Meesho,M5935,Clothes,Gujarat,745,5
2023-12-13,Meesho,M4529,Clothes,Odisha,1515,5
2023-12-13,Meesho,M8433,Electronics,Uttar Pradesh,4330,5
2023-12-13,Meesho,M4090,Accessories,Uttarakhand,552,4
2023-12-13,Meesho,M1743,Home Decor,Telangana,3670,5
2023-12-13,Meesho,M9939,Accessories,Madhya Pradesh,3395,5
2023-12-14,Meesho,M9723,Grocery,Bihar,1826,2
2023-12-14,Meesho,M5214,Electronics,Tamil Nadu,693,1
2023-12-14,Meesho,M5142,Accessories,Gujarat,3216,4
2023-12-14,Meesho,M2603,Electronics,Uttar Pradesh,746,1
2023-12-14,Meesho,M6960,Clothes,Uttarakhand,1930,5
2023-12-14,Meesho,M4999,Clothes,Madhya Pradesh,289,1
2023-12-14,Meesho,M3286,Clothes,Assam,517,1
2023-12-14,Meesho,M6276,Home Decor,Haryana,950,2
2023-12-14,Meesho,M7104,Grocery,Rajasthan,742,2
2023-12-14,Meesho,M5883,Clothes,Telangana,2655,5
2023-12-14,Meesho,M5266,Clothes,Bihar,940,2
2023-12-14,Meesho,M9053,Accessories,Assam,930,3
2023-12-14,Meesho,M1286,Grocery,Odisha,2652,3
2023-12-14,Meesho,M1312,Home Decor,Uttarakhand,2370,5
2023-12-14,Meesho,M4972,Accessories,Rajasthan,252,2
2023-12-14,Meesho,M2956,Electronics,Maharashtra,2217,3
2023-12-14,Meesho,M6647,Home Decor,Uttarakhand,2829,3
2023-12-14,Meesho,M3565,Electronics,Karnataka,1618,2
2023-12-14,Meesho,M3052,Home Decor,Haryana,2052,4
2023-12-14,Meesho,M1588,Accessories,Punjab,2229,3
2023-12-14,Meesho,M5951,Accessories,Chhattisgarh,418,1
2023-12-14,Meesho,M8010,Clothes,Bihar,955,1
2023-12-14,Meesho,M2671,Electronics,Madhya Pradesh,2044,4
2023-12-14,Meesho,M8727,Home Decor,Kerala,2280,4
2023-12-14,Meesho,M1526,Electronics,Punjab,4075,5
2023-12-14,Meesho,M2489,Accessories,Telangana,1410,2
2023-12-14,Meesho,M7540,Clothes,Andhra Pradesh,143,1
2023-12-14,Meesho,M4182,Accessories,West Bengal,3560,4
2023-12-14,Meesho,M9322,Clothes,Punjab,780,1
2023-12-14,Meesho,M3831,Grocery,Bihar,905,5
2023-12-14,Meesho,M4088,Clothes,Andhra Pradesh,1090,5
2023-12-14,Meesho,M4695,Clothes,Assam,2205,5
2023-12-14,Meesho,M5909,Clothes,Uttar Pradesh,2164,4
2023-12-14,Meesho,M5377,Clothes,Maharashtra,3848,4
2023-12-14,Meesho,M3861,Home Decor,Andhra Pradesh,501,1
2023-12-15,Meesho,M9794,Accessories,Bihar,2645,5
2023-12-15,Meesho,M7322,Accessories,Rajasthan,2745,5
2023-12-15,Meesho,M3215,Grocery,Punjab,1740,5
2023-12-15,Meesho,M3990,Clothes,Assam,600,5
2023-12-15,Meesho,M5163,Accessories,Jharkhand,3535,5
2023-12-15,Meesho,M1624,Electronics,Rajasthan,2712,3
2023-12-15,Meesho,M1691,Clothes,Uttarakhand,2532,3
2023-12-15,Meesho,M6084,Grocery,Tamil Nadu,380,2
2023-12-15,Meesho,M8935,Electronics,Haryana,1936,4
2023-12-15,Meesho,M6204,Grocery,Bihar,1953,3
2023-12-15,Meesho,M5231,Accessories,Tamil Nadu,3935,5
2023-12-15,Meesho,M1382,Home Decor,Uttarakhand,2790,5
2023-12-15,Meesho,M5105,Accessories,Maharashtra,2709,3
2023-12-15,Meesho,M4614,Grocery,Haryana,712,4
2023-12-15,Meesho,M5611,Grocery,Andhra Pradesh,1636,4
2023-12-15,Meesho,M9093,Grocery,Rajasthan,611,1
2023-12-15,Meesho,M5089,Accessories,Odisha,4205,5
2023-12-15,Meesho,M4270,Electronics,Chhattisgarh,1242,2
2023-12-15,Meesho,M1525,Grocery,Kerala,456,4
2023-12-15,Meesho,M4772,Electronics,Jharkhand,1298,2
2023-12-15,Meesho,M9998,Grocery,Karnataka,333,3
2023-12-16,Meesho,M9019,Clothes,Delhi,1962,2
2023-12-16,Meesho,M4041,Electronics,West Bengal,198,1
2023-12-16,Meesho,M5240,Home Decor,Bihar,833,1
2023-12-16,Meesho,M2523,Home Decor,Delhi,1032,4
2023-12-16,Meesho,M4137,Electronics,Odisha,3396,4
2023-12-16,Meesho,M7156,Accessories,Delhi,762,3
2023-12-16,Meesho,M9657,Home Decor,Punjab,670,2
2023-12-16,Meesho,M7387,Clothes,West Bengal,651,3
2023-12-16,Meesho,M6497,Electronics,Maharashtra,1340,4
2023-12-16,Meesho,M8306,Electronics,Maharashtra,1270,2
2023-12-16,Meesho,M9824,Grocery,Jharkhand,776,4
2023-12-16,Meesho,M7672,Home Decor,Rajasthan,572,2
2023-12-16,Meesho,M7805,Accessories,Gujarat,495,1
2023-12-16,Meesho,M2235,Accessories,Madhya Pradesh,1764,4
2023-12-16,Meesho,M6656,Electronics,Gujarat,1996,4
2023-12-16,Meesho,M2460,Electronics,Gujarat,4560,5
2023-12-16,Meesho,M8744,Accessories,Odisha,690,3
2023-12-16,Meesho,M5155,Accessories,Odisha,344,1
2023-12-16,Meesho,M9324,Clothes,Kerala,525,5
2023-12-16,Meesho,M7385,Accessories,Tamil Nadu,3085,5
2023-12-16,Meesho,M6360,Accessories,Maharashtra,2352,3
2023-12-16,Meesho,M1863,Home Decor,Maharashtra,2055,5
2023-12-16,Meesho,M3462,Home Decor,Odisha,3335,5
2023-12-16,Meesho,M8931,Accessories,Haryana,2601,3
2023-12-16,Meesho,M2355,Electronics,Delhi,3580,4
2023-12-16,Meesho,M1904,Home Decor,Uttarakhand,736,1
2023-12-16,Meesho,M4329,Home Decor,Andhra Pradesh,1160,2
2023-12-16,Meesho,M6191,Electronics,Karnataka,970,1
2023-12-17,Meesho,M9506,Clothes,Bihar,1664,2
2023-12-17,Meesho,M6523,Accessories,Rajasthan,453,1
2023-12-17,Meesho,M6345,Grocery,Chhattisgarh,481,1
2023-12-17,Meesho,M5112,Home Decor,West Bengal,586,2
2023-12-17,Meesho,M9743,Accessories,Assam,693,1
2023-12-17,Meesho,M7581,Clothes,Andhra Pradesh,751,1
2023-12-17,Meesho,M5069,Accessories,Haryana,642,2
2023-12-17,Meesho,M5707,Home Decor,Chhattisgarh,1920,5
2023-12-17,Meesho,M1228,Grocery,Assam,3644,4
2023-12-17,Meesho,M8334,Home Decor,Haryana,3535,5
2023-12-17,Meesho,M2377,Clothes,Delhi,3752,4
2023-12-17,Meesho,M1458,Grocery,Telangana,2595,3
2023-12-17,Meesho,M4789,Home Decor,Uttarakhand,800,1
2023-12-17,Meesho,M5444,Grocery,Telangana,702,2
2023-12-17,Meesho,M1409,Clothes,Andhra Pradesh,1416,3
2023-12-17,Meesho,M2257,Home Decor,Assam,412,4
2023-12-17,Meesho,M6524,Home Decor,Delhi,675,5
2023-12-17,Meesho,M2366,Electronics,Odisha,2905,5
2023-12-17,Meesho,M8618,Accessories,Rajasthan,2096,4
2023-12-17,Meesho,M5534,Accessories,Maharashtra,2301,3
2023-12-17,Meesho,M5056,Clothes,Chhattisgarh,3420,4
2023-12-17,Meesho,M5148,Accessories,Delhi,380,1
2023-12-17,Meesho,M8879,Clothes,Karnataka,2982,3
2023-12-17,Meesho,M7092,Accessories,West Bengal,2535,5
2023-12-17,Meesho,M2509,Electronics,Delhi,1740,2
2023-12-17,Meesho,M7331,Clothes,Chhattisgarh,548,1
2023-12-17,Meesho,M6285,Home Decor,Bihar,1260,3
2023-12-17,Meesho,M8008,Home Decor,Haryana,1628,2
2023-12-17,Meesho,M3303,Clothes,Haryana,1239,3
2023-12-17,Meesho,M9634,Accessories,Delhi,989,1
2023-12-18,Meesho,M6845,Accessories,Tamil Nadu,1996,2
2023-12-18,Meesho,M1413,Grocery,Andhra Pradesh,1545,5
2023-12-18,Meesho,M9270,Grocery,Haryana,568,1
2023-12-18,Meesho,M9667,Accessories,Karnataka,4835,5
2023-12-18,Meesho,M2806,Grocery,Bihar,1134,3
2023-12-18,Meesho,M6062,Home Decor,Kerala,1608,2
2023-12-18,Meesho,M6575,Home Decor,Gujarat,3350,5
2023-12-18,Meesho,M4198,Grocery,Haryana,3115,5
2023-12-18,Meesho,M6195,Grocery,Maharashtra,3996,4
2023-12-18,Meesho,M6884,Accessories,West Bengal,786,2
2023-12-18,Meesho,M1872,Accessories,Telangana,946,2
2023-12-18,Meesho,M3752,Home Decor,Gujarat,432,3
2023-12-18,Meesho,M1742,Accessories,Maharashtra,3210,5
2023-12-18,Meesho,M9874,Clothes,Uttarakhand,3532,4
2023-12-18,Meesho,M1818,Home Decor,West Bengal,1664,4
2023-12-18,Meesho,M5693,Grocery,Kerala,283,1
2023-12-18,Meesho,M3004,Clothes,Maharashtra,476,4
2023-12-18,Meesho,M5654,Grocery,Andhra Pradesh,1285,5
2023-12-18,Meesho,M8273,Grocery,Karnataka,1674,2
2023-12-18,Meesho,M7260,Grocery,Haryana,608,4
2023-12-18,Meesho,M4317,Home Decor,Madhya Pradesh,880,4
2023-12-18,Meesho,M6093,Grocery,Punjab,2905,5
2023-12-18,Meesho,M1613,Electronics,Chhattisgarh,915,1
2023-12-18,Meesho,M4184,Grocery,Madhya Pradesh,1956,2
2023-12-18,Meesho,M2221,Electronics,Uttarakhand,2838,3
2023-12-18,Meesho,M5003,Home Decor,Haryana,920,5
2023-12-18,Meesho,M4949,Electronics,Rajasthan,2280,4
2023-12-18,Meesho,M2815,Home Decor,Maharashtra,3600,5
2023-12-18,Meesho,M8534,Electronics,West Bengal,504,4
2023-12-19,Meesho,M5332,Electronics,Haryana,212,1
2023-12-19,Meesho,M5693,Clothes,Uttar Pradesh,1495,5
2023-12-19,Meesho,M2300,Grocery,Madhya Pradesh,975,5
2023-12-19,Meesho,M3828,Clothes,Rajasthan,603,1
2023-12-19,Meesho,M8159,Clothes,Andhra Pradesh,1528,2
2023-12-19,Meesho,M2902,Clothes,Kerala,2336,4
2023-12-19,Meesho,M3122,Accessories,Assam,4270,5
2023-12-19,Meesho,M3949,Accessories,Andhra Pradesh,618,3
2023-12-19,Meesho,M5615,Electronics,Telangana,3008,4
2023-12-19,Meesho,M7620,Clothes,Punjab,3645,5
2023-12-19,Meesho,M2833,Grocery,Odisha,1820,4
2023-12-19,Meesho,M7250,Home Decor,Tamil Nadu,867,1
2023-12-19,Meesho,M7913,Home Decor,Uttar Pradesh,816,4
2023-12-19,Meesho,M5457,Electronics,Gujarat,1254,2
2023-12-19,Meesho,M6504,Grocery,Telangana,676,2
2023-12-19,Meesho,M7837,Grocery,Punjab,855,3
2023-12-19,Meesho,M8544,Electronics,Karnataka,2595,5
2023-12-19,Meesho,M7665,Electronics,Andhra Pradesh,3460,5
2023-12-19,Meesho,M3856,Home Decor,Odisha,1314,2
2023-12-19,Meesho,M3224,Clothes,West Bengal,825,1
2023-12-19,Meesho,M2734,Accessories,Rajasthan,2276,4
2023-12-19,Meesho,M6154,Electronics,Uttarakhand,691,1
2023-12-19,Meesho,M7119,Accessories,Rajasthan,1582,2
2023-12-19,Meesho,M2465,Home Decor,Jharkhand,712,4
2023-12-19,Meesho,M6847,Accessories,Tamil Nadu,204,1
2023-12-19,Meesho,M2834,Home Decor,Telangana,1376,2
2023-12-19,Meesho,M4066,Electronics,Uttarakhand,4775,5
2023-12-19,Meesho,M8522,Accessories,Tamil Nadu,4645,5
2023-12-19,Meesho,M6010,Accessories,Odisha,1975,5
2023-12-19,Meesho,M7441,Electronics,Uttarakhand,1076,4
2023-12-19,Meesho,M9781,Home Decor,West Bengal,1840,2
2023-12-19,Meesho,M8373,Home Decor,Delhi,1971,3
2023-12-19,Meesho,M1998,Accessories,Punjab,417,1
2023-12-20,Meesho,M4252,Accessories,Maharashtra,1128,4
2023-12-20,Meesho,M4497,Accessories,Chhattisgarh,2415,3
2023-12-20,Meesho,M2872,Home Decor,Uttarakhand,749,1
2023-12-20,Meesho,M6560,Home Decor,Madhya Pradesh,1292,4
2023-12-20,Meesho,M5467,Clothes,Assam,2739,3
2023-12-20,Meesho,M9602,Clothes,Gujarat,3585,5
2023-12-20,Meesho,M9080,Electronics,Andhra Pradesh,1120,2
2023-12-20,Meesho,M6763,Grocery,Karnataka,1440,5
2023-12-20,Meesho,M3672,Clothes,Uttarakhand,2250,5
2023-12-20,Meesho,M3014,Accessories,Andhra Pradesh,650,1
2023-12-20,Meesho,M4142,Clothes,Punjab,4280,5
2023-12-20,Meesho,M9003,Clothes,Delhi,1875,5
2023-12-20,Meesho,M3288,Clothes,West Bengal,838,2
2023-12-20,Meesho,M1583,Home Decor,Jharkhand,163,1
2023-12-20,Meesho,M3267,Clothes,Maharashtra,1280,5
2023-12-20,Meesho,M4704,Electronics,Uttarakhand,2260,5
2023-12-20,Meesho,M8866,Clothes,Punjab,917,1
2023-12-20,Meesho,M6012,Accessories,Karnataka,1824,4
2023-12-20,Meesho,M7489,Accessories,Maharashtra,3975,5
2023-12-20,Meesho,M3279,Accessories,West Bengal,3912,4
2023-12-20,Meesho,M4683,Home Decor,Haryana,1334,2
2023-12-20,Meesho,M5419,Accessories,Madhya Pradesh,3575,5
2023-12-20,Meesho,M2060,Grocery,Kerala,1648,4
2023-12-20,Meesho,M2533,Grocery,West Bengal,1046,2
2023-12-20,Meesho,M6711,Clothes,Delhi,2755,5
2023-12-20,Meesho,M3417,Clothes,Kerala,960,3
2023-12-20,Meesho,M2354,Clothes,West Bengal,440,1
2023-12-21,Meesho,M4274,Accessories,Gujarat,1142,2
2023-12-21,Meesho,M5595,Accessories,Chhattisgarh,4950,5
2023-12-21,Meesho,M6433,Electronics,Odisha,1936,2
2023-12-21,Meesho,M6803,Clothes,Gujarat,1816,2
2023-12-21,Meesho,M7234,Accessories,West Bengal,1152,2
2023-12-21,Meesho,M1121,Accessories,Karnataka,3750,5
2023-12-21,Meesho,M9921,Accessories,Chhattisgarh,1377,3
2023-12-21,Meesho,M7790,Clothes,Kerala,389,1
2023-12-21,Meesho,M6413,Accessories,Punjab,1770,5
2023-12-21,Meesho,M6212,Home Decor,Uttarakhand,1352,4
2023-12-21,Meesho,M2621,Electronics,Jharkhand,4590,5
2023-12-21,Meesho,M6129,Home Decor,Kerala,3565,5
2023-12-21,Meesho,M2759,Accessories,Madhya Pradesh,3428,4
2023-12-21,Meesho,M5658,Grocery,Delhi,1756,4
2023-12-21,Meesho,M5261,Electronics,Kerala,206,1
2023-12-21,Meesho,M5024,Grocery,Delhi,2784,3
2023-12-21,Meesho,M9700,Electronics,Jharkhand,2385,3
2023-12-21,Meesho,M5154,Grocery,West Bengal,957,1
2023-12-21,Meesho,M5146,Home Decor,Bihar,1002,2
2023-12-21,Meesho,M4359,Accessories,Bihar,2630,5
2023-12-21,Meesho,M8210,Grocery,Uttar Pradesh,2451,3
2023-12-21,Meesho,M7338,Clothes,Uttar Pradesh,3208,4
2023-12-21,Meesho,M4371,Accessories,Chhattisgarh,411,1
2023-12-21,Meesho,M8556,Electronics,West Bengal,1426,2
2023-12-21,Meesho,M9808,Grocery,Rajasthan,392,1
2023-12-21,Meesho,M7203,Home Decor,Gujarat,904,1
2023-12-21,Meesho,M1039,Accessories,Assam,1160,4
2023-12-21,Meesho,M9159,Electronics,Andhra Pradesh,957,3
2023-12-22,Meesho,M1142,Clothes,Maharashtra,2328,3
2023-12-22,Meesho,M8150,Accessories,Punjab,850,5
2023-12-22,Meesho,M9132,Home Decor,Jharkhand,2770,5
2023-12-22,Meesho,M6907,Accessories,West Bengal,605,5
2023-12-22,Meesho,M8977,Electronics,Uttarakhand,270,1
2023-12-22,Meesho,M9939,Home Decor,Chhattisgarh,1780,5
2023-12-22,Meesho,M3694,Clothes,Rajasthan,1162,2
2023-12-22,Meesho,M2071,Home Decor,Uttar Pradesh,1888,2
2023-12-22,Meesho,M4172,Electronics,Uttar Pradesh,1330,5
2023-12-22,Meesho,M8029,Electronics,Haryana,1424,4
2023-12-22,Meesho,M5550,Home Decor,Kerala,1792,2
2023-12-22,Meesho,M5871,Electronics,Gujarat,2570,5
2023-12-22,Meesho,M9293,Clothes,Punjab,2030,5
2023-12-22,Meesho,M2876,Electronics,West Bengal,2472,4
2023-12-22,Meesho,M1737,Home Decor,Odisha,527,1
2023-12-22,Meesho,M9869,Accessories,Uttarakhand,3580,5
2023-12-22,Meesho,M5406,Electronics,Bihar,2480,5
2023-12-22,Meesho,M4545,Accessories,Kerala,1662,3
2023-12-22,Meesho,M2642,Accessories,Gujarat,945,3
2023-12-22,Meesho,M8896,Clothes,Andhra Pradesh,570,3
2023-12-22,Meesho,M2109,Grocery,Kerala,958,1
2023-12-22,Meesho,M2407,Grocery,Bihar,3364,4
2023-12-22,Meesho,M4970,Clothes,Jharkhand,1292,4
2023-12-22,Meesho,M8190,Clothes,Assam,1988,4
2023-12-22,Meesho,M5881,Clothes,Telangana,226,2
2023-12-22,Meesho,M6933,Grocery,Assam,1083,3
2023-12-22,Meesho,M1122,Home Decor,Punjab,819,1
2023-12-22,Meesho,M2114,Accessories,Maharashtra,522,2
2023-12-22,Meesho,M5757,Grocery,West Bengal,312,3
2023-12-22,Meesho,M3266,Home Decor,Odisha,1418,2
2023-12-22,Meesho,M2649,Grocery,Tamil Nadu,1845,3
2023-12-23,Meesho,M6830,Grocery,Kerala,1932,2
2023-12-23,Meesho,M2661,Accessories,Uttarakhand,2223,3
2023-12-23,Meesho,M7753,Home Decor,West Bengal,1870,2
2023-12-23,Meesho,M2428,Home Decor,Odisha,2250,5
2023-12-23,Meesho,M7092,Grocery,Telangana,1176,4
2023-12-23,Meesho,M4016,Accessories,Chhattisgarh,1608,4
2023-12-23,Meesho,M9716,Home Decor,Maharashtra,904,1
2023-12-23,Meesho,M2965,Home Decor,Andhra Pradesh,3380,4
2023-12-23,Meesho,M9928,Grocery,Bihar,1984,2
2023-12-23,Meesho,M2633,Grocery,Assam,166,1
2023-12-23,Meesho,M7312,Grocery,Haryana,904,4
2023-12-23,Meesho,M6162,Accessories,Odisha,820,5
2023-12-23,Meesho,M1540,Electronics,Telangana,378,1
2023-12-23,Meesho,M9056,Grocery,Delhi,1832,4
2023-12-23,Meesho,M7363,Accessories,Gujarat,723,3
2023-12-23,Meesho,M1744,Accessories,Telangana,3276,4
2023-12-23,Meesho,M6964,Electronics,Uttarakhand,1122,2
2023-12-23,Meesho,M7026,Grocery,West Bengal,840,2
2023-12-23,Meesho,M9207,Grocery,Assam,3460,5
2023-12-23,Meesho,M7822,Grocery,Andhra Pradesh,1305,5
2023-12-23,Meesho,M8444,Electronics,Rajasthan,1856,4
2023-12-23,Meesho,M2698,Grocery,Haryana,267,1
2023-12-23,Meesho,M2518,Accessories,Chhattisgarh,1328,4
2023-12-23,Meesho,M2941,Grocery,Odisha,367,1
2023-12-24,Meesho,M9282,Clothes,Uttarakhand,1566,2
2023-12-24,Meesho,M2485,Electronics,Rajasthan,2229,3
2023-12-24,Meesho,M1863,Grocery,Chhattisgarh,606,3
2023-12-24,Meesho,M9285,Accessories,Bihar,2956,4
2023-12-24,Meesho,M9345,Clothes,Madhya Pradesh,276,2
2023-12-24,Meesho,M2150,Grocery,Uttarakhand,4040,5
2023-12-24,Meesho,M4079,Grocery,Gujarat,1580,2
2023-12-24,Meesho,M7388,Clothes,Haryana,391,1
2023-12-24,Meesho,M4867,Electronics,Madhya Pradesh,921,3
2023-12-24,Meesho,M9618,Electronics,Uttarakhand,941,1
2023-12-24,Meesho,M1248,Electronics,West Bengal,1475,5
2023-12-24,Meesho,M6268,Clothes,Odisha,604,1
2023-12-24,Meesho,M6296,Home Decor,Andhra Pradesh,995,1
2023-12-24,Meesho,M2465,Clothes,Haryana,783,3
2023-12-24,Meesho,M5835,Accessories,Jharkhand,2728,4
2023-12-24,Meesho,M6602,Accessories,Punjab,3220,5
2023-12-24,Meesho,M2726,Accessories,Punjab,1550,5
2023-12-24,Meesho,M5237,Home Decor,Madhya Pradesh,2520,3
2023-12-24,Meesho,M2082,Clothes,Assam,1865,5
2023-12-24,Meesho,M4714,Accessories,Uttarakhand,1569,3
2023-12-24,Meesho,M1017,Accessories,Tamil Nadu,3712,4
2023-12-24,Meesho,M2727,Accessories,Chhattisgarh,868,2
2023-12-24,Meesho,M7099,Accessories,Chhattisgarh,1820,5
2023-12-24,Meesho,M5062,Clothes,Assam,3190,5
2023-12-24,Meesho,M4185,Clothes,Odisha,3015,5
2023-12-24,Meesho,M2661,Accessories,Uttar Pradesh,906,3
2023-12-24,Meesho,M1804,Electronics,Gujarat,3140,5
2023-12-24,Meesho,M2839,Home Decor,Tamil Nadu,704,1
2023-12-24,Meesho,M5716,Home Decor,Uttarakhand,1551,3
2023-12-24,Meesho,M7801,Accessories,Madhya Pradesh,625,1
2023-12-24,Meesho,M1667,Home Decor,Haryana,1968,4
2023-12-24,Meesho,M4918,Accessories,Rajasthan,2055,3
2023-12-24,Meesho,M4089,Accessories,Punjab,1200,5
2023-12-24,Meesho,M6293,Home Decor,Uttar Pradesh,963,3
2023-12-24,Meesho,M6669,Grocery,Delhi,3910,5
2023-12-24,Meesho,M6522,Grocery,Assam,117,1
2023-12-24,Meesho,M8410,Accessories,Uttarakhand,1350,2
2023-12-24,Meesho,M7537,Grocery,Jharkhand,789,1
2023-12-24,Meesho,M6520,Accessories,Haryana,884,1
2023-12-24,Meesho,M4732,Home Decor,Haryana,481,1
2023-12-25,Meesho,M5478,Grocery,Madhya Pradesh,1689,3
2023-12-25,Meesho,M8548,Electronics,Telangana,440,1
2023-12-25,Meesho,M9885,Clothes,Kerala,886,2
2023-12-25,Meesho,M7991,Home Decor,Uttarakhand,4685,5
2023-12-25,Meesho,M6518,Electronics,Uttar Pradesh,1654,2
2023-12-25,Meesho,M2145,Accessories,Jharkhand,4660,5
2023-12-25,Meesho,M1141,Electronics,Bihar,3772,4
2023-12-25,Meesho,M6203,Accessories,West Bengal,2628,4
2023-12-25,Meesho,M1660,Electronics,Haryana,339,3
2023-12-25,Meesho,M1811,Electronics,Kerala,565,1
2023-12-25,Meesho,M3573,Accessories,Chhattisgarh,798,2
2023-12-25,Meesho,M4374,Clothes,Odisha,2172,3
2023-12-25,Meesho,M7524,Home Decor,Punjab,550,5
2023-12-25,Meesho,M7154,Electronics,Haryana,607,1
2023-12-25,Meesho,M9514,Accessories,Delhi,1774,2
2023-12-25,Meesho,M8806,Electronics,Uttar Pradesh,516,2
2023-12-25,Meesho,M7763,Home Decor,Kerala,705,1
2023-12-25,Meesho,M6215,Home Decor,Telangana,1179,3
2023-12-25,Meesho,M5102,Electronics,Telangana,3000,5
2023-12-25,Meesho,M4340,Clothes,Kerala,4345,5
2023-12-25,Meesho,M5016,Home Decor,Uttar Pradesh,504,3
2023-12-25,Meesho,M1955,Electronics,Gujarat,4390,5
2023-12-25,Meesho,M3471,Home Decor,Kerala,287,1
2023-12-25,Meesho,M4384,Electronics,Tamil Nadu,3332,4
2023-12-25,Meesho,M2183,Electronics,Jharkhand,1060,2
2023-12-25,Meesho,M8975,Clothes,West Bengal,3635,5
2023-12-25,Meesho,M3131,Accessories,Gujarat,4925,5
2023-12-26,Meesho,M4454,Electronics,Maharashtra,3195,5
2023-12-26,Meesho,M3047,Home Decor,Madhya Pradesh,361,1
2023-12-26,Meesho,M8069,Electronics,Madhya Pradesh,150,1
2023-12-26,Meesho,M6581,Electronics,Rajasthan,363,3
2023-12-26,Meesho,M7463,Accessories,Kerala,710,2
2023-12-26,Meesho,M8211,Accessories,Uttar Pradesh,462,3
2023-12-26,Meesho,M6123,Grocery,Jharkhand,1164,2
2023-12-26,Meesho,M1869,Accessories,Madhya Pradesh,2565,5
2023-12-26,Meesho,M4466,Grocery,Gujarat,3132,4
2023-12-26,Meesho,M5443,Home Decor,West Bengal,1506,3
2023-12-26,Meesho,M5947,Accessories,Telangana,1244,4
2023-12-26,Meesho,M7973,Grocery,Jharkhand,3992,4
2023-12-26,Meesho,M8166,Accessories,Telangana,4185,5
2023-12-26,Meesho,M1773,Electronics,Gujarat,2510,5
2023-12-26,Meesho,M5205,Grocery,Tamil Nadu,1340,5
2023-12-26,Meesho,M3361,Electronics,Assam,4685,5
2023-12-26,Meesho,M5851,Electronics,Karnataka,1608,3
2023-12-26,Meesho,M3207,Accessories,Chhattisgarh,1096,4
2023-12-26,Meesho,M4247,Accessories,Uttarakhand,1526,2
2023-12-26,Meesho,M2422,Clothes,Uttar Pradesh,4550,5
2023-12-26,Meesho,M5917,Grocery,Haryana,706,1
2023-12-26,Meesho,M6967,Clothes,Uttar Pradesh,423,1
2023-12-26,Meesho,M6826,Grocery,Bihar,346,2
2023-12-26,Meesho,M9021,Home Decor,Tamil Nadu,336,3
2023-12-26,Meesho,M2572,Home Decor,Uttarakhand,942,1
2023-12-26,Meesho,M4400,Grocery,Uttar Pradesh,309,1
2023-12-26,Meesho,M2340,Home Decor,Andhra Pradesh,693,1
2023-12-26,Meesho,M7999,Electronics,Uttarakhand,454,1
2023-12-26,Meesho,M2440,Electronics,Karnataka,405,3
2023-12-27,Meesho,M3957,Grocery,Karnataka,4900,5
2023-12-27,Meesho,M2860,Electronics,Gujarat,2511,3
2023-12-27,Meesho,M3469,Accessories,Madhya Pradesh,271,1
2023-12-27,Meesho,M8614,Electronics,Assam,1947,3
2023-12-27,Meesho,M9572,Grocery,Delhi,3960,4
2023-12-27,Meesho,M9378,Grocery,Telangana,528,3
2023-12-27,Meesho,M9214,Clothes,Tamil Nadu,537,1
2023-12-27,Meesho,M4789,Electronics,Bihar,1236,3
2023-12-27,Meesho,M2768,Electronics,Uttar Pradesh,1872,4
2023-12-27,Meesho,M2903,Grocery,Punjab,1473,3
2023-12-27,Meesho,M2724,Electronics,Madhya Pradesh,3795,5
2023-12-27,Meesho,M7125,Accessories,Maharashtra,894,3
2023-12-27,Meesho,M6705,Home Decor,Karnataka,2560,5
2023-12-27,Meesho,M9313,Accessories,Punjab,1008,4
2023-12-27,Meesho,M9934,Home Decor,Chhattisgarh,810,2
2023-12-27,Meesho,M4803,Electronics,Assam,772,2
2023-12-27,Meesho,M8556,Clothes,Punjab,1600,5
2023-12-27,Meesho,M9774,Electronics,Telangana,1665,3
2023-12-27,Meesho,M6126,Electronics,Delhi,1225,5
2023-12-27,Meesho,M6127,Electronics,Assam,479,1
2023-12-27,Meesho,M9755,Clothes,West Bengal,1490,2
2023-12-27,Meesho,M8374,Accessories,Telangana,131,1
2023-12-27,Meesho,M9078,Clothes,Bihar,3684,4
2023-12-27,Meesho,M3938,Grocery,Maharashtra,208,2
2023-12-27,Meesho,M1310,Home Decor,Odisha,820,5
2023-12-27,Meesho,M2994,Clothes,Karnataka,1980,3
2023-12-27,Meesho,M7479,Grocery,Jharkhand,668,4
2023-12-27,Meesho,M5079,Electronics,Uttarakhand,4585,5
2023-12-28,Meesho,M5853,Electronics,Haryana,931,1
2023-12-28,Meesho,M2339,Accessories,Gujarat,868,2
2023-12-28,Meesho,M6024,Electronics,Punjab,989,1
2023-12-28,Meesho,M6739,Clothes,Kerala,958,1
2023-12-28,Meesho,M9601,Electronics,Tamil Nadu,1084,4
2023-12-28,Meesho,M6317,Electronics,Jharkhand,140,1
2023-12-28,Meesho,M2302,Home Decor,Chhattisgarh,748,2
2023-12-28,Meesho,M6557,Grocery,West Bengal,3044,4
2023-12-28,Meesho,M2869,Grocery,Jharkhand,4415,5
2023-12-28,Meesho,M9327,Electronics,Karnataka,698,2
2023-12-28,Meesho,M9814,Electronics,Uttar Pradesh,927,1
2023-12-28,Meesho,M1587,Accessories,Bihar,1025,5
2023-12-28,Meesho,M8877,Electronics,Gujarat,1475,5
2023-12-28,Meesho,M3766,Grocery,Rajasthan,4830,5
2023-12-28,Meesho,M5808,Electronics,Rajasthan,3460,5
2023-12-28,Meesho,M2911,Accessories,Odisha,1150,5
2023-12-28,Meesho,M8719,Grocery,Delhi,3495,5
2023-12-28,Meesho,M6137,Electronics,Bihar,1415,5
2023-12-28,Meesho,M4545,Accessories,Karnataka,3235,5
2023-12-28,Meesho,M3921,Clothes,Telangana,3264,4
2023-12-28,Meesho,M4554,Grocery,West Bengal,2265,5
2023-12-28,Meesho,M6053,Home Decor,Punjab,1604,2
2023-12-28,Meesho,M6745,Clothes,Chhattisgarh,1375,5
2023-12-28,Meesho,M2422,Clothes,Andhra Pradesh,1040,2
2023-12-28,Meesho,M7048,Grocery,Madhya Pradesh,872,2
2023-12-29,Meesho,M3333,Electronics,Bihar,390,2
2023-12-29,Meesho,M2434,Clothes,Punjab,833,1
2023-12-29,Meesho,M6390,Accessories,Tamil Nadu,2754,3
2023-12-29,Meesho,M1046,Electronics,Gujarat,3765,5
2023-12-29,Meesho,M9760,Home Decor,Maharashtra,1924,2
2023-12-29,Meesho,M5947,Electronics,Karnataka,1172,4
2023-12-29,Meesho,M7469,Accessories,Chhattisgarh,319,1
2023-12-29,Meesho,M9023,Clothes,Uttar Pradesh,557,1
2023-12-29,Meesho,M2692,Home Decor,Chhattisgarh,480,2
2023-12-29,Meesho,M1245,Accessories,Assam,820,5
2023-12-29,Meesho,M8026,Grocery,Jharkhand,1272,4
2023-12-29,Meesho,M3733,Clothes,Haryana,1180,5
2023-12-29,Meesho,M6922,Clothes,Telangana,744,4
2023-12-29,Meesho,M4905,Electronics,Maharashtra,3100,5
2023-12-29,Meesho,M2157,Accessories,Uttar Pradesh,2475,3
2023-12-29,Meesho,M7360,Accessories,Kerala,895,5
2023-12-29,Meesho,M3034,Home Decor,Tamil Nadu,496,4
2023-12-29,Meesho,M8438,Electronics,Odisha,2541,3
2023-12-29,Meesho,M3184,Electronics,Madhya Pradesh,633,3
2023-12-29,Meesho,M2028,Clothes,Haryana,2260,4
2023-12-29,Meesho,M9821,Accessories,Delhi,1480,2
2023-12-29,Meesho,M6198,Electronics,Chhattisgarh,2463,3
2023-12-29,Meesho,M8512,Electronics,Rajasthan,1132,2
2023-12-29,Meesho,M2580,Accessories,Punjab,218,2
2023-12-29,Meesho,M2356,Home Decor,Tamil Nadu,584,4
2023-12-29,Meesho,M7295,Grocery,Telangana,262,2
2023-12-29,Meesho,M8812,Grocery,Maharashtra,2631,3
2023-12-29,Meesho,M8074,Home Decor,Uttarakhand,1108,2
2023-12-29,Meesho,M4349,Grocery,West Bengal,672,4
2023-12-30,Meesho,M3415,Home Decor,Rajasthan,495,3
2023-12-30,Meesho,M7357,Grocery,Tamil Nadu,536,4
2023-12-30,Meesho,M6745,Grocery,Haryana,2364,3
2023-12-30,Meesho,M4485,Grocery,Uttarakhand,3700,4
2023-12-30,Meesho,M6608,Grocery,Rajasthan,3944,4
2023-12-30,Meesho,M6130,Accessories,Kerala,322,1
2023-12-30,Meesho,M4076,Electronics,Telangana,1498,2
2023-12-30,Meesho,M8267,Electronics,Punjab,2930,5
2023-12-30,Meesho,M7024,Accessories,West Bengal,4290,5
2023-12-30,Meesho,M9526,Clothes,Maharashtra,2724,4
2023-12-30,Meesho,M8056,Electronics,Rajasthan,2045,5
2023-12-30,Meesho,M3021,Home Decor,Delhi,3156,4
2023-12-30,Meesho,M5910,Clothes,Bihar,2034,3
2023-12-30,Meesho,M2141,Grocery,West Bengal,639,1
2023-12-30,Meesho,M6816,Home Decor,Delhi,346,1
2023-12-30,Meesho,M4024,Grocery,Jharkhand,3012,4
2023-12-30,Meesho,M9748,Accessories,Chhattisgarh,2596,4
2023-12-30,Meesho,M2859,Clothes,Maharashtra,4210,5
2023-12-30,Meesho,M8698,Electronics,West Bengal,2055,3
2023-12-30,Meesho,M1998,Clothes,Gujarat,2900,5
2023-12-30,Meesho,M1823,Electronics,Odisha,744,3
2023-12-30,Meesho,M8946,Home Decor,West Bengal,1098,3
2023-12-30,Meesho,M6979,Electronics,Andhra Pradesh,992,4
2023-12-30,Meesho,M6096,Home Decor,Chhattisgarh,578,2
2023-12-30,Meesho,M1389,Home Decor,Chhattisgarh,1972,2
2023-12-30,Meesho,M8296,Clothes,Gujarat,3248,4
2023-12-30,Meesho,M1770,Clothes,Assam,3380,5
2023-12-30,Meesho,M7501,Clothes,Tamil Nadu,252,1
2023-12-30,Meesho,M1650,Accessories,Uttarakhand,4100,5
2023-12-30,Meesho,M3998,Clothes,Uttarakhand,3000,3
2023-12-30,Meesho,M1182,Grocery,Tamil Nadu,2184,3
2023-12-30,Meesho,M8058,Grocery,Gujarat,563,1
2023-12-30,Meesho,M7681,Home Decor,Madhya Pradesh,2236,4
2023-12-30,Meesho,M6890,Clothes,Andhra Pradesh,2560,5
2023-12-30,Meesho,M9018,Electronics,Maharashtra,1672,4
2023-12-31,Meesho,M8316,Home Decor,Tamil Nadu,1893,3
2023-12-31,Meesho,M1429,Grocery,Uttar Pradesh,2415,3
2023-12-31,Meesho,M8484,Grocery,Chhattisgarh,3240,4
2023-12-31,Meesho,M5194,Accessories,Chhattisgarh,424,2
2023-12-31,Meesho,M2887,Electronics,Kerala,1551,3
2023-12-31,Meesho,M9823,Grocery,Chhattisgarh,2457,3
2023-12-31,Meesho,M3813,Clothes,Kerala,291,1
2023-12-31,Meesho,M1268,Home Decor,Maharashtra,3156,4
2023-12-31,Meesho,M4754,Grocery,Bihar,1806,2
2023-12-31,Meesho,M7943,Grocery,Telangana,930,2
2023-12-31,Meesho,M2512,Home Decor,Jharkhand,1431,3
2023-12-31,Meesho,M5357,Accessories,Telangana,1788,3
2023-12-31,Meesho,M9856,Electronics,Tamil Nadu,440,4
2023-12-31,Meesho,M5901,Home Decor,Tamil Nadu,1298,2
2023-12-31,Meesho,M5098,Clothes,Rajasthan,4540,5
2023-12-31,Meesho,M3075,Accessories,West Bengal,2852,4
2023-12-31,Meesho,M5517,Grocery,Kerala,2120,4
2023-12-31,Meesho,M4108,Grocery,Kerala,134,1
2023-12-31,Meesho,M1875,Grocery,Haryana,931,1
2023-12-31,Meesho,M7100,Accessories,Uttarakhand,948,2
2023-12-31,Meesho,M5581,Home Decor,Kerala,682,1
2023-12-31,Meesho,M1310,Home Decor,Jharkhand,1676,4
2023-12-31,Meesho,M5409,Accessories,Madhya Pradesh,101,1
2023-12-31,Meesho,M8495,Home Decor,Maharashtra,3375,5
2023-12-31,Meesho,M1936,Electronics,Madhya Pradesh,1281,3
2023-12-31,Meesho,M9440,Home Decor,Kerala,612,3
2024-01-01,Meesho,M2615,Clothes,Karnataka,1050,5
2024-01-01,Meesho,M9100,Clothes,Andhra Pradesh,472,2
2024-01-01,Meesho,M8081,Accessories,Haryana,838,1
2024-01-01,Meesho,M4831,Accessories,Delhi,504,2
2024-01-01,Meesho,M9941,Accessories,Odisha,507,1
2024-01-01,Meesho,M5836,Accessories,Haryana,1008,3
2024-01-01,Meesho,M1395,Accessories,Maharashtra,192,1
2024-01-01,Meesho,M6214,Home Decor,West Bengal,246,1
2024-01-01,Meesho,M1891,Clothes,Maharashtra,1300,4
2024-01-01,Meesho,M6573,Electronics,Rajasthan,153,1
2024-01-01,Meesho,M1942,Grocery,West Bengal,3000,5
2024-01-01,Meesho,M1505,Clothes,Assam,776,2
2024-01-01,Meesho,M3427,Clothes,Telangana,470,2
2024-01-01,Meesho,M6016,Electronics,Andhra Pradesh,872,4
2024-01-01,Meesho,M4557,Electronics,Karnataka,1096,2
2024-01-01,Meesho,M4872,Electronics,Tamil Nadu,1440,3
2024-01-01,Meesho,M1699,Accessories,Gujarat,3008,4
2024-01-01,Meesho,M1332,Grocery,Haryana,885,3
2024-01-01,Meesho,M6256,Home Decor,Jharkhand,1436,4
2024-01-01,Meesho,M7154,Accessories,Tamil Nadu,1875,3
2024-01-01,Meesho,M9885,Electronics,Chhattisgarh,2035,5
2024-01-01,Meesho,M6638,Accessories,Odisha,436,1
2024-01-01,Meesho,M6953,Clothes,Kerala,2240,4
2024-01-01,Meesho,M1803,Grocery,Andhra Pradesh,1260,2
2024-01-01,Meesho,M3282,Accessories,Odisha,2265,3
2024-01-01,Meesho,M1685,Electronics,Telangana,760,5
2024-01-01,Meesho,M5054,Grocery,Delhi,987,3
2024-01-01,Meesho,M9562,Home Decor,Madhya Pradesh,175,1
2024-01-01,Meesho,M5290,Home Decor,Jharkhand,329,1
2024-01-01,Meesho,M7201,Accessories,Jharkhand,1852,4
2024-01-01,Meesho,M1752,Accessories,Uttar Pradesh,354,2
2024-01-01,Meesho,M4048,Accessories,Bihar,3450,5
2024-01-01,Meesho,M1393,Accessories,Rajasthan,4795,5
2024-01-01,Meesho,M9793,Home Decor,Chhattisgarh,2470,5
2024-01-01,Meesho,M6682,Clothes,Madhya Pradesh,1430,5
2024-01-01,Meesho,M5326,Accessories,Kerala,852,1
2024-01-01,Meesho,M2840,Grocery,Andhra Pradesh,839,1
2024-01-01,Meesho,M6757,Clothes,Odisha,3084,4
2024-01-01,Meesho,M2608,Grocery,Uttarakhand,1136,2
2024-01-02,Meesho,M1458,Grocery,Haryana,1000,1
2024-01-02,Meesho,M9970,Electronics,Tamil Nadu,471,3
2024-01-02,Meesho,M8914,Home Decor,Rajasthan,1250,5
2024-01-02,Meesho,M7067,Clothes,Maharashtra,2344,4
2024-01-02,Meesho,M8869,Home Decor,Jharkhand,4445,5
2024-01-02,Meesho,M1684,Grocery,Bihar,1308,2
2024-01-02,Meesho,M5649,Electronics,Delhi,1188,2
2024-01-02,Meesho,M7181,Grocery,Uttarakhand,4855,5
2024-01-02,Meesho,M8975,Home Decor,Tamil Nadu,862,2
2024-01-02,Meesho,M1358,Grocery,Kerala,1076,4
2024-01-02,Meesho,M9382,Electronics,Telangana,1265,5
2024-01-02,Meesho,M6694,Electronics,Haryana,1572,4
2024-01-02,Meesho,M5829,Home Decor,Haryana,2217,3
2024-01-02,Meesho,M7725,Grocery,Telangana,3452,4
2024-01-02,Meesho,M6667,Accessories,Chhattisgarh,3515,5
2024-01-02,Meesho,M2119,Accessories,Odisha,433,1
2024-01-02,Meesho,M3578,Clothes,Tamil Nadu,2055,3
2024-01-02,Meesho,M9680,Clothes,Assam,981,3
2024-01-02,Meesho,M9822,Accessories,Assam,344,1
2024-01-02,Meesho,M5471,Clothes,Punjab,2628,4
2024-01-02,Meesho,M1642,Clothes,Kerala,3780,5
2024-01-02,Meesho,M9734,Accessories,Assam,632,2
2024-01-02,Meesho,M1235,Accessories,Kerala,3180,5
2024-01-02,Meesho,M2008,Electronics,Punjab,1610,2
2024-01-02,Meesho,M7576,Clothes,Tamil Nadu,1660,4
2024-01-02,Meesho,M7133,Electronics,Jharkhand,420,4
2024-01-02,Meesho,M8805,Grocery,Bihar,1218,3
2024-01-02,Meesho,M5367,Clothes,Uttar Pradesh,2211,3
2024-01-02,Meesho,M5267,Clothes,Delhi,755,1
2024-01-02,Meesho,M3987,Grocery,Uttar Pradesh,2190,5
2024-01-02,Meesho,M3777,Home Decor,Rajasthan,664,1
2024-01-02,Meesho,M9645,Electronics,Jharkhand,869,1
2024-01-02,Meesho,M8286,Accessories,Telangana,1168,2
2024-01-02,Meesho,M6359,Home Decor,Telangana,742,2
2024-01-02,Meesho,M2819,Accessories,Uttarakhand,1064,4
2024-01-02,Meesho,M4548,Clothes,Kerala,1116,4
2024-01-03,Meesho,M9122,Grocery,Karnataka,1232,4
2024-01-03,Meesho,M7840,Accessories,Uttarakhand,920,4
2024-01-03,Meesho,M9841,Grocery,Gujarat,1672,2
2024-01-03,Meesho,M6802,Clothes,Maharashtra,364,1
2024-01-03,Meesho,M4760,Clothes,Chhattisgarh,1647,3
2024-01-03,Meesho,M3862,Clothes,Bihar,397,1
2024-01-03,Meesho,M2781,Clothes,Kerala,606,2
2024-01-03,Meesho,M3528,Grocery,Madhya Pradesh,354,2
2024-01-03,Meesho,M3150,Grocery,Karnataka,1908,3
2024-01-03,Meesho,M6343,Accessories,Kerala,792,4
2024-01-03,Meesho,M1549,Clothes,Assam,2730,5
2024-01-03,Meesho,M4009,Accessories,Andhra Pradesh,1980,5
2024-01-03,Meesho,M2041,Home Decor,Madhya Pradesh,296,1
2024-01-03,Meesho,M4338,Electronics,Kerala,235,1
2024-01-03,Meesho,M3963,Accessories,Assam,828,3
2024-01-03,Meesho,M8795,Electronics,West Bengal,1452,2
2024-01-03,Meesho,M6793,Accessories,Andhra Pradesh,858,1
2024-01-03,Meesho,M1243,Electronics,Uttarakhand,616,1
2024-01-03,Meesho,M9790,Grocery,Uttarakhand,925,1
2024-01-03,Meesho,M4546,Accessories,Madhya Pradesh,434,2
2024-01-03,Meesho,M7170,Home Decor,Bihar,708,2
2024-01-03,Meesho,M4404,Clothes,Uttar Pradesh,936,1
2024-01-03,Meesho,M7392,Grocery,Uttar Pradesh,1317,3
2024-01-03,Meesho,M4157,Home Decor,Gujarat,1760,2
2024-01-03,Meesho,M4437,Grocery,Jharkhand,1220,2
2024-01-03,Meesho,M2177,Clothes,Punjab,810,2
2024-01-03,Meesho,M4716,Grocery,Bihar,3160,4
2024-01-03,Meesho,M8003,Electronics,Uttarakhand,564,4
2024-01-03,Meesho,M5632,Home Decor,Kerala,2835,3
2024-01-03,Meesho,M1375,Home Decor,Uttarakhand,1884,4
2024-01-03,Meesho,M3273,Electronics,Karnataka,4515,5
2024-01-03,Meesho,M4815,Grocery,Rajasthan,359,1
2024-01-03,Meesho,M8378,Grocery,Odisha,1992,3
2024-01-04,Meesho,M5979,Clothes,Gujarat,532,4
2024-01-04,Meesho,M1658,Grocery,Telangana,1652,4
2024-01-04,Meesho,M5432,Accessories,Uttarakhand,957,3
2024-01-04,Meesho,M9134,Grocery,Uttar Pradesh,837,3
2024-01-04,Meesho,M9562,Accessories,Gujarat,1824,2
2024-01-04,Meesho,M2731,Home Decor,Maharashtra,4930,5
2024-01-04,Meesho,M9289,Home Decor,Chhattisgarh,3708,4
2024-01-04,Meesho,M3381,Electronics,West Bengal,1665,3
2024-01-04,Meesho,M7487,Clothes,Odisha,1140,3
2024-01-04,Meesho,M8117,Electronics,Punjab,1540,5
2024-01-04,Meesho,M4072,Electronics,Bihar,117,1
2024-01-04,Meesho,M4823,Electronics,Delhi,3590,5
2024-01-04,Meesho,M1248,Home Decor,Uttarakhand,1838,2
2024-01-04,Meesho,M9933,Grocery,Gujarat,903,1
2024-01-04,Meesho,M3810,Accessories,Tamil Nadu,4585,5
2024-01-04,Meesho,M8826,Clothes,Karnataka,959,1
2024-01-04,Meesho,M3164,Clothes,Karnataka,2444,4
2024-01-04,Meesho,M2400,Electronics,Chhattisgarh,528,3
2024-01-04,Meesho,M7861,Accessories,Chhattisgarh,3116,4
2024-01-04,Meesho,M8977,Clothes,Punjab,275,1
2024-01-04,Meesho,M1597,Grocery,Gujarat,798,2
2024-01-04,Meesho,M2779,Grocery,Uttar Pradesh,760,5
2024-01-04,Meesho,M6875,Accessories,Assam,454,2
2024-01-05,Meesho,M6638,Grocery,West Bengal,1104,3
2024-01-05,Meesho,M5298,Accessories,Kerala,788,2
2024-01-05,Meesho,M5310,Grocery,Punjab,2145,3
2024-01-05,Meesho,M3623,Grocery,Bihar,2770,5
2024-01-05,Meesho,M4752,Grocery,Madhya Pradesh,3532,4
2024-01-05,Meesho,M4060,Electronics,Andhra Pradesh,2770,5
2024-01-05,Meesho,M5755,Accessories,Gujarat,1928,2
2024-01-05,Meesho,M3645,Grocery,Bihar,2465,5
2024-01-05,Meesho,M5950,Electronics,Assam,944,1
2024-01-05,Meesho,M1675,Home Decor,Uttar Pradesh,2256,4
2024-01-05,Meesho,M2581,Accessories,Andhra Pradesh,142,1
2024-01-05,Meesho,M7562,Accessories,Uttar Pradesh,2673,3
2024-01-05,Meesho,M2797,Grocery,Telangana,1820,2
2024-01-05,Meesho,M5188,Clothes,Bihar,956,1
2024-01-05,Meesho,M2134,Electronics,Andhra Pradesh,270,2
2024-01-05,Meesho,M5757,Electronics,Punjab,612,2
2024-01-05,Meesho,M1153,Clothes,Uttarakhand,799,1
2024-01-05,Meesho,M9589,Clothes,Andhra Pradesh,2365,5
2024-01-05,Meesho,M6273,Grocery,Rajasthan,1220,2
2024-01-05,Meesho,M1069,Electronics,Gujarat,3760,5
2024-01-05,Meesho,M2551,Accessories,Chhattisgarh,570,1
2024-01-05,Meesho,M5971,Accessories,Assam,595,5
2024-01-05,Meesho,M8035,Electronics,Haryana,298,2
2024-01-05,Meesho,M8568,Accessories,Chhattisgarh,1588,4
2024-01-05,Meesho,M3748,Home Decor,Andhra Pradesh,3845,5
2024-01-05,Meesho,M6348,Clothes,Karnataka,2420,4
2024-01-05,Meesho,M4822,Grocery,Maharashtra,1064,2
2024-01-05,Meesho,M1201,Clothes,Odisha,381,1
2024-01-05,Meesho,M2489,Grocery,Andhra Pradesh,1738,2
2024-01-05,Meesho,M5842,Electronics,Uttar Pradesh,454,2
2024-01-05,Meesho,M2552,Clothes,Uttarakhand,1026,2
2024-01-05,Meesho,M8815,Accessories,Haryana,3300,5
2024-01-05,Meesho,M3299,Grocery,Maharashtra,2255,5
2024-01-05,Meesho,M9786,Clothes,Kerala,792,3
2024-01-05,Meesho,M9258,Clothes,Punjab,111,1
2024-01-05,Meesho,M7804,Grocery,Assam,800,5
2024-01-05,Meesho,M2412,Grocery,Chhattisgarh,127,1
2024-01-06,Meesho,M5688,Clothes,Punjab,2056,4
2024-01-06,Meesho,M5023,Accessories,Kerala,1664,4
2024-01-06,Meesho,M2706,Accessories,Andhra Pradesh,418,1
2024-01-06,Meesho,M5856,Accessories,Telangana,1516,4
2024-01-06,Meesho,M2905,Home Decor,Bihar,2892,4
2024-01-06,Meesho,M9266,Clothes,Jharkhand,1608,2
2024-01-06,Meesho,M2021,Electronics,Assam,1700,2
2024-01-06,Meesho,M8428,Grocery,Andhra Pradesh,999,3
2024-01-06,Meesho,M6459,Electronics,Assam,2048,4
2024-01-06,Meesho,M5113,Accessories,Jharkhand,905,5
2024-01-06,Meesho,M8480,Accessories,Odisha,568,1
2024-01-06,Meesho,M4505,Grocery,Madhya Pradesh,3964,4
2024-01-06,Meesho,M5227,Home Decor,Uttar Pradesh,803,1
2024-01-06,Meesho,M3684,Electronics,Assam,689,1
2024-01-06,Meesho,M5287,Clothes,Karnataka,899,1
2024-01-06,Meesho,M4871,Electronics,Rajasthan,416,1
2024-01-06,Meesho,M9788,Home Decor,Jharkhand,1122,3
2024-01-06,Meesho,M2740,Accessories,Assam,714,3
2024-01-06,Meesho,M4733,Home Decor,Uttarakhand,4255,5
2024-01-06,Meesho,M8365,Clothes,Madhya Pradesh,636,1
2024-01-06,Meesho,M6482,Home Decor,Chhattisgarh,2605,5
2024-01-06,Meesho,M1718,Home Decor,Uttar Pradesh,153,1
2024-01-06,Meesho,M7877,Grocery,Kerala,1280,2
2024-01-06,Meesho,M8090,Home Decor,Uttar Pradesh,1905,3
2024-01-06,Meesho,M7762,Clothes,Haryana,978,1
2024-01-06,Meesho,M7307,Grocery,Punjab,798,3
2024-01-06,Meesho,M9954,Electronics,Punjab,2775,3
2024-01-06,Meesho,M1953,Electronics,Assam,4020,5
2024-01-06,Meesho,M9275,Accessories,Tamil Nadu,1005,3
2024-01-06,Meesho,M5466,Home Decor,Assam,896,2
2024-01-06,Meesho,M1041,Electronics,Andhra Pradesh,642,3
2024-01-06,Meesho,M6752,Home Decor,Odisha,2450,5
2024-01-06,Meesho,M2360,Home Decor,Maharashtra,1542,3
2024-01-06,Meesho,M1945,Home Decor,Tamil Nadu,3085,5
2024-01-06,Meesho,M6261,Accessories,Haryana,504,3
2024-01-06,Meesho,M1109,Electronics,West Bengal,3590,5
2024-01-07,Meesho,M8793,Home Decor,Chhattisgarh,722,1
2024-01-07,Meesho,M7911,Accessories,Tamil Nadu,440,1
2024-01-07,Meesho,M4649,Electronics,Karnataka,772,4
2024-01-07,Meesho,M9452,Electronics,Jharkhand,649,1
2024-01-07,Meesho,M6346,Accessories,Uttar Pradesh,518,1
2024-01-07,Meesho,M7229,Electronics,Bihar,3448,4
2024-01-07,Meesho,M4725,Electronics,Telangana,2604,3
2024-01-07,Meesho,M7323,Electronics,Rajasthan,534,2
2024-01-07,Meesho,M9455,Clothes,West Bengal,1648,2
2024-01-07,Meesho,M7707,Accessories,Haryana,750,1
2024-01-07,Meesho,M8556,Grocery,Rajasthan,2348,4
2024-01-07,Meesho,M7690,Accessories,Andhra Pradesh,2145,3
2024-01-07,Meesho,M1517,Clothes,Jharkhand,3790,5
2024-01-07,Meesho,M5805,Accessories,Karnataka,708,3
2024-01-07,Meesho,M4279,Accessories,Tamil Nadu,912,3
2024-01-07,Meesho,M3381,Clothes,Punjab,746,2
2024-01-07,Meesho,M2403,Home Decor,Madhya Pradesh,2022,3
2024-01-07,Meesho,M4046,Grocery,Assam,381,1
2024-01-07,Meesho,M8750,Clothes,Tamil Nadu,2001,3
2024-01-07,Meesho,M2514,Clothes,Maharashtra,948,1
2024-01-07,Meesho,M4900,Home Decor,Rajasthan,925,5
2024-01-07,Meesho,M5508,Home Decor,Gujarat,556,4
2024-01-07,Meesho,M6157,Home Decor,Karnataka,3972,4
2024-01-07,Meesho,M2434,Clothes,Punjab,1914,2
2024-01-07,Meesho,M7865,Accessories,Odisha,2037,3
2024-01-07,Meesho,M3476,Grocery,Madhya Pradesh,1941,3
2024-01-07,Meesho,M5204,Clothes,Maharashtra,3575,5
2024-01-07,Meesho,M9223,Electronics,Madhya Pradesh,895,5
2024-01-07,Meesho,M1870,Home Decor,Tamil Nadu,1042,2
2024-01-07,Meesho,M7964,Accessories,Punjab,202,1
2024-01-07,Meesho,M2421,Electronics,Chhattisgarh,884,2
2024-01-08,Meesho,M2259,Clothes,Andhra Pradesh,1688,2
2024-01-08,Meesho,M4854,Home Decor,Odisha,1797,3
2024-01-08,Meesho,M5677,Grocery,Maharashtra,2528,4
2024-01-08,Meesho,M8756,Home Decor,Odisha,1240,5
2024-01-08,Meesho,M9508,Electronics,Jharkhand,2852,4
2024-01-08,Meesho,M4716,Accessories,Jharkhand,1776,2
2024-01-08,Meesho,M9634,Electronics,Bihar,1930,2
2024-01-08,Meesho,M3628,Clothes,Assam,1266,2
2024-01-08,Meesho,M6035,Accessories,Jharkhand,3815,5
2024-01-08,Meesho,M2995,Grocery,Punjab,580,5
2024-01-08,Meesho,M4429,Grocery,Assam,429,1
2024-01-08,Meesho,M7990,Home Decor,Andhra Pradesh,2787,3
2024-01-08,Meesho,M9673,Accessories,Chhattisgarh,3990,5
2024-01-08,Meesho,M5712,Electronics,Telangana,3280,5
2024-01-08,Meesho,M3173,Electronics,Madhya Pradesh,1372,2
2024-01-08,Meesho,M2487,Clothes,Delhi,548,4
2024-01-08,Meesho,M9774,Home Decor,West Bengal,1308,2
2024-01-08,Meesho,M1769,Home Decor,Rajasthan,744,3
2024-01-08,Meesho,M7696,Accessories,Rajasthan,350,1
2024-01-08,Meesho,M8254,Clothes,Gujarat,225,1
2024-01-08,Meesho,M4652,Clothes,Tamil Nadu,208,1
2024-01-08,Meesho,M2248,Accessories,Bihar,1880,4
2024-01-08,Meesho,M6497,Electronics,Andhra Pradesh,3165,5
2024-01-08,Meesho,M6998,Grocery,Gujarat,1560,5
2024-01-08,Meesho,M5358,Clothes,West Bengal,1206,2
2024-01-08,Meesho,M5684,Electronics,Telangana,1616,2
2024-01-08,Meesho,M1251,Electronics,Odisha,609,3
2024-01-08,Meesho,M8916,Grocery,West Bengal,3775,5
2024-01-08,Meesho,M4938,Electronics,Karnataka,2886,3
2024-01-08,Meesho,M5557,Electronics,Karnataka,1520,4
2024-01-08,Meesho,M2857,Electronics,Telangana,2005,5
2024-01-08,Meesho,M2204,Accessories,Telangana,1450,2
2024-01-08,Meesho,M9479,Accessories,Madhya Pradesh,3952,4
2024-01-08,Meesho,M8042,Electronics,Odisha,234,1
2024-01-08,Meesho,M4200,Home Decor,Rajasthan,1545,5
2024-01-08,Meesho,M3833,Clothes,Madhya Pradesh,1500,3
2024-01-08,Meesho,M6118,Clothes,Delhi,1450,2
2024-01-08,Meesho,M9056,Clothes,West Bengal,1092,4
2024-01-08,Meesho,M7040,Grocery,Kerala,216,1
2024-01-08,Meesho,M9172,Clothes,Andhra Pradesh,1770,3
2024-01-09,Meesho,M6977,Clothes,Tamil Nadu,820,5
2024-01-09,Meesho,M9333,Home Decor,Haryana,740,4
2024-01-09,Meesho,M5464,Clothes,Karnataka,260,2
2024-01-09,Meesho,M6013,Clothes,Punjab,745,5
2024-01-09,Meesho,M1311,Clothes,Odisha,3060,5
2024-01-09,Meesho,M4232,Accessories,Uttarakhand,508,4
2024-01-09,Meesho,M4440,Clothes,Andhra Pradesh,588,3
2024-01-09,Meesho,M5569,Electronics,Delhi,2061,3
2024-01-09,Meesho,M9466,Clothes,West Bengal,489,1
2024-01-09,Meesho,M5089,Grocery,Kerala,2770,5
2024-01-09,Meesho,M5625,Clothes,Punjab,3988,4
2024-01-09,Meesho,M3571,Grocery,Karnataka,1180,5
2024-01-09,Meesho,M7837,Grocery,Rajasthan,715,1
2024-01-09,Meesho,M4776,Accessories,Maharashtra,720,2
2024-01-09,Meesho,M1864,Clothes,Rajasthan,742,1
2024-01-09,Meesho,M5980,Accessories,Karnataka,3195,5
2024-01-09,Meesho,M2862,Clothes,Delhi,309,1
2024-01-09,Meesho,M4021,Home Decor,Tamil Nadu,376,1
2024-01-09,Meesho,M4381,Grocery,Assam,2140,5
2024-01-09,Meesho,M8121,Electronics,Uttarakhand,3188,4
2024-01-09,Meesho,M2585,Clothes,Madhya Pradesh,1686,3
2024-01-09,Meesho,M9135,Clothes,Uttar Pradesh,2030,5
2024-01-10,Meesho,M9612,Clothes,Punjab,3840,4
2024-01-10,Meesho,M7493,Grocery,Gujarat,588,2
2024-01-10,Meesho,M1456,Home Decor,Odisha,1998,3
2024-01-10,Meesho,M5136,Clothes,Madhya Pradesh,4885,5
2024-01-10,Meesho,M1211,Clothes,Uttar Pradesh,1870,5
2024-01-10,Meesho,M2074,Electronics,Karnataka,4025,5
2024-01-10,Meesho,M4830,Clothes,Gujarat,978,1
2024-01-10,Meesho,M8671,Grocery,Jharkhand,550,5
2024-01-10,Meesho,M8649,Electronics,Assam,2872,4
2024-01-10,Meesho,M1681,Electronics,Uttarakhand,798,3
2024-01-10,Meesho,M8469,Electronics,West Bengal,120,1
2024-01-10,Meesho,M8528,Home Decor,Punjab,1148,4
2024-01-10,Meesho,M4550,Clothes,Haryana,1296,2
2024-01-10,Meesho,M5704,Grocery,Uttarakhand,153,1
2024-01-10,Meesho,M7323,Electronics,West Bengal,852,2
2024-01-10,Meesho,M2797,Home Decor,Uttar Pradesh,3732,4
2024-01-10,Meesho,M6892,Home Decor,Kerala,3785,5
2024-01-10,Meesho,M7238,Electronics,Madhya Pradesh,900,3
2024-01-10,Meesho,M5825,Electronics,Maharashtra,944,1
2024-01-10,Meesho,M9600,Grocery,Jharkhand,584,2
2024-01-10,Meesho,M6140,Clothes,Gujarat,978,3
2024-01-10,Meesho,M2635,Electronics,West Bengal,1046,2
2024-01-11,Meesho,M3729,Home Decor,Delhi,1570,2
2024-01-11,Meesho,M1801,Clothes,Punjab,2824,4
2024-01-11,Meesho,M1982,Electronics,Gujarat,720,5
2024-01-11,Meesho,M8303,Electronics,Maharashtra,412,1
2024-01-11,Meesho,M6192,Clothes,Madhya Pradesh,362,2
2024-01-11,Meesho,M6810,Accessories,Madhya Pradesh,1420,2
2024-01-11,Meesho,M8979,Electronics,Andhra Pradesh,490,1
2024-01-11,Meesho,M8103,Grocery,Maharashtra,1868,2
2024-01-11,Meesho,M4276,Accessories,Madhya Pradesh,3920,5
2024-01-11,Meesho,M3309,Accessories,Uttar Pradesh,360,1
2024-01-11,Meesho,M7760,Home Decor,West Bengal,2435,5
2024-01-11,Meesho,M2175,Grocery,Chhattisgarh,1356,2
2024-01-11,Meesho,M3457,Accessories,Uttar Pradesh,1038,2
2024-01-11,Meesho,M3222,Home Decor,Maharashtra,612,1
2024-01-11,Meesho,M8528,Clothes,Assam,4640,5
2024-01-11,Meesho,M6129,Home Decor,Odisha,2901,3
2024-01-11,Meesho,M9144,Grocery,Chhattisgarh,1460,5
2024-01-11,Meesho,M4190,Clothes,Madhya Pradesh,2380,4
2024-01-11,Meesho,M7595,Home Decor,Haryana,442,2
2024-01-11,Meesho,M4013,Grocery,West Bengal,1560,5
2024-01-11,Meesho,M9223,Clothes,Odisha,1056,4
2024-01-11,Meesho,M7235,Clothes,Delhi,3016,4
2024-01-11,Meesho,M7801,Electronics,Haryana,416,1
2024-01-11,Meesho,M5577,Grocery,Haryana,374,2
2024-01-11,Meesho,M6810,Electronics,Tamil Nadu,3644,4
2024-01-11,Meesho,M2371,Accessories,West Bengal,1557,3
2024-01-11,Meesho,M4837,Clothes,Punjab,1503,3
2024-01-11,Meesho,M2987,Home Decor,Punjab,640,5
2024-01-11,Meesho,M9055,Accessories,Bihar,858,2
2024-01-11,Meesho,M2792,Home Decor,Gujarat,1522,2
2024-01-11,Meesho,M5963,Clothes,Telangana,1272,3
2024-01-11,Meesho,M1129,Grocery,Uttar Pradesh,1923,3
2024-01-11,Meesho,M4552,Electronics,Rajasthan,1755,3
2024-01-11,Meesho,M9791,Electronics,Tamil Nadu,2500,5
2024-01-12,Meesho,M4364,Accessories,Chhattisgarh,1284,4
2024-01-12,Meesho,M1501,Electronics,Telangana,2700,4
2024-01-12,Meesho,M6418,Electronics,Telangana,2589,3
2024-01-12,Meesho,M5889,Home Decor,West Bengal,1790,5
2024-01-12,Meesho,M8612,Accessories,Andhra Pradesh,152,1
2024-01-12,Meesho,M1218,Electronics,Maharashtra,3764,4
2024-01-12,Meesho,M8366,Grocery,Assam,1280,4
2024-01-12,Meesho,M1289,Home Decor,Telangana,1685,5
2024-01-12,Meesho,M2336,Home Decor,Uttar Pradesh,163,1
2024-01-12,Meesho,M5276,Electronics,Chhattisgarh,573,3
2024-01-12,Meesho,M2820,Home Decor,Telangana,608,1
2024-01-12,Meesho,M8906,Electronics,Uttarakhand,284,2
2024-01-12,Meesho,M8657,Accessories,Rajasthan,2935,5
2024-01-12,Meesho,M6273,Electronics,Uttar Pradesh,3140,4
2024-01-12,Meesho,M9377,Grocery,Chhattisgarh,2382,3
2024-01-12,Meesho,M3933,Electronics,Telangana,2421,3
2024-01-12,Meesho,M4084,Grocery,Jharkhand,649,1
2024-01-12,Meesho,M9375,Accessories,Punjab,1326,3
2024-01-12,Meesho,M9834,Home Decor,Uttar Pradesh,498,1
2024-01-12,Meesho,M6182,Home Decor,Bihar,1071,3
2024-01-12,Meesho,M7728,Accessories,Haryana,1449,3
2024-01-12,Meesho,M4554,Clothes,Maharashtra,4570,5
2024-01-12,Meesho,M4546,Electronics,Gujarat,2676,3
2024-01-12,Meesho,M8964,Electronics,Tamil Nadu,1558,2
2024-01-12,Meesho,M6316,Clothes,Maharashtra,468,4
2024-01-12,Meesho,M7280,Accessories,Chhattisgarh,2382,3
2024-01-12,Meesho,M5072,Accessories,Haryana,574,1
2024-01-12,Meesho,M6139,Electronics,Bihar,3470,5
2024-01-12,Meesho,M8591,Accessories,Odisha,3664,4
2024-01-12,Meesho,M9658,Clothes,Gujarat,712,2
2024-01-12,Meesho,M3642,Grocery,Rajasthan,2154,3
2024-01-12,Meesho,M3219,Clothes,Punjab,3300,5
2024-01-12,Meesho,M4659,Electronics,Maharashtra,892,4
2024-01-13,Meesho,M4441,Accessories,Uttarakhand,740,2
2024-01-13,Meesho,M2545,Electronics,Gujarat,2832,3
2024-01-13,Meesho,M6343,Electronics,Madhya Pradesh,2656,4
2024-01-13,Meesho,M3275,Home Decor,Telangana,909,3
2024-01-13,Meesho,M7900,Accessories,Punjab,277,1
2024-01-13,Meesho,M3901,Clothes,West Bengal,189,1
2024-01-13,Meesho,M2176,Accessories,Odisha,148,1
2024-01-13,Meesho,M8537,Clothes,Haryana,1518,2
2024-01-13,Meesho,M1474,Clothes,Bihar,540,4
2024-01-13,Meesho,M8347,Home Decor,Uttarakhand,432,1
2024-01-13,Meesho,M2442,Grocery,Madhya Pradesh,386,1
2024-01-13,Meesho,M1427,Grocery,Madhya Pradesh,933,1
2024-01-13,Meesho,M8173,Home Decor,Maharashtra,1190,5
2024-01-13,Meesho,M6188,Electronics,Assam,2232,3
2024-01-13,Meesho,M3695,Clothes,Tamil Nadu,211,1
2024-01-13,Meesho,M4713,Electronics,Delhi,3680,5
2024-01-13,Meesho,M7691,Home Decor,Bihar,3245,5
2024-01-13,Meesho,M8422,Grocery,Telangana,1578,2
2024-01-13,Meesho,M7174,Accessories,Bihar,876,1
2024-01-13,Meesho,M5557,Grocery,Tamil Nadu,1098,3
2024-01-13,Meesho,M9768,Home Decor,Uttar Pradesh,3045,5
2024-01-14,Meesho,M7273,Accessories,Punjab,330,3
2024-01-14,Meesho,M3783,Grocery,Tamil Nadu,2340,4
2024-01-14,Meesho,M3522,Clothes,Uttar Pradesh,4850,5
2024-01-14,Meesho,M1728,Electronics,Assam,2824,4
2024-01-14,Meesho,M8108,Grocery,Maharashtra,1032,2
2024-01-14,Meesho,M5978,Accessories,Uttarakhand,909,3
2024-01-14,Meesho,M2995,Electronics,Chhattisgarh,2292,4
2024-01-14,Meesho,M2611,Grocery,Chhattisgarh,536,1
2024-01-14,Meesho,M7004,Clothes,Haryana,1956,2
2024-01-14,Meesho,M7235,Accessories,Gujarat,1535,5
2024-01-14,Meesho,M1868,Clothes,West Bengal,760,4
2024-01-14,Meesho,M1365,Home Decor,Tamil Nadu,1392,3
2024-01-14,Meesho,M9086,Clothes,Punjab,2185,5
2024-01-14,Meesho,M3932,Electronics,Chhattisgarh,138,1
2024-01-14,Meesho,M7732,Grocery,Tamil Nadu,240,2
2024-01-14,Meesho,M8739,Clothes,Delhi,1738,2
2024-01-14,Meesho,M7444,Home Decor,Rajasthan,965,1
2024-01-14,Meesho,M6319,Home Decor,Haryana,183,1
2024-01-14,Meesho,M6839,Home Decor,Uttarakhand,1628,4
2024-01-14,Meesho,M6720,Home Decor,Jharkhand,1195,5
2024-01-14,Meesho,M7244,Grocery,Andhra Pradesh,920,1
2024-01-14,Meesho,M4984,Accessories,Odisha,1494,3
2024-01-14,Meesho,M3806,Electronics,Odisha,887,1
2024-01-14,Meesho,M3618,Clothes,Uttarakhand,729,1
2024-01-14,Meesho,M8701,Accessories,Kerala,3508,4
2024-01-14,Meesho,M9094,Clothes,Delhi,3310,5
2024-01-14,Meesho,M8822,Clothes,Chhattisgarh,209,1
2024-01-15,Meesho,M2744,Accessories,Chhattisgarh,4995,5
2024-01-15,Meesho,M2258,Electronics,West Bengal,304,1
2024-01-15,Meesho,M1179,Clothes,Delhi,2844,3
2024-01-15,Meesho,M1254,Clothes,Haryana,385,1
2024-01-15,Meesho,M1346,Clothes,West Bengal,2560,4
2024-01-15,Meesho,M2695,Electronics,Gujarat,2940,3
2024-01-15,Meesho,M6884,Clothes,Odisha,1492,4
2024-01-15,Meesho,M3175,Grocery,Punjab,281,1
2024-01-15,Meesho,M8344,Grocery,Uttar Pradesh,2056,4
2024-01-15,Meesho,M8425,Home Decor,Delhi,3940,5
2024-01-15,Meesho,M8877,Accessories,Telangana,2112,4
2024-01-15,Meesho,M4412,Grocery,Punjab,1032,3
2024-01-15,Meesho,M5413,Accessories,Haryana,582,2
2024-01-15,Meesho,M2202,Clothes,Telangana,3575,5
2024-01-15,Meesho,M8051,Grocery,Uttarakhand,361,1
2024-01-15,Meesho,M7166,Clothes,Delhi,416,1
2024-01-15,Meesho,M1143,Electronics,Haryana,900,4
2024-01-15,Meesho,M5162,Electronics,Uttar Pradesh,3748,4
2024-01-15,Meesho,M1567,Grocery,Telangana,920,4
2024-01-15,Meesho,M8277,Home Decor,Kerala,550,2
2024-01-15,Meesho,M2327,Clothes,Maharashtra,1656,2
2024-01-15,Meesho,M8974,Home Decor,Madhya Pradesh,3828,4
2024-01-15,Meesho,M6804,Home Decor,Jharkhand,506,2
2024-01-15,Meesho,M6291,Grocery,Gujarat,314,1
2024-01-15,Meesho,M6566,Accessories,Uttar Pradesh,357,1
2024-01-15,Meesho,M6601,Clothes,Andhra Pradesh,3436,4
2024-01-15,Meesho,M8151,Electronics,Bihar,3545,5
2024-01-15,Meesho,M4163,Home Decor,Gujarat,1882,2
2024-01-15,Meesho,M9813,Accessories,Odisha,2140,4
2024-01-15,Meesho,M4200,Electronics,Maharashtra,2140,5
2024-01-15,Meesho,M2275,Grocery,Delhi,987,1
2024-01-15,Meesho,M3358,Electronics,Odisha,1325,5
2024-01-15,Meesho,M5339,Accessories,Uttarakhand,4360,5
2024-01-15,Meesho,M8908,Grocery,West Bengal,2304,4
2024-01-15,Meesho,M5449,Grocery,Karnataka,456,2
2024-01-15,Meesho,M3549,Grocery,Madhya Pradesh,2850,3
2024-01-15,Meesho,M2569,Home Decor,Gujarat,186,1
2024-01-16,Meesho,M2542,Electronics,Jharkhand,323,1
2024-01-16,Meesho,M8793,Grocery,Andhra Pradesh,840,4
2024-01-16,Meesho,M9079,Home Decor,Odisha,452,4
2024-01-16,Meesho,M4254,Accessories,Assam,2223,3
2024-01-16,Meesho,M7777,Clothes,Assam,639,3
2024-01-16,Meesho,M8654,Clothes,Madhya Pradesh,2396,4
2024-01-16,Meesho,M5960,Grocery,Bihar,3660,5
2024-01-16,Meesho,M3965,Electronics,Chhattisgarh,1806,3
2024-01-16,Meesho,M8430,Grocery,Punjab,538,2
2024-01-16,Meesho,M5546,Electronics,Rajasthan,876,3
2024-01-16,Meesho,M1760,Electronics,Maharashtra,354,1
2024-01-16,Meesho,M9525,Clothes,Maharashtra,1046,2
2024-01-16,Meesho,M1842,Clothes,Delhi,324,3
2024-01-16,Meesho,M1691,Home Decor,Andhra Pradesh,1347,3
2024-01-16,Meesho,M5514,Grocery,Punjab,339,1
2024-01-16,Meesho,M6147,Clothes,Andhra Pradesh,4530,5
2024-01-16,Meesho,M6113,Clothes,Tamil Nadu,963,1
2024-01-16,Meesho,M3718,Home Decor,Telangana,171,1
2024-01-16,Meesho,M2646,Accessories,Haryana,3216,4
2024-01-16,Meesho,M5349,Home Decor,Tamil Nadu,1976,4
2024-01-16,Meesho,M1453,Clothes,Odisha,1736,4
2024-01-16,Meesho,M4962,Clothes,Andhra Pradesh,3680,4
2024-01-17,Meesho,M5113,Grocery,Odisha,1858,2
2024-01-17,Meesho,M3765,Grocery,Telangana,1550,5
2024-01-17,Meesho,M5611,Home Decor,Punjab,1148,2
2024-01-17,Meesho,M4927,Electronics,Punjab,1188,3
2024-01-17,Meesho,M9481,Accessories,Haryana,3330,5
2024-01-17,Meesho,M4660,Home Decor,Uttar Pradesh,4255,5
2024-01-17,Meesho,M9851,Clothes,Telangana,984,2
2024-01-17,Meesho,M1649,Electronics,Chhattisgarh,1032,4
2024-01-17,Meesho,M4221,Accessories,Rajasthan,290,2
2024-01-17,Meesho,M2873,Home Decor,Rajasthan,2896,4
2024-01-17,Meesho,M4417,Home Decor,Uttar Pradesh,2072,4
2024-01-17,Meesho,M5682,Clothes,Rajasthan,1345,5
2024-01-17,Meesho,M5080,Grocery,Odisha,3904,4
2024-01-17,Meesho,M6003,Accessories,Madhya Pradesh,1060,4
2024-01-17,Meesho,M7847,Accessories,Uttar Pradesh,1524,3
2024-01-17,Meesho,M8653,Clothes,Bihar,2852,4
2024-01-17,Meesho,M3701,Clothes,West Bengal,1308,2
2024-01-17,Meesho,M7292,Electronics,Andhra Pradesh,1714,2
2024-01-17,Meesho,M5761,Clothes,Rajasthan,1546,2
2024-01-17,Meesho,M5487,Home Decor,Odisha,783,3
2024-01-17,Meesho,M9171,Grocery,Telangana,1116,2
2024-01-17,Meesho,M7996,Clothes,Rajasthan,246,2
2024-01-17,Meesho,M1720,Electronics,Uttar Pradesh,1752,4
2024-01-17,Meesho,M5020,Home Decor,Uttarakhand,2409,3
2024-01-17,Meesho,M4132,Electronics,Kerala,2115,3
2024-01-17,Meesho,M8490,Clothes,Assam,1160,5
2024-01-17,Meesho,M1709,Accessories,Odisha,2410,5
2024-01-17,Meesho,M7701,Home Decor,Tamil Nadu,1300,2
2024-01-17,Meesho,M7476,Grocery,Haryana,912,3
2024-01-17,Meesho,M1210,Grocery,Haryana,277,1
2024-01-17,Meesho,M7920,Home Decor,West Bengal,3630,5
2024-01-17,Meesho,M8136,Clothes,Chhattisgarh,711,3
2024-01-17,Meesho,M3195,Clothes,Odisha,253,1
2024-01-17,Meesho,M2130,Clothes,Haryana,1100,5
2024-01-17,Meesho,M8006,Clothes,Tamil Nadu,974,1
2024-01-17,Meesho,M7347,Grocery,Haryana,3850,5
2024-01-17,Meesho,M2336,Clothes,Assam,1302,3
2024-01-17,Meesho,M7153,Electronics,Uttar Pradesh,3465,5
2024-01-17,Meesho,M1057,Grocery,Bihar,908,2
2024-01-17,Meesho,M3898,Clothes,Punjab,895,5
2024-01-18,Meesho,M6055,Accessories,Chhattisgarh,2244,3
2024-01-18,Meesho,M7109,Grocery,Punjab,558,3
2024-01-18,Meesho,M4191,Clothes,Assam,1017,3
2024-01-18,Meesho,M8618,Accessories,Telangana,2408,4
2024-01-18,Meesho,M1632,Clothes,Telangana,1024,4
2024-01-18,Meesho,M5826,Home Decor,Maharashtra,3744,4
2024-01-18,Meesho,M9905,Accessories,Rajasthan,768,3
2024-01-18,Meesho,M9304,Accessories,Odisha,693,3
2024-01-18,Meesho,M4253,Electronics,Assam,545,5
2024-01-18,Meesho,M4903,Grocery,Punjab,915,1
2024-01-18,Meesho,M7191,Electronics,Andhra Pradesh,525,5
2024-01-18,Meesho,M2656,Home Decor,Uttarakhand,2895,3
2024-01-18,Meesho,M8887,Home Decor,Andhra Pradesh,122,1
2024-01-18,Meesho,M3628,Accessories,Punjab,512,1
2024-01-18,Meesho,M4802,Clothes,Gujarat,784,2
2024-01-18,Meesho,M7307,Clothes,Punjab,2697,3
2024-01-18,Meesho,M4959,Clothes,West Bengal,2590,5
2024-01-18,Meesho,M3258,Home Decor,Odisha,1674,3
2024-01-18,Meesho,M7405,Grocery,Assam,444,3
2024-01-18,Meesho,M1171,Clothes,Delhi,4300,5
2024-01-18,Meesho,M9767,Home Decor,Madhya Pradesh,1112,2
2024-01-18,Meesho,M2968,Electronics,Kerala,2275,5
2024-01-18,Meesho,M9179,Home Decor,Jharkhand,455,1
2024-01-18,Meesho,M8887,Clothes,Chhattisgarh,4025,5
2024-01-18,Meesho,M6800,Home Decor,Uttarakhand,1156,4
2024-01-18,Meesho,M3373,Home Decor,Odisha,204,2
2024-01-18,Meesho,M8564,Electronics,Bihar,1155,3
2024-01-18,Meesho,M5519,Grocery,Haryana,1810,5
2024-01-18,Meesho,M7200,Clothes,Bihar,2968,4
2024-01-18,Meesho,M6473,Home Decor,Uttar Pradesh,1210,5
2024-01-18,Meesho,M7057,Clothes,Karnataka,1890,2
2024-01-18,Meesho,M5686,Electronics,Maharashtra,1347,3
2024-01-18,Meesho,M9148,Accessories,Delhi,2856,4
2024-01-18,Meesho,M3343,Home Decor,Telangana,4850,5
2024-01-19,Meesho,M5047,Electronics,West Bengal,2720,5
2024-01-19,Meesho,M4055,Home Decor,Jharkhand,1294,2
2024-01-19,Meesho,M9891,Grocery,Maharashtra,2190,3
2024-01-19,Meesho,M4789,Electronics,Jharkhand,402,3
2024-01-19,Meesho,M2921,Grocery,Jharkhand,1419,3
2024-01-19,Meesho,M4888,Accessories,Telangana,430,2
2024-01-19,Meesho,M9041,Home Decor,Kerala,444,3
2024-01-19,Meesho,M2821,Electronics,Chhattisgarh,1510,2
2024-01-19,Meesho,M9489,Accessories,Andhra Pradesh,738,3
2024-01-19,Meesho,M9180,Accessories,Uttarakhand,2250,3
2024-01-19,Meesho,M9158,Clothes,Tamil Nadu,1688,4
2024-01-19,Meesho,M1150,Home Decor,Assam,483,1
2024-01-19,Meesho,M1127,Home Decor,Uttarakhand,2997,3
2024-01-19,Meesho,M8970,Electronics,Jharkhand,525,1
2024-01-19,Meesho,M6183,Clothes,Jharkhand,1836,4
2024-01-19,Meesho,M7071,Grocery,West Bengal,1242,3
2024-01-19,Meesho,M5313,Electronics,Madhya Pradesh,3472,4
2024-01-19,Meesho,M9688,Clothes,Kerala,4365,5
2024-01-19,Meesho,M1178,Grocery,Odisha,769,1
2024-01-19,Meesho,M6777,Electronics,Haryana,858,2
2024-01-19,Meesho,M3374,Grocery,Kerala,380,2
2024-01-19,Meesho,M2332,Accessories,Punjab,1386,3
2024-01-19,Meesho,M6694,Grocery,Andhra Pradesh,1596,3
2024-01-19,Meesho,M8891,Accessories,Uttar Pradesh,1824,4
2024-01-19,Meesho,M7447,Grocery,Uttar Pradesh,1776,2
2024-01-19,Meesho,M6987,Clothes,Madhya Pradesh,810,5
2024-01-19,Meesho,M5159,Home Decor,Telangana,3148,4
2024-01-19,Meesho,M1713,Accessories,Chhattisgarh,1300,5
2024-01-20,Meesho,M1408,Grocery,Maharashtra,889,1
2024-01-20,Meesho,M5312,Electronics,Karnataka,121,1
2024-01-20,Meesho,M8108,Electronics,Maharashtra,433,1
2024-01-20,Meesho,M7260,Accessories,Maharashtra,3684,4
2024-01-20,Meesho,M7985,Electronics,Punjab,1555,5
2024-01-20,Meesho,M2628,Accessories,Uttar Pradesh,1580,5
2024-01-20,Meesho,M2827,Accessories,Kerala,1202,2
2024-01-20,Meesho,M1847,Accessories,Andhra Pradesh,3700,5
2024-01-20,Meesho,M5159,Grocery,Haryana,3320,4
2024-01-20,Meesho,M8218,Clothes,Telangana,299,1
2024-01-20,Meesho,M5592,Accessories,Karnataka,693,3
2024-01-20,Meesho,M2901,Accessories,Karnataka,316,1
2024-01-20,Meesho,M7820,Accessories,Gujarat,960,1
2024-01-20,Meesho,M4522,Electronics,Delhi,1758,2
2024-01-20,Meesho,M7068,Home Decor,Bihar,3456,4
2024-01-20,Meesho,M1480,Clothes,Rajasthan,3750,5
2024-01-20,Meesho,M3593,Accessories,Bihar,1482,3
2024-01-20,Meesho,M3918,Clothes,Assam,510,1
2024-01-20,Meesho,M2806,Grocery,Haryana,653,1
2024-01-20,Meesho,M3725,Electronics,Haryana,1892,2
2024-01-20,Meesho,M2243,Clothes,Jharkhand,3520,5
2024-01-20,Meesho,M3780,Grocery,Delhi,2056,4
2024-01-20,Meesho,M4066,Accessories,Telangana,2649,3
2024-01-20,Meesho,M8141,Accessories,Gujarat,1112,4
2024-01-20,Meesho,M2050,Accessories,Rajasthan,1264,4
2024-01-21,Meesho,M8137,Home Decor,Haryana,2130,5
2024-01-21,Meesho,M2666,Electronics,Chhattisgarh,837,3
2024-01-21,Meesho,M9572,Home Decor,Punjab,830,1
2024-01-21,Meesho,M7474,Accessories,Gujarat,376,2
2024-01-21,Meesho,M7134,Electronics,Delhi,739,1
2024-01-21,Meesho,M8618,Clothes,West Bengal,1760,5
2024-01-21,Meesho,M6831,Grocery,Madhya Pradesh,1370,2
2024-01-21,Meesho,M2784,Grocery,Karnataka,1344,4
2024-01-21,Meesho,M4634,Grocery,Tamil Nadu,3410,5
2024-01-21,Meesho,M6219,Accessories,Telangana,4695,5
2024-01-21,Meesho,M1692,Home Decor,Andhra Pradesh,652,2
2024-01-21,Meesho,M6842,Home Decor,Maharashtra,286,1
2024-01-21,Meesho,M8896,Clothes,Tamil Nadu,1830,5
2024-01-21,Meesho,M9958,Clothes,Maharashtra,3735,5
2024-01-21,Meesho,M9164,Home Decor,Madhya Pradesh,400,2
2024-01-21,Meesho,M8537,Home Decor,Tamil Nadu,1420,4
2024-01-21,Meesho,M1014,Accessories,Kerala,3365,5
2024-01-21,Meesho,M1325,Grocery,Kerala,1386,2
2024-01-21,Meesho,M9472,Electronics,Bihar,2670,5
2024-01-21,Meesho,M5691,Grocery,Assam,602,1
2024-01-21,Meesho,M2336,Accessories,Haryana,2100,4
2024-01-21,Meesho,M6627,Accessories,Tamil Nadu,230,2
2024-01-21,Meesho,M1281,Home Decor,Delhi,2061,3
2024-01-21,Meesho,M2481,Grocery,Madhya Pradesh,1746,3
2024-01-21,Meesho,M6951,Electronics,Rajasthan,2385,3
2024-01-21,Meesho,M8080,Grocery,Maharashtra,938,1
2024-01-21,Meesho,M3415,Electronics,Madhya Pradesh,1222,2
2024-01-21,Meesho,M7162,Home Decor,Assam,1018,2
2024-01-21,Meesho,M6826,Accessories,Chhattisgarh,1002,3
2024-01-21,Meesho,M2618,Grocery,Uttarakhand,2695,5
2024-01-21,Meesho,M4898,Electronics,Uttarakhand,1419,3
2024-01-21,Meesho,M5765,Clothes,Assam,680,5
2024-01-21,Meesho,M3837,Accessories,Uttarakhand,1212,3
2024-01-21,Meesho,M3075,Electronics,Punjab,3610,5
2024-01-21,Meesho,M2963,Home Decor,Punjab,2988,4
2024-01-22,Meesho,M2518,Grocery,Uttarakhand,1808,4
2024-01-22,Meesho,M2182,Grocery,Madhya Pradesh,3700,4
2024-01-22,Meesho,M4871,Accessories,Kerala,196,1
2024-01-22,Meesho,M5326,Electronics,Jharkhand,1528,2
2024-01-22,Meesho,M4906,Clothes,Delhi,1146,3
2024-01-22,Meesho,M8986,Clothes,Kerala,414,3
2024-01-22,Meesho,M5496,Home Decor,Telangana,1295,5
2024-01-22,Meesho,M6037,Grocery,Kerala,3150,5
2024-01-22,Meesho,M7891,Grocery,Haryana,1892,2
2024-01-22,Meesho,M7894,Electronics,Assam,1380,3
2024-01-22,Meesho,M1077,Electronics,Jharkhand,4995,5
2024-01-22,Meesho,M3552,Grocery,Uttarakhand,3460,5
2024-01-22,Meesho,M3362,Home Decor,Tamil Nadu,386,1
2024-01-22,Meesho,M9456,Clothes,Haryana,3280,5
2024-01-22,Meesho,M1439,Home Decor,Tamil Nadu,720,1
2024-01-22,Meesho,M4660,Accessories,Bihar,4625,5
2024-01-22,Meesho,M5489,Clothes,Maharashtra,399,3
2024-01-22,Meesho,M4029,Accessories,Tamil Nadu,3472,4
2024-01-22,Meesho,M1496,Home Decor,Delhi,668,2
2024-01-22,Meesho,M4827,Accessories,Chhattisgarh,624,4
2024-01-22,Meesho,M9531,Electronics,Rajasthan,1932,4
2024-01-22,Meesho,M7275,Electronics,Uttarakhand,868,2
2024-01-22,Meesho,M2671,Accessories,Odisha,970,5
2024-01-22,Meesho,M7437,Grocery,Punjab,718,1
2024-01-22,Meesho,M6897,Electronics,Odisha,896,4
2024-01-22,Meesho,M8781,Grocery,Maharashtra,488,1
2024-01-22,Meesho,M3204,Grocery,Uttarakhand,525,3
2024-01-22,Meesho,M3133,Clothes,Andhra Pradesh,1869,3
2024-01-22,Meesho,M2299,Accessories,Punjab,1532,2
2024-01-22,Meesho,M5663,Accessories,Maharashtra,1410,5
2024-01-22,Meesho,M8735,Grocery,Telangana,826,1
2024-01-22,Meesho,M8527,Clothes,Jharkhand,2847,3
2024-01-23,Meesho,M7420,Grocery,Uttarakhand,1860,3
2024-01-23,Meesho,M3708,Accessories,Jharkhand,449,1
2024-01-23,Meesho,M4978,Grocery,Maharashtra,1985,5
2024-01-23,Meesho,M7638,Electronics,Haryana,4000,4
2024-01-23,Meesho,M6620,Clothes,West Bengal,3000,3
2024-01-23,Meesho,M9865,Clothes,Madhya Pradesh,3220,5
2024-01-23,Meesho,M3231,Electronics,Kerala,1018,2
2024-01-23,Meesho,M1460,Electronics,Telangana,532,2
2024-01-23,Meesho,M9695,Grocery,Bihar,1636,2
2024-01-23,Meesho,M2250,Accessories,Haryana,390,3
2024-01-23,Meesho,M3741,Grocery,Kerala,130,1
2024-01-23,Meesho,M7107,Electronics,Odisha,3515,5
2024-01-23,Meesho,M2936,Grocery,Uttar Pradesh,507,3
2024-01-23,Meesho,M5610,Electronics,Chhattisgarh,202,2
2024-01-23,Meesho,M3821,Home Decor,Uttarakhand,2145,3
2024-01-23,Meesho,M5893,Accessories,Chhattisgarh,500,4
2024-01-23,Meesho,M7933,Accessories,Tamil Nadu,3928,4
2024-01-23,Meesho,M1135,Accessories,Uttar Pradesh,1386,3
2024-01-23,Meesho,M3595,Electronics,Assam,384,1
2024-01-23,Meesho,M9955,Home Decor,Punjab,1362,3
2024-01-23,Meesho,M4167,Clothes,Uttarakhand,557,1
2024-01-23,Meesho,M2252,Home Decor,Tamil Nadu,1536,3
2024-01-23,Meesho,M5809,Accessories,Maharashtra,3452,4
2024-01-23,Meesho,M5370,Accessories,Kerala,1308,2
2024-01-23,Meesho,M3069,Grocery,Uttarakhand,1137,3
2024-01-23,Meesho,M8267,Grocery,Delhi,1576,2
2024-01-23,Meesho,M5349,Grocery,Karnataka,288,1
2024-01-23,Meesho,M2063,Electronics,Odisha,499,1
2024-01-23,Meesho,M5340,Grocery,Odisha,4325,5
2024-01-23,Meesho,M2109,Clothes,Delhi,2292,4
2024-01-24,Meesho,M8647,Clothes,Gujarat,1230,5
2024-01-24,Meesho,M2219,Home Decor,Madhya Pradesh,748,2
2024-01-24,Meesho,M1908,Home Decor,Haryana,1551,3
2024-01-24,Meesho,M1213,Grocery,Telangana,2628,3
2024-01-24,Meesho,M3037,Accessories,Uttarakhand,1470,2
2024-01-24,Meesho,M3658,Accessories,Uttar Pradesh,501,1
2024-01-24,Meesho,M5475,Electronics,Jharkhand,513,3
2024-01-24,Meesho,M3421,Home Decor,Maharashtra,145,1
2024-01-24,Meesho,M1801,Accessories,Chhattisgarh,424,4
2024-01-24,Meesho,M5856,Electronics,Uttarakhand,927,3
2024-01-24,Meesho,M4580,Grocery,Delhi,1587,3
2024-01-24,Meesho,M9496,Clothes,Uttar Pradesh,3015,5
2024-01-24,Meesho,M8450,Accessories,West Bengal,1858,2
2024-01-24,Meesho,M9917,Accessories,Bihar,504,4
2024-01-24,Meesho,M1935,Electronics,Assam,2480,4
2024-01-24,Meesho,M3026,Clothes,Uttarakhand,236,2
2024-01-24,Meesho,M3541,Home Decor,Chhattisgarh,948,3
2024-01-24,Meesho,M5592,Clothes,Delhi,402,2
2024-01-24,Meesho,M5037,Grocery,Uttar Pradesh,372,1
2024-01-24,Meesho,M7064,Accessories,Uttarakhand,366,3
2024-01-24,Meesho,M6207,Grocery,Andhra Pradesh,891,1
2024-01-24,Meesho,M7506,Home Decor,Uttarakhand,1142,2
2024-01-24,Meesho,M9510,Clothes,Delhi,3652,4
2024-01-24,Meesho,M4424,Grocery,Haryana,2598,3
2024-01-24,Meesho,M5413,Electronics,Uttarakhand,1312,2
2024-01-24,Meesho,M3053,Accessories,Bihar,1156,2
2024-01-24,Meesho,M8842,Electronics,Madhya Pradesh,1724,4
2024-01-24,Meesho,M8905,Home Decor,West Bengal,2060,5
2024-01-24,Meesho,M4291,Grocery,Madhya Pradesh,1324,2
2024-01-24,Meesho,M5410,Grocery,Karnataka,830,5
2024-01-25,Meesho,M9997,Home Decor,Madhya Pradesh,1197,3
2024-01-25,Meesho,M9738,Electronics,Karnataka,1324,2
2024-01-25,Meesho,M6881,Clothes,West Bengal,4190,5
2024-01-25,Meesho,M1034,Electronics,Chhattisgarh,974,1
2024-01-25,Meesho,M9121,Electronics,Jharkhand,2922,3
2024-01-25,Meesho,M4808,Electronics,Kerala,2850,3
2024-01-25,Meesho,M8188,Electronics,Gujarat,660,1
2024-01-25,Meesho,M3644,Grocery,Jharkhand,746,1
2024-01-25,Meesho,M4527,Clothes,Jharkhand,2835,5
2024-01-25,Meesho,M1537,Electronics,Bihar,888,3
2024-01-25,Meesho,M6563,Accessories,Madhya Pradesh,287,1
2024-01-25,Meesho,M4698,Clothes,Bihar,107,1
2024-01-25,Meesho,M2733,Clothes,Odisha,1512,3
2024-01-25,Meesho,M8726,Home Decor,Chhattisgarh,2360,5
2024-01-25,Meesho,M1894,Electronics,Karnataka,1323,3
2024-01-25,Meesho,M9318,Electronics,Bihar,1030,5
2024-01-25,Meesho,M3809,Grocery,Kerala,346,2
2024-01-25,Meesho,M4006,Home Decor,Uttarakhand,740,1
2024-01-25,Meesho,M5876,Accessories,Tamil Nadu,3240,5
2024-01-25,Meesho,M3693,Accessories,Jharkhand,778,1
2024-01-25,Meesho,M4584,Clothes,Maharashtra,947,1
2024-01-25,Meesho,M1819,Home Decor,Uttar Pradesh,2228,4
2024-01-25,Meesho,M7636,Clothes,West Bengal,3912,4
2024-01-25,Meesho,M5757,Grocery,Punjab,1588,4
2024-01-26,Meesho,M7358,Grocery,Punjab,1220,2
2024-01-26,Meesho,M6530,Home Decor,Delhi,3035,5
2024-01-26,Meesho,M3585,Clothes,Assam,1340,4
2024-01-26,Meesho,M5436,Accessories,Maharashtra,468,2
2024-01-26,Meesho,M8676,Home Decor,Assam,240,1
2024-01-26,Meesho,M5879,Grocery,Punjab,2368,4
2024-01-26,Meesho,M1077,Accessories,Bihar,2385,3
2024-01-26,Meesho,M5508,Electronics,Haryana,1060,5
2024-01-26,Meesho,M5372,Grocery,Madhya Pradesh,718,1
2024-01-26,Meesho,M7047,Clothes,Uttarakhand,3800,5
2024-01-26,Meesho,M5914,Accessories,Assam,1232,4
2024-01-26,Meesho,M9881,Clothes,Delhi,2145,5
2024-01-26,Meesho,M2717,Clothes,Haryana,1382,2
2024-01-26,Meesho,M1061,Grocery,Rajasthan,3344,4
2024-01-26,Meesho,M3623,Grocery,Karnataka,1840,2
2024-01-26,Meesho,M7924,Home Decor,Chhattisgarh,1330,2
2024-01-26,Meesho,M2617,Home Decor,Bihar,852,2
2024-01-26,Meesho,M2542,Clothes,West Bengal,1872,2
2024-01-26,Meesho,M6177,Electronics,Kerala,388,1
2024-01-26,Meesho,M6093,Home Decor,Delhi,560,4
2024-01-26,Meesho,M3684,Electronics,Kerala,1208,2
2024-01-26,Meesho,M6378,Clothes,Bihar,408,2
2024-01-26,Meesho,M4047,Accessories,Rajasthan,1338,2
2024-01-26,Meesho,M7481,Clothes,Bihar,970,5
2024-01-26,Meesho,M2828,Electronics,Punjab,1554,2
2024-01-26,Meesho,M4708,Grocery,Maharashtra,1815,5
2024-01-26,Meesho,M7677,Home Decor,Uttar Pradesh,826,1
2024-01-27,Meesho,M7144,Home Decor,Punjab,809,1
2024-01-27,Meesho,M8658,Electronics,Uttar Pradesh,3835,5
2024-01-27,Meesho,M8377,Accessories,Tamil Nadu,1996,2
2024-01-27,Meesho,M9964,Accessories,Andhra Pradesh,3020,4
2024-01-27,Meesho,M8274,Home Decor,Uttar Pradesh,1316,2
2024-01-27,Meesho,M7335,Home Decor,Gujarat,2448,3
2024-01-27,Meesho,M4221,Clothes,West Bengal,2454,3
2024-01-27,Meesho,M4920,Accessories,Andhra Pradesh,555,5
2024-01-27,Meesho,M1241,Grocery,Bihar,1245,3
2024-01-27,Meesho,M2034,Electronics,Uttarakhand,732,1
2024-01-27,Meesho,M9031,Accessories,Maharashtra,928,2
2024-01-27,Meesho,M8621,Grocery,Tamil Nadu,777,3
2024-01-27,Meesho,M7370,Grocery,Madhya Pradesh,481,1
2024-01-27,Meesho,M8935,Grocery,Uttarakhand,4900,5
2024-01-27,Meesho,M7337,Clothes,Telangana,2400,5
2024-01-27,Meesho,M6534,Grocery,Rajasthan,1748,4
2024-01-27,Meesho,M5784,Clothes,Madhya Pradesh,558,1
2024-01-27,Meesho,M2103,Home Decor,Jharkhand,2995,5
2024-01-27,Meesho,M3368,Clothes,Uttar Pradesh,154,1
2024-01-27,Meesho,M1580,Grocery,Jharkhand,1167,3
2024-01-27,Meesho,M1023,Accessories,Tamil Nadu,1198,2
2024-01-27,Meesho,M2166,Clothes,Telangana,1556,4
2024-01-27,Meesho,M5646,Grocery,Maharashtra,471,3
2024-01-27,Meesho,M7494,Clothes,Gujarat,2012,4
2024-01-27,Meesho,M6724,Electronics,Uttarakhand,1924,2
2024-01-27,Meesho,M2546,Electronics,Odisha,4280,5
2024-01-27,Meesho,M5005,Grocery,Tamil Nadu,307,1
2024-01-27,Meesho,M2564,Accessories,Telangana,1098,2
2024-01-27,Meesho,M9923,Grocery,Rajasthan,2307,3
2024-01-27,Meesho,M5318,Accessories,Uttar Pradesh,2528,4
2024-01-27,Meesho,M7425,Grocery,Jharkhand,795,5
2024-01-27,Meesho,M1609,Electronics,Tamil Nadu,1928,2
2024-01-27,Meesho,M3743,Accessories,Maharashtra,1428,3
2024-01-27,Meesho,M3891,Accessories,Rajasthan,2396,4
2024-01-28,Meesho,M5067,Accessories,Bihar,1504,2
2024-01-28,Meesho,M7378,Home Decor,Uttarakhand,3472,4
2024-01-28,Meesho,M1863,Grocery,Uttar Pradesh,948,2
2024-01-28,Meesho,M9644,Home Decor,Punjab,2817,3
2024-01-28,Meesho,M2216,Home Decor,Kerala,1948,2
2024-01-28,Meesho,M5006,Home Decor,Maharashtra,662,1
2024-01-28,Meesho,M8137,Home Decor,Jharkhand,2648,4
2024-01-28,Meesho,M8484,Clothes,Rajasthan,1682,2
2024-01-28,Meesho,M6605,Accessories,Rajasthan,2250,3
2024-01-28,Meesho,M3628,Accessories,Uttarakhand,1136,4
2024-01-28,Meesho,M4261,Clothes,Jharkhand,960,5
2024-01-28,Meesho,M2009,Clothes,Haryana,1946,2
2024-01-28,Meesho,M5122,Clothes,Chhattisgarh,4765,5
2024-01-28,Meesho,M2440,Accessories,Assam,382,2
2024-01-28,Meesho,M2390,Electronics,Assam,900,4
2024-01-28,Meesho,M6036,Electronics,Uttarakhand,476,1
2024-01-28,Meesho,M2957,Home Decor,Assam,1504,4
2024-01-28,Meesho,M3990,Accessories,Karnataka,833,1
2024-01-28,Meesho,M4918,Clothes,Tamil Nadu,3590,5
2024-01-28,Meesho,M1565,Home Decor,Haryana,1290,3
2024-01-28,Meesho,M7874,Accessories,West Bengal,264,1
2024-01-28,Meesho,M9663,Home Decor,Assam,804,1
2024-01-28,Meesho,M8946,Electronics,Gujarat,2280,4
2024-01-28,Meesho,M5833,Clothes,Chhattisgarh,1912,4
2024-01-28,Meesho,M7111,Electronics,Rajasthan,1628,4
2024-01-28,Meesho,M3295,Electronics,Punjab,939,3
2024-01-28,Meesho,M4714,Clothes,Gujarat,1450,2
2024-01-28,Meesho,M6350,Home Decor,Jharkhand,1576,4
2024-01-28,Meesho,M2517,Grocery,Andhra Pradesh,630,5
2024-01-28,Meesho,M6842,Accessories,Chhattisgarh,1662,2
2024-01-28,Meesho,M5872,Grocery,Assam,588,2
2024-01-28,Meesho,M9916,Accessories,Bihar,659,1
2024-01-28,Meesho,M9429,Clothes,Jharkhand,875,5
2024-01-28,Meesho,M3682,Accessories,West Bengal,3445,5
2024-01-28,Meesho,M5028,Accessories,Uttarakhand,1509,3
2024-01-28,Meesho,M5495,Home Decor,Gujarat,451,1
2024-01-28,Meesho,M6308,Accessories,Gujarat,536,2
2024-01-28,Meesho,M1629,Accessories,Assam,850,5
2024-01-29,Meesho,M4430,Accessories,Karnataka,1350,2
2024-01-29,Meesho,M1312,Clothes,Bihar,2660,5
2024-01-29,Meesho,M3387,Accessories,Uttar Pradesh,1154,2
2024-01-29,Meesho,M4067,Electronics,Andhra Pradesh,1022,2
2024-01-29,Meesho,M3042,Electronics,Odisha,509,1
2024-01-29,Meesho,M7090,Clothes,Rajasthan,1542,2
2024-01-29,Meesho,M4616,Clothes,Andhra Pradesh,318,3
2024-01-29,Meesho,M1804,Electronics,Telangana,965,5
2024-01-29,Meesho,M3323,Clothes,Chhattisgarh,732,3
2024-01-29,Meesho,M5895,Accessories,Bihar,1092,2
2024-01-29,Meesho,M4338,Accessories,West Bengal,1275,3
2024-01-29,Meesho,M4439,Home Decor,Haryana,4545,5
2024-01-29,Meesho,M7429,Electronics,West Bengal,555,3
2024-01-29,Meesho,M8821,Grocery,Madhya Pradesh,3580,4
2024-01-29,Meesho,M3975,Electronics,Madhya Pradesh,3352,4
2024-01-29,Meesho,M7188,Home Decor,Karnataka,1585,5
2024-01-29,Meesho,M6817,Accessories,West Bengal,460,1
2024-01-29,Meesho,M1766,Clothes,Maharashtra,438,2
2024-01-29,Meesho,M2481,Clothes,Madhya Pradesh,1020,4
2024-01-29,Meesho,M7005,Home Decor,Delhi,1922,2
2024-01-29,Meesho,M2960,Electronics,Uttar Pradesh,1432,2
2024-01-29,Meesho,M2523,Grocery,Punjab,2346,3
2024-01-29,Meesho,M8230,Clothes,Chhattisgarh,321,3
2024-01-29,Meesho,M7469,Grocery,Madhya Pradesh,2804,4
2024-01-29,Meesho,M6628,Grocery,Delhi,1956,3
2024-01-29,Meesho,M6655,Grocery,Assam,456,2
2024-01-29,Meesho,M1449,Grocery,Kerala,1792,2
2024-01-29,Meesho,M6773,Clothes,West Bengal,1832,2
2024-01-29,Meesho,M3344,Home Decor,Chhattisgarh,544,4
2024-01-30,Meesho,M9389,Clothes,Odisha,4220,5
2024-01-30,Meesho,M3787,Clothes,Kerala,1968,4
2024-01-30,Meesho,M4968,Home Decor,Rajasthan,1588,2
2024-01-30,Meesho,M6176,Electronics,Jharkhand,3700,5
2024-01-30,Meesho,M7346,Clothes,Chhattisgarh,2432,4
2024-01-30,Meesho,M4941,Clothes,Tamil Nadu,2358,3
2024-01-30,Meesho,M5435,Accessories,Chhattisgarh,3716,4
2024-01-30,Meesho,M3858,Grocery,Andhra Pradesh,1192,4
2024-01-30,Meesho,M6466,Clothes,Kerala,1178,2
2024-01-30,Meesho,M1272,Clothes,Haryana,3440,4
2024-01-30,Meesho,M1266,Accessories,Odisha,502,1
2024-01-30,Meesho,M1528,Clothes,Karnataka,1995,3
2024-01-30,Meesho,M1936,Electronics,Punjab,1852,2
2024-01-30,Meesho,M3430,Electronics,Maharashtra,1400,5
2024-01-30,Meesho,M2034,Home Decor,Andhra Pradesh,948,2
2024-01-30,Meesho,M2723,Clothes,Andhra Pradesh,1488,4
2024-01-30,Meesho,M1380,Accessories,Jharkhand,2900,5
2024-01-30,Meesho,M6484,Grocery,Tamil Nadu,4145,5
2024-01-30,Meesho,M3688,Clothes,Delhi,716,1
2024-01-30,Meesho,M3074,Home Decor,West Bengal,298,2
2024-01-30,Meesho,M1382,Home Decor,West Bengal,2480,5
2024-01-30,Meesho,M1133,Accessories,Karnataka,445,1
2024-01-30,Meesho,M4657,Electronics,Delhi,792,1
2024-01-30,Meesho,M2047,Accessories,Kerala,586,2
2024-01-30,Meesho,M2316,Accessories,Haryana,1032,4
2024-01-30,Meesho,M3334,Home Decor,Maharashtra,3875,5
2024-01-30,Meesho,M2131,Accessories,Tamil Nadu,941,1
2024-01-30,Meesho,M5589,Clothes,Maharashtra,553,1
2024-01-30,Meesho,M2157,Clothes,Chhattisgarh,907,1
2024-01-30,Meesho,M6377,Home Decor,Chhattisgarh,2004,4
2024-01-30,Meesho,M4242,Electronics,Rajasthan,1650,2
2024-01-30,Meesho,M5367,Accessories,Madhya Pradesh,1053,3
2024-01-30,Meesho,M6531,Electronics,Rajasthan,958,2
2024-01-30,Meesho,M5090,Home Decor,Haryana,2625,3
2024-01-30,Meesho,M2860,Grocery,Rajasthan,1455,5
2024-01-31,Meesho,M5389,Electronics,Punjab,1146,2
2024-01-31,Meesho,M6241,Electronics,West Bengal,1160,2
2024-01-31,Meesho,M7053,Home Decor,Delhi,800,1
2024-01-31,Meesho,M5216,Accessories,Bihar,1419,3
2024-01-31,Meesho,M6371,Accessories,Madhya Pradesh,1212,2
2024-01-31,Meesho,M5318,Electronics,Jharkhand,1821,3
2024-01-31,Meesho,M8985,Grocery,Uttar Pradesh,428,2
2024-01-31,Meesho,M3084,Home Decor,Punjab,298,2
2024-01-31,Meesho,M5036,Clothes,Bihar,3636,4
2024-01-31,Meesho,M7176,Electronics,Rajasthan,700,1
2024-01-31,Meesho,M9097,Electronics,Haryana,2545,5
2024-01-31,Meesho,M9533,Accessories,Punjab,4100,5
2024-01-31,Meesho,M7168,Clothes,Punjab,2772,3
2024-01-31,Meesho,M1108,Electronics,Gujarat,2180,5
2024-01-31,Meesho,M8114,Accessories,Assam,1604,2
2024-01-31,Meesho,M8834,Home Decor,Delhi,591,3
2024-01-31,Meesho,M2386,Grocery,Haryana,1044,3
2024-01-31,Meesho,M5978,Grocery,Uttarakhand,622,2
2024-01-31,Meesho,M6668,Clothes,Madhya Pradesh,225,1
2024-01-31,Meesho,M7091,Accessories,Gujarat,2622,3
2024-01-31,Meesho,M1467,Home Decor,Odisha,513,3
2024-01-31,Meesho,M6979,Grocery,Tamil Nadu,2919,3
2024-01-31,Meesho,M1723,Home Decor,Gujarat,1436,4
2024-01-31,Meesho,M4498,Electronics,Punjab,1071,3
2024-01-31,Meesho,M8317,Electronics,Chhattisgarh,1173,3
2024-01-31,Meesho,M1076,Accessories,Chhattisgarh,2271,3
2024-01-31,Meesho,M4175,Clothes,West Bengal,873,3
2024-01-31,Meesho,M8646,Clothes,Delhi,200,2
2024-01-31,Meesho,M6658,Home Decor,Punjab,4260,5
2024-01-31,Meesho,M9935,Grocery,Jharkhand,1696,2
2024-01-31,Meesho,M3306,Accessories,Uttar Pradesh,1596,3
2024-01-31,Meesho,M3026,Accessories,Delhi,428,2
2024-01-31,Meesho,M3371,Home Decor,Punjab,2600,4
2024-01-31,Meesho,M3924,Clothes,Karnataka,1155,5
2024-01-31,Meesho,M6892,Home Decor,Delhi,1156,2
2024-01-31,Meesho,M7407,Home Decor,Telangana,2980,5
2024-02-01,Meesho,M6948,Electronics,Rajasthan,1050,2
2024-02-01,Meesho,M9141,Home Decor,Haryana,2535,3
2024-02-01,Meesho,M8135,Accessories,Jharkhand,3500,4
2024-02-01,Meesho,M3457,Accessories,Kerala,500,4
2024-02-01,Meesho,M8636,Accessories,Jharkhand,1620,2
2024-02-01,Meesho,M6951,Clothes,Uttarakhand,4740,5
2024-02-01,Meesho,M8132,Clothes,Bihar,2781,3
2024-02-01,Meesho,M8270,Accessories,West Bengal,1485,5
2024-02-01,Meesho,M4677,Home Decor,Delhi,406,1
2024-02-01,Meesho,M1089,Grocery,Gujarat,552,3
2024-02-01,Meesho,M7260,Grocery,Haryana,2305,5
2024-02-01,Meesho,M8713,Home Decor,Assam,389,1
2024-02-01,Meesho,M5932,Clothes,Maharashtra,2193,3
2024-02-01,Meesho,M9115,Grocery,Uttarakhand,222,2
2024-02-01,Meesho,M7004,Clothes,Tamil Nadu,2665,5
2024-02-01,Meesho,M1682,Clothes,Andhra Pradesh,2056,4
2024-02-01,Meesho,M5778,Electronics,Tamil Nadu,2404,4
2024-02-01,Meesho,M1560,Clothes,Uttar Pradesh,4400,5
2024-02-01,Meesho,M5584,Clothes,Gujarat,702,2
2024-02-01,Meesho,M1474,Clothes,Delhi,2496,3
2024-02-01,Meesho,M7515,Grocery,Telangana,1218,2
2024-02-01,Meesho,M9109,Electronics,Assam,1858,2
2024-02-01,Meesho,M9182,Grocery,Rajasthan,852,1
2024-02-01,Meesho,M5797,Electronics,Punjab,1952,4
2024-02-01,Meesho,M4438,Clothes,Chhattisgarh,1975,5
2024-02-01,Meesho,M6147,Grocery,Jharkhand,402,2
2024-02-01,Meesho,M2585,Electronics,Kerala,3488,4
2024-02-02,Meesho,M3172,Electronics,Assam,3975,5
2024-02-02,Meesho,M2588,Home Decor,Telangana,152,1
2024-02-02,Meesho,M4224,Electronics,West Bengal,436,2
2024-02-02,Meesho,M1297,Home Decor,Assam,369,3
2024-02-02,Meesho,M9658,Grocery,Bihar,1672,2
2024-02-02,Meesho,M3868,Electronics,Andhra Pradesh,1450,2
2024-02-02,Meesho,M4757,Home Decor,Gujarat,3176,4
2024-02-02,Meesho,M3772,Home Decor,Delhi,4220,5
2024-02-02,Meesho,M5717,Grocery,Andhra Pradesh,492,3
2024-02-02,Meesho,M6405,Accessories,Karnataka,1010,5
2024-02-02,Meesho,M2498,Home Decor,Uttarakhand,764,2
2024-02-02,Meesho,M7199,Clothes,Karnataka,762,3
2024-02-02,Meesho,M8960,Home Decor,Gujarat,2848,4
2024-02-02,Meesho,M2508,Accessories,Chhattisgarh,1670,2
2024-02-02,Meesho,M2049,Clothes,Kerala,1648,2
2024-02-02,Meesho,M1428,Clothes,Telangana,4300,5
2024-02-02,Meesho,M6489,Home Decor,Odisha,1832,4
2024-02-02,Meesho,M7112,Electronics,Rajasthan,1239,3
2024-02-02,Meesho,M3242,Electronics,Haryana,3112,4
2024-02-02,Meesho,M8473,Home Decor,West Bengal,461,1
2024-02-02,Meesho,M8733,Clothes,Punjab,3744,4
2024-02-02,Meesho,M1573,Electronics,Madhya Pradesh,895,5
2024-02-02,Meesho,M8691,Home Decor,Kerala,664,2
2024-02-02,Meesho,M7710,Clothes,Assam,582,2
2024-02-02,Meesho,M4252,Electronics,Maharashtra,412,2
2024-02-02,Meesho,M9743,Home Decor,Punjab,893,1
2024-02-02,Meesho,M2720,Accessories,Jharkhand,690,1
2024-02-02,Meesho,M8997,Electronics,Haryana,379,1
2024-02-03,Meesho,M5945,Accessories,Chhattisgarh,2472,4
2024-02-03,Meesho,M6205,Accessories,Odisha,819,3
2024-02-03,Meesho,M3155,Clothes,Rajasthan,718,1
2024-02-03,Meesho,M8118,Home Decor,Delhi,1576,2
2024-02-03,Meesho,M2130,Accessories,Punjab,2391,3
2024-02-03,Meesho,M7660,Grocery,Tamil Nadu,1767,3
2024-02-03,Meesho,M7821,Home Decor,Tamil Nadu,2130,3
2024-02-03,Meesho,M6050,Clothes,Karnataka,2676,3
2024-02-03,Meesho,M3638,Home Decor,Gujarat,1754,2
2024-02-03,Meesho,M6681,Home Decor,Telangana,1620,4
2024-02-03,Meesho,M8578,Grocery,Tamil Nadu,932,4
2024-02-03,Meesho,M6737,Accessories,Andhra Pradesh,3988,4
2024-02-03,Meesho,M8619,Home Decor,Madhya Pradesh,971,1
2024-02-03,Meesho,M7977,Clothes,Odisha,906,1
2024-02-03,Meesho,M4665,Home Decor,Kerala,454,2
2024-02-03,Meesho,M2779,Electronics,Andhra Pradesh,1348,2
2024-02-03,Meesho,M7135,Electronics,Uttarakhand,2510,5
2024-02-03,Meesho,M8461,Grocery,Uttar Pradesh,2625,3
2024-02-03,Meesho,M7959,Grocery,Rajasthan,2790,3
2024-02-03,Meesho,M8661,Electronics,Uttar Pradesh,556,2
2024-02-03,Meesho,M5343,Accessories,Andhra Pradesh,2220,4
2024-02-03,Meesho,M7496,Accessories,Odisha,796,2
2024-02-03,Meesho,M9411,Clothes,Jharkhand,176,1
2024-02-03,Meesho,M6377,Clothes,Assam,1428,3
2024-02-03,Meesho,M6656,Electronics,Odisha,567,3
2024-02-03,Meesho,M8451,Accessories,Chhattisgarh,1995,3
2024-02-03,Meesho,M1425,Grocery,Odisha,3385,5
2024-02-03,Meesho,M7884,Clothes,Rajasthan,1406,2
2024-02-03,Meesho,M1555,Grocery,Delhi,655,1
2024-02-03,Meesho,M2433,Clothes,Karnataka,2385,5
2024-02-03,Meesho,M8516,Electronics,Tamil Nadu,366,1
2024-02-03,Meesho,M4711,Home Decor,Odisha,2124,3
2024-02-03,Meesho,M7967,Home Decor,Jharkhand,176,1
2024-02-03,Meesho,M3267,Home Decor,Jharkhand,1072,4
2024-02-03,Meesho,M9607,Home Decor,Punjab,1152,4
2024-02-03,Meesho,M4691,Home Decor,Karnataka,876,2
2024-02-03,Meesho,M2289,Grocery,Madhya Pradesh,1281,3
2024-02-03,Meesho,M9111,Electronics,Maharashtra,372,2
2024-02-03,Meesho,M6758,Accessories,Maharashtra,1084,2
2024-02-04,Meesho,M6652,Home Decor,Uttar Pradesh,830,5
2024-02-04,Meesho,M2465,Home Decor,Karnataka,1416,2
2024-02-04,Meesho,M4631,Electronics,Madhya Pradesh,1743,3
2024-02-04,Meesho,M2907,Electronics,West Bengal,1560,2
2024-02-04,Meesho,M9939,Accessories,Andhra Pradesh,490,2
2024-02-04,Meesho,M2682,Clothes,Odisha,2577,3
2024-02-04,Meesho,M3128,Home Decor,Kerala,4770,5
2024-02-04,Meesho,M4428,Grocery,Uttar Pradesh,918,3
2024-02-04,Meesho,M5246,Grocery,Chhattisgarh,1605,5
2024-02-04,Meesho,M7851,Grocery,Assam,272,1
2024-02-04,Meesho,M8048,Accessories,Haryana,337,1
2024-02-04,Meesho,M1975,Grocery,Madhya Pradesh,2997,3
2024-02-04,Meesho,M9878,Home Decor,Punjab,899,1
2024-02-04,Meesho,M1219,Home Decor,Madhya Pradesh,679,1
2024-02-04,Meesho,M1833,Clothes,Punjab,650,2
2024-02-04,Meesho,M4404,Electronics,Tamil Nadu,402,1
2024-02-04,Meesho,M2200,Grocery,Maharashtra,1498,2
2024-02-04,Meesho,M9623,Home Decor,Bihar,3240,4
2024-02-04,Meesho,M1490,Accessories,Rajasthan,1794,2
2024-02-04,Meesho,M2624,Home Decor,Tamil Nadu,1614,2
2024-02-04,Meesho,M7970,Accessories,Punjab,915,3
2024-02-04,Meesho,M2705,Home Decor,Telangana,806,1
2024-02-04,Meesho,M1708,Clothes,Kerala,835,1
2024-02-04,Meesho,M5222,Clothes,Haryana,1398,2
2024-02-04,Meesho,M2796,Accessories,Haryana,4870,5
2024-02-04,Meesho,M1551,Clothes,Delhi,4540,5
2024-02-04,Meesho,M9057,Accessories,Maharashtra,3095,5
2024-02-04,Meesho,M6719,Grocery,Andhra Pradesh,2223,3
2024-02-04,Meesho,M5891,Home Decor,Rajasthan,822,1
2024-02-04,Meesho,M4683,Home Decor,Karnataka,1124,4
2024-02-04,Meesho,M1176,Home Decor,Chhattisgarh,1265,5
2024-02-04,Meesho,M2182,Grocery,Kerala,1970,5
2024-02-04,Meesho,M5717,Electronics,Uttarakhand,798,1
2024-02-04,Meesho,M8120,Electronics,Bihar,4310,5
2024-02-04,Meesho,M2716,Home Decor,Telangana,357,3
2024-02-04,Meesho,M9492,Home Decor,Karnataka,4745,5
2024-02-05,Meesho,M1883,Clothes,Uttar Pradesh,133,1
2024-02-05,Meesho,M4277,Accessories,Gujarat,832,4
2024-02-05,Meesho,M3531,Clothes,Gujarat,2875,5
2024-02-05,Meesho,M1243,Electronics,Kerala,1064,2
2024-02-05,Meesho,M1209,Clothes,Madhya Pradesh,2165,5
2024-02-05,Meesho,M1459,Clothes,Punjab,713,1
2024-02-05,Meesho,M2369,Home Decor,Chhattisgarh,897,1
2024-02-05,Meesho,M7307,Accessories,Punjab,1743,3
2024-02-05,Meesho,M9765,Electronics,Maharashtra,1292,2
2024-02-05,Meesho,M5178,Home Decor,Uttarakhand,1904,4
2024-02-05,Meesho,M3833,Electronics,Madhya Pradesh,1106,2
2024-02-05,Meesho,M5439,Home Decor,Jharkhand,772,2
2024-02-05,Meesho,M9588,Home Decor,Gujarat,732,3
2024-02-05,Meesho,M1544,Grocery,Maharashtra,179,1
2024-02-05,Meesho,M1298,Home Decor,Odisha,2403,3
2024-02-05,Meesho,M8989,Home Decor,Karnataka,2340,4
2024-02-05,Meesho,M6673,Home Decor,Andhra Pradesh,2847,3
2024-02-05,Meesho,M4598,Accessories,Andhra Pradesh,3240,5
2024-02-05,Meesho,M1378,Electronics,Rajasthan,467,1
2024-02-05,Meesho,M5099,Electronics,Maharashtra,470,1
2024-02-06,Meesho,M8811,Home Decor,Karnataka,979,1
2024-02-06,Meesho,M4576,Grocery,Tamil Nadu,1890,2
2024-02-06,Meesho,M3984,Electronics,Tamil Nadu,390,1
2024-02-06,Meesho,M4084,Grocery,Chhattisgarh,2000,4
2024-02-06,Meesho,M6158,Accessories,Uttar Pradesh,1077,3
2024-02-06,Meesho,M6279,Accessories,Uttarakhand,764,2
2024-02-06,Meesho,M5765,Home Decor,Karnataka,1106,2
2024-02-06,Meesho,M5516,Grocery,Telangana,1368,2
2024-02-06,Meesho,M8435,Electronics,Bihar,1378,2
2024-02-06,Meesho,M4381,Accessories,Haryana,1982,2
2024-02-06,Meesho,M9909,Clothes,Odisha,3290,5
2024-02-06,Meesho,M3600,Home Decor,Maharashtra,1504,2
2024-02-06,Meesho,M4755,Home Decor,Karnataka,321,1
2024-02-06,Meesho,M1322,Clothes,Rajasthan,2168,4
2024-02-06,Meesho,M9474,Electronics,Punjab,2360,5
2024-02-06,Meesho,M7200,Clothes,Telangana,1782,3
2024-02-06,Meesho,M4953,Clothes,Telangana,860,1
2024-02-06,Meesho,M5511,Electronics,Karnataka,4300,5
2024-02-06,Meesho,M7471,Home Decor,Delhi,2165,5
2024-02-06,Meesho,M1138,Grocery,Karnataka,1658,2
2024-02-06,Meesho,M6819,Clothes,Andhra Pradesh,2420,4
2024-02-06,Meesho,M4188,Clothes,Karnataka,1832,4
2024-02-06,Meesho,M7510,Accessories,Jharkhand,3185,5
2024-02-06,Meesho,M3606,Electronics,Chhattisgarh,2864,4
2024-02-06,Meesho,M2794,Accessories,Karnataka,4815,5
2024-02-06,Meesho,M1842,Grocery,Karnataka,1844,2
2024-02-06,Meesho,M7429,Electronics,Assam,2112,3
2024-02-06,Meesho,M1616,Grocery,Delhi,501,3
2024-02-06,Meesho,M4393,Accessories,Bihar,2812,4
2024-02-06,Meesho,M8506,Accessories,Madhya Pradesh,454,1
2024-02-06,Meesho,M2944,Home Decor,Kerala,684,1
2024-02-06,Meesho,M2350,Electronics,Madhya Pradesh,3416,4
2024-02-07,Meesho,M8658,Clothes,Bihar,1020,2
2024-02-07,Meesho,M3729,Clothes,Maharashtra,567,3
2024-02-07,Meesho,M4289,Grocery,West Bengal,522,2
2024-02-07,Meesho,M4882,Grocery,Delhi,558,2
2024-02-07,Meesho,M2391,Home Decor,Gujarat,477,3
2024-02-07,Meesho,M1316,Electronics,Kerala,3800,4
2024-02-07,Meesho,M1210,Accessories,Telangana,4885,5
2024-02-07,Meesho,M9799,Home Decor,Andhra Pradesh,2088,3
2024-02-07,Meesho,M5230,Clothes,West Bengal,3620,4
2024-02-07,Meesho,M2560,Home Decor,Rajasthan,684,1
2024-02-07,Meesho,M1183,Home Decor,Telangana,824,1
2024-02-07,Meesho,M7799,Electronics,Kerala,585,1
2024-02-07,Meesho,M4837,Grocery,West Bengal,886,2
2024-02-07,Meesho,M6565,Grocery,Gujarat,752,1
2024-02-07,Meesho,M4761,Accessories,Odisha,2090,5
2024-02-07,Meesho,M4161,Home Decor,Uttar Pradesh,1426,2
2024-02-07,Meesho,M9512,Electronics,Telangana,2022,3
2024-02-07,Meesho,M3863,Clothes,Tamil Nadu,1392,4
2024-02-07,Meesho,M4777,Electronics,Punjab,1612,2
2024-02-07,Meesho,M8043,Home Decor,Kerala,893,1
2024-02-07,Meesho,M9465,Accessories,Odisha,743,1
2024-02-07,Meesho,M1576,Grocery,Madhya Pradesh,155,1
2024-02-07,Meesho,M9470,Electronics,Assam,1926,3
2024-02-07,Meesho,M3294,Accessories,Punjab,357,3
2024-02-07,Meesho,M9727,Home Decor,Uttarakhand,2352,3
2024-02-07,Meesho,M9444,Grocery,Kerala,3605,5
2024-02-07,Meesho,M8843,Accessories,Rajasthan,1120,5
2024-02-07,Meesho,M6673,Home Decor,Punjab,2574,3
2024-02-07,Meesho,M5666,Clothes,Uttarakhand,1005,3
2024-02-07,Meesho,M6713,Home Decor,Assam,2991,3
2024-02-07,Meesho,M1485,Clothes,Karnataka,3684,4
2024-02-07,Meesho,M8359,Clothes,Assam,2148,4
2024-02-07,Meesho,M8921,Clothes,Uttar Pradesh,825,3
2024-02-07,Meesho,M6579,Clothes,Punjab,4390,5
2024-02-07,Meesho,M9714,Grocery,Tamil Nadu,337,1
2024-02-07,Meesho,M8827,Grocery,Gujarat,477,3
2024-02-07,Meesho,M1316,Accessories,Haryana,868,4
2024-02-07,Meesho,M4854,Electronics,Uttarakhand,1320,4
2024-02-07,Meesho,M9956,Electronics,Karnataka,1935,5
2024-02-08,Meesho,M5671,Accessories,Rajasthan,1262,2
2024-02-08,Meesho,M9524,Clothes,Assam,3465,5
2024-02-08,Meesho,M2831,Accessories,Delhi,4655,5
2024-02-08,Meesho,M7649,Home Decor,Punjab,700,2
2024-02-08,Meesho,M9676,Electronics,Haryana,1396,2
2024-02-08,Meesho,M1569,Grocery,Maharashtra,1258,2
2024-02-08,Meesho,M4643,Grocery,Kerala,151,1
2024-02-08,Meesho,M1889,Home Decor,West Bengal,912,4
2024-02-08,Meesho,M9097,Grocery,Punjab,2043,3
2024-02-08,Meesho,M9129,Home Decor,Maharashtra,1696,4
2024-02-08,Meesho,M3902,Grocery,Odisha,4385,5
2024-02-08,Meesho,M1451,Accessories,Gujarat,1364,4
2024-02-08,Meesho,M9998,Grocery,Assam,646,2
2024-02-08,Meesho,M2206,Electronics,Uttarakhand,1600,2
2024-02-08,Meesho,M9428,Accessories,Punjab,2250,5
2024-02-08,Meesho,M9440,Accessories,Karnataka,2127,3
2024-02-08,Meesho,M3384,Electronics,Odisha,1330,5
2024-02-08,Meesho,M3794,Home Decor,Punjab,657,3
2024-02-08,Meesho,M8728,Clothes,Odisha,738,1
2024-02-08,Meesho,M4804,Accessories,West Bengal,835,5
2024-02-08,Meesho,M2423,Electronics,Karnataka,995,5
2024-02-08,Meesho,M1520,Home Decor,Punjab,687,1
2024-02-08,Meesho,M9801,Accessories,Tamil Nadu,1000,1
2024-02-09,Meesho,M5357,Clothes,Haryana,378,1
2024-02-09,Meesho,M2010,Home Decor,Punjab,745,1
2024-02-09,Meesho,M3427,Electronics,Delhi,1225,5
2024-02-09,Meesho,M7590,Grocery,Punjab,468,4
2024-02-09,Meesho,M2781,Clothes,Chhattisgarh,2541,3
2024-02-09,Meesho,M6295,Clothes,Haryana,2673,3
2024-02-09,Meesho,M2974,Clothes,Kerala,3020,5
2024-02-09,Meesho,M1090,Electronics,Andhra Pradesh,3616,4
2024-02-09,Meesho,M1775,Clothes,Maharashtra,2379,3
2024-02-09,Meesho,M2796,Accessories,Delhi,4060,5
2024-02-09,Meesho,M1641,Electronics,Gujarat,1836,3
2024-02-09,Meesho,M9370,Accessories,Jharkhand,1402,2
2024-02-09,Meesho,M6651,Grocery,Uttarakhand,4425,5
2024-02-09,Meesho,M4004,Home Decor,Uttarakhand,308,1
2024-02-09,Meesho,M3879,Grocery,Delhi,412,4
2024-02-09,Meesho,M6551,Home Decor,Madhya Pradesh,3970,5
2024-02-09,Meesho,M5288,Accessories,Uttar Pradesh,735,3
2024-02-09,Meesho,M3985,Accessories,Madhya Pradesh,851,1
2024-02-09,Meesho,M2218,Electronics,Bihar,874,2
2024-02-09,Meesho,M5719,Accessories,Punjab,1310,2
2024-02-09,Meesho,M4153,Electronics,West Bengal,2440,5
2024-02-09,Meesho,M1771,Accessories,Uttarakhand,2013,3
2024-02-09,Meesho,M1691,Home Decor,Andhra Pradesh,572,4
2024-02-09,Meesho,M6856,Home Decor,Jharkhand,3536,4
2024-02-09,Meesho,M6655,Clothes,Andhra Pradesh,926,1
2024-02-09,Meesho,M3422,Grocery,West Bengal,2451,3
2024-02-09,Meesho,M4330,Accessories,Uttarakhand,684,2
2024-02-09,Meesho,M9630,Home Decor,Rajasthan,1432,2
2024-02-09,Meesho,M2254,Home Decor,Madhya Pradesh,3545,5
2024-02-09,Meesho,M9085,Clothes,Maharashtra,2432,4
2024-02-09,Meesho,M3603,Home Decor,Uttarakhand,678,2
2024-02-09,Meesho,M7818,Electronics,Tamil Nadu,3084,4
2024-02-09,Meesho,M8141,Electronics,Karnataka,2061,3
2024-02-09,Meesho,M9793,Clothes,Telangana,1988,4
2024-02-09,Meesho,M4131,Clothes,Telangana,4550,5
2024-02-09,Meesho,M5272,Electronics,Assam,4820,5
2024-02-09,Meesho,M6336,Clothes,Kerala,267,1
2024-02-09,Meesho,M1267,Clothes,Karnataka,730,1
2024-02-10,Meesho,M4612,Electronics,Gujarat,3630,5
2024-02-10,Meesho,M1249,Home Decor,Assam,3640,5
2024-02-10,Meesho,M7492,Clothes,Odisha,1896,3
2024-02-10,Meesho,M1091,Home Decor,Uttar Pradesh,386,2
2024-02-10,Meesho,M8190,Grocery,Chhattisgarh,1225,5
2024-02-10,Meesho,M8404,Grocery,Telangana,187,1
2024-02-10,Meesho,M1714,Accessories,Gujarat,528,4
2024-02-10,Meesho,M6954,Clothes,Madhya Pradesh,1128,4
2024-02-10,Meesho,M3022,Grocery,Andhra Pradesh,3916,4
2024-02-10,Meesho,M3402,Accessories,Jharkhand,1800,5
2024-02-10,Meesho,M9465,Accessories,Delhi,1272,2
2024-02-10,Meesho,M2560,Accessories,Tamil Nadu,4955,5
2024-02-10,Meesho,M5487,Clothes,Maharashtra,3292,4
2024-02-10,Meesho,M1087,Electronics,Assam,2916,4
2024-02-10,Meesho,M5980,Grocery,Assam,1604,4
2024-02-10,Meesho,M1268,Electronics,Rajasthan,2304,4
2024-02-10,Meesho,M1574,Clothes,Haryana,1250,5
2024-02-10,Meesho,M3224,Home Decor,Delhi,1240,5
2024-02-10,Meesho,M2138,Accessories,Kerala,1695,3
2024-02-10,Meesho,M1002,Electronics,Andhra Pradesh,889,1
2024-02-10,Meesho,M1593,Grocery,Andhra Pradesh,3620,5
2024-02-10,Meesho,M7845,Accessories,Telangana,1696,2
2024-02-10,Meesho,M6849,Grocery,Assam,237,1
2024-02-10,Meesho,M7835,Electronics,Chhattisgarh,2780,5
2024-02-10,Meesho,M8147,Home Decor,Andhra Pradesh,626,2
2024-02-11,Meesho,M2650,Electronics,Andhra Pradesh,866,1
2024-02-11,Meesho,M5582,Electronics,Telangana,447,1
2024-02-11,Meesho,M2030,Grocery,Bihar,3004,4
2024-02-11,Meesho,M5941,Accessories,Maharashtra,2812,4
2024-02-11,Meesho,M5305,Home Decor,Uttar Pradesh,2080,5
2024-02-11,Meesho,M9151,Electronics,Delhi,736,4
2024-02-11,Meesho,M3141,Accessories,Uttarakhand,2565,5
2024-02-11,Meesho,M5853,Clothes,Assam,1596,4
2024-02-11,Meesho,M5961,Home Decor,Bihar,2028,3
2024-02-11,Meesho,M1626,Clothes,Assam,2703,3
2024-02-11,Meesho,M3965,Grocery,Uttar Pradesh,2265,3
2024-02-11,Meesho,M7042,Accessories,Delhi,4475,5
2024-02-11,Meesho,M9476,Accessories,Tamil Nadu,876,1
2024-02-11,Meesho,M3338,Clothes,Rajasthan,2460,3
2024-02-11,Meesho,M4191,Electronics,Jharkhand,760,5
2024-02-11,Meesho,M8692,Home Decor,Punjab,2460,4
2024-02-11,Meesho,M1913,Accessories,Assam,2001,3
2024-02-11,Meesho,M9578,Grocery,Odisha,236,2
2024-02-11,Meesho,M2154,Grocery,Gujarat,4100,5
2024-02-11,Meesho,M8379,Clothes,Bihar,2007,3
2024-02-11,Meesho,M2204,Grocery,Assam,2496,3
2024-02-11,Meesho,M4362,Home Decor,Assam,1452,2
2024-02-11,Meesho,M4404,Home Decor,Punjab,1384,4
2024-02-11,Meesho,M9430,Grocery,Uttar Pradesh,2088,4
2024-02-11,Meesho,M1279,Electronics,Jharkhand,516,4
2024-02-12,Meesho,M7230,Clothes,West Bengal,724,1
2024-02-12,Meesho,M7833,Electronics,Bihar,1630,5
2024-02-12,Meesho,M9982,Home Decor,Jharkhand,1125,3
2024-02-12,Meesho,M1964,Grocery,West Bengal,882,2
2024-02-12,Meesho,M4691,Clothes,Punjab,289,1
2024-02-12,Meesho,M8201,Accessories,Uttar Pradesh,1830,3
2024-02-12,Meesho,M7291,Home Decor,Telangana,288,1
2024-02-12,Meesho,M3417,Clothes,Rajasthan,702,2
2024-02-12,Meesho,M7461,Accessories,Assam,1575,5
2024-02-12,Meesho,M2892,Electronics,Gujarat,238,1
2024-02-12,Meesho,M4619,Accessories,Bihar,1790,2
2024-02-12,Meesho,M1815,Home Decor,Haryana,3435,5
2024-02-12,Meesho,M9451,Home Decor,West Bengal,1740,2
2024-02-12,Meesho,M9230,Accessories,Gujarat,1884,2
2024-02-12,Meesho,M6871,Grocery,Odisha,1155,5
2024-02-12,Meesho,M1979,Home Decor,Tamil Nadu,1935,5
2024-02-12,Meesho,M5927,Electronics,Kerala,376,1
2024-02-12,Meesho,M7408,Grocery,Rajasthan,3535,5
2024-02-12,Meesho,M6951,Accessories,Maharashtra,471,1
2024-02-12,Meesho,M5909,Grocery,Odisha,957,1
2024-02-12,Meesho,M2932,Clothes,Telangana,1692,2
2024-02-12,Meesho,M1003,Home Decor,Uttar Pradesh,2799,3
2024-02-12,Meesho,M4648,Grocery,Tamil Nadu,815,5
2024-02-12,Meesho,M6211,Clothes,Madhya Pradesh,1671,3
2024-02-13,Meesho,M3538,Electronics,Andhra Pradesh,964,1
2024-02-13,Meesho,M6325,Electronics,West Bengal,1325,5
2024-02-13,Meesho,M6070,Clothes,Odisha,748,2
2024-02-13,Meesho,M8232,Home Decor,Maharashtra,4715,5
2024-02-13,Meesho,M5380,Grocery,Andhra Pradesh,2148,4
2024-02-13,Meesho,M7351,Accessories,Andhra Pradesh,2097,3
2024-02-13,Meesho,M9946,Clothes,Delhi,484,1
2024-02-13,Meesho,M6242,Accessories,Chhattisgarh,117,1
2024-02-13,Meesho,M6529,Grocery,Assam,1738,2
2024-02-13,Meesho,M2403,Electronics,Delhi,2288,4
2024-02-13,Meesho,M3569,Electronics,Karnataka,2044,4
2024-02-13,Meesho,M5640,Electronics,Tamil Nadu,3300,4
2024-02-13,Meesho,M8996,Electronics,Rajasthan,3215,5
2024-02-13,Meesho,M6892,Electronics,Karnataka,775,1
2024-02-13,Meesho,M1039,Electronics,Andhra Pradesh,862,2
2024-02-13,Meesho,M6242,Home Decor,Uttarakhand,3596,4
2024-02-13,Meesho,M1214,Grocery,Andhra Pradesh,2420,4
2024-02-13,Meesho,M4321,Electronics,Punjab,2331,3
2024-02-13,Meesho,M9557,Accessories,Uttar Pradesh,1316,4
2024-02-13,Meesho,M8364,Grocery,Haryana,1818,2
2024-02-13,Meesho,M8379,Accessories,Haryana,2020,4
2024-02-13,Meesho,M8585,Clothes,Assam,2439,3
2024-02-13,Meesho,M3889,Home Decor,Jharkhand,1888,2
2024-02-13,Meesho,M2118,Accessories,Telangana,780,5
2024-02-13,Meesho,M3450,Clothes,Tamil Nadu,1482,2
2024-02-13,Meesho,M6319,Clothes,Odisha,1526,2
2024-02-13,Meesho,M5040,Grocery,Tamil Nadu,2352,3
2024-02-13,Meesho,M5443,Grocery,West Bengal,1170,3
2024-02-13,Meesho,M9699,Clothes,Telangana,1872,2
2024-02-13,Meesho,M4441,Accessories,Bihar,546,1
2024-02-13,Meesho,M3789,Home Decor,Maharashtra,120,1
2024-02-13,Meesho,M9453,Electronics,Rajasthan,1985,5
2024-02-13,Meesho,M6940,Accessories,Odisha,342,1
2024-02-13,Meesho,M7300,Accessories,Maharashtra,4435,5
2024-02-13,Meesho,M1870,Home Decor,Maharashtra,1432,2
2024-02-13,Meesho,M5327,Grocery,Gujarat,941,1
2024-02-13,Meesho,M9020,Home Decor,Delhi,353,1
2024-02-14,Meesho,M7701,Home Decor,Kerala,495,3
2024-02-14,Meesho,M3100,Accessories,Odisha,1593,3
2024-02-14,Meesho,M7646,Electronics,Chhattisgarh,280,1
2024-02-14,Meesho,M2883,Clothes,Karnataka,344,2
2024-02-14,Meesho,M9507,Home Decor,Kerala,835,1
2024-02-14,Meesho,M2564,Electronics,Delhi,2536,4
2024-02-14,Meesho,M6222,Electronics,Andhra Pradesh,3510,5
2024-02-14,Meesho,M7925,Home Decor,Odisha,598,2
2024-02-14,Meesho,M4581,Electronics,Kerala,318,2
2024-02-14,Meesho,M9534,Accessories,Jharkhand,1296,2
2024-02-14,Meesho,M6917,Clothes,Odisha,3770,5
2024-02-14,Meesho,M6711,Electronics,Assam,994,2
2024-02-14,Meesho,M2314,Home Decor,Maharashtra,807,1
2024-02-14,Meesho,M8914,Home Decor,Gujarat,496,2
2024-02-14,Meesho,M1465,Electronics,Jharkhand,3156,4
2024-02-14,Meesho,M2969,Grocery,Delhi,1080,3
2024-02-14,Meesho,M8009,Clothes,Maharashtra,2464,4
2024-02-14,Meesho,M4116,Grocery,Haryana,862,2
2024-02-14,Meesho,M8869,Clothes,Delhi,2139,3
2024-02-14,Meesho,M3728,Accessories,Gujarat,975,5
2024-02-14,Meesho,M7181,Clothes,Uttar Pradesh,1197,3
2024-02-14,Meesho,M7611,Electronics,Bihar,1722,3
2024-02-14,Meesho,M7460,Grocery,Chhattisgarh,2928,3
2024-02-14,Meesho,M2310,Grocery,Tamil Nadu,2888,4
2024-02-14,Meesho,M4968,Grocery,Uttar Pradesh,3152,4
2024-02-14,Meesho,M5383,Accessories,Karnataka,1430,2
2024-02-14,Meesho,M5089,Grocery,Maharashtra,1918,2
2024-02-14,Meesho,M8779,Grocery,Haryana,836,4
2024-02-14,Meesho,M8098,Accessories,Bihar,776,2
2024-02-15,Meesho,M4194,Electronics,Uttarakhand,2658,3
2024-02-15,Meesho,M8058,Grocery,Delhi,624,3
2024-02-15,Meesho,M2089,Electronics,Maharashtra,1389,3
2024-02-15,Meesho,M2071,Home Decor,Odisha,226,2
2024-02-15,Meesho,M4757,Accessories,Chhattisgarh,972,2
2024-02-15,Meesho,M1644,Grocery,Telangana,957,3
2024-02-15,Meesho,M9334,Electronics,Assam,543,3
2024-02-15,Meesho,M5943,Clothes,Uttarakhand,3355,5
2024-02-15,Meesho,M6869,Accessories,Delhi,2505,3
2024-02-15,Meesho,M7808,Electronics,West Bengal,1476,4
2024-02-15,Meesho,M5837,Home Decor,Assam,1906,2
2024-02-15,Meesho,M6985,Home Decor,West Bengal,498,1
2024-02-15,Meesho,M1637,Electronics,Kerala,303,3
2024-02-15,Meesho,M4376,Accessories,Rajasthan,2919,3
2024-02-15,Meesho,M9860,Clothes,Uttar Pradesh,253,1
2024-02-15,Meesho,M7248,Grocery,West Bengal,422,1
2024-02-15,Meesho,M6194,Grocery,Uttarakhand,200,2
2024-02-15,Meesho,M7406,Electronics,Haryana,596,4
2024-02-15,Meesho,M9616,Electronics,Uttarakhand,3070,5
2024-02-15,Meesho,M8640,Electronics,Bihar,1444,4
2024-02-15,Meesho,M2677,Clothes,Andhra Pradesh,1750,2
2024-02-15,Meesho,M4551,Accessories,Telangana,1172,4
2024-02-15,Meesho,M9296,Grocery,Assam,294,1
2024-02-15,Meesho,M7192,Grocery,Tamil Nadu,3485,5
2024-02-15,Meesho,M8311,Accessories,Rajasthan,345,3
2024-02-15,Meesho,M6998,Accessories,Punjab,1714,2
2024-02-15,Meesho,M7932,Home Decor,Telangana,678,2
2024-02-15,Meesho,M4704,Electronics,Karnataka,1886,2
2024-02-15,Meesho,M7915,Electronics,Andhra Pradesh,800,1
2024-02-15,Meesho,M1952,Accessories,Punjab,2583,3
2024-02-15,Meesho,M4356,Home Decor,Tamil Nadu,376,2
2024-02-15,Meesho,M9393,Home Decor,Haryana,1764,2
2024-02-16,Meesho,M7262,Accessories,Haryana,933,3
2024-02-16,Meesho,M2959,Grocery,Chhattisgarh,1132,4
2024-02-16,Meesho,M5373,Clothes,Bihar,807,1
2024-02-16,Meesho,M5481,Grocery,Gujarat,1316,4
2024-02-16,Meesho,M3614,Clothes,Odisha,1536,3
2024-02-16,Meesho,M2271,Clothes,Chhattisgarh,1152,3
2024-02-16,Meesho,M4851,Accessories,Kerala,1742,2
2024-02-16,Meesho,M8061,Accessories,Rajasthan,629,1
2024-02-16,Meesho,M7779,Grocery,Uttar Pradesh,3060,4
2024-02-16,Meesho,M3654,Clothes,Assam,2337,3
2024-02-16,Meesho,M5377,Clothes,Madhya Pradesh,3892,4
2024-02-16,Meesho,M9897,Accessories,Kerala,717,3
2024-02-16,Meesho,M2349,Clothes,Madhya Pradesh,1460,2
2024-02-16,Meesho,M2744,Electronics,Haryana,636,3
2024-02-16,Meesho,M7653,Accessories,Andhra Pradesh,1528,2
2024-02-16,Meesho,M5211,Accessories,Rajasthan,274,2
2024-02-16,Meesho,M2510,Accessories,Madhya Pradesh,885,5
2024-02-16,Meesho,M9493,Clothes,Kerala,1296,3
2024-02-16,Meesho,M3878,Clothes,Kerala,1044,3
2024-02-16,Meesho,M1808,Clothes,Haryana,3248,4
2024-02-16,Meesho,M2890,Electronics,West Bengal,2208,4
2024-02-16,Meesho,M9470,Grocery,Tamil Nadu,2700,5
2024-02-16,Meesho,M6234,Accessories,Kerala,2562,3
2024-02-16,Meesho,M7818,Home Decor,Assam,597,1
2024-02-16,Meesho,M1157,Grocery,Rajasthan,3585,5
2024-02-16,Meesho,M6854,Electronics,Tamil Nadu,652,4
2024-02-16,Meesho,M2085,Clothes,Andhra Pradesh,648,3
2024-02-16,Meesho,M9545,Clothes,Assam,615,5
2024-02-16,Meesho,M1689,Grocery,Karnataka,197,1
2024-02-16,Meesho,M4054,Accessories,Uttarakhand,3600,4
2024-02-16,Meesho,M2564,Accessories,Telangana,619,1
2024-02-16,Meesho,M6394,Clothes,Assam,1864,4
2024-02-16,Meesho,M4212,Accessories,Andhra Pradesh,409,1
2024-02-16,Meesho,M6114,Grocery,Uttarakhand,798,3
2024-02-16,Meesho,M7582,Grocery,Madhya Pradesh,1068,3
2024-02-16,Meesho,M5886,Electronics,Tamil Nadu,2752,4
2024-02-16,Meesho,M3828,Electronics,Madhya Pradesh,1904,2
2024-02-16,Meesho,M6094,Home Decor,Uttar Pradesh,1368,3
2024-02-16,Meesho,M8656,Home Decor,Punjab,1348,2
2024-02-16,Meesho,M1390,Accessories,Kerala,1756,2
2024-02-17,Meesho,M9441,Grocery,West Bengal,949,1
2024-02-17,Meesho,M5131,Accessories,Haryana,2532,3
2024-02-17,Meesho,M7794,Grocery,Madhya Pradesh,109,1
2024-02-17,Meesho,M4138,Grocery,Chhattisgarh,1424,4
2024-02-17,Meesho,M2279,Electronics,Odisha,1342,2
2024-02-17,Meesho,M6626,Home Decor,Assam,1766,2
2024-02-17,Meesho,M3957,Accessories,Gujarat,2580,5
2024-02-17,Meesho,M6867,Electronics,Haryana,808,2
2024-02-17,Meesho,M7281,Accessories,Haryana,1332,3
2024-02-17,Meesho,M2140,Accessories,Uttarakhand,4750,5
2024-02-17,Meesho,M4947,Accessories,Rajasthan,612,3
2024-02-17,Meesho,M8789,Accessories,Andhra Pradesh,2555,5
2024-02-17,Meesho,M6703,Electronics,Madhya Pradesh,2628,4
2024-02-17,Meesho,M2561,Grocery,Delhi,3732,4
2024-02-17,Meesho,M7643,Home Decor,Uttar Pradesh,2763,3
2024-02-17,Meesho,M8907,Home Decor,Jharkhand,416,1
2024-02-17,Meesho,M2553,Grocery,Madhya Pradesh,2265,3
2024-02-17,Meesho,M3574,Home Decor,West Bengal,519,3
2024-02-17,Meesho,M2898,Electronics,Karnataka,2007,3
2024-02-17,Meesho,M6847,Accessories,Kerala,249,1
2024-02-17,Meesho,M6119,Clothes,Tamil Nadu,1650,2
2024-02-17,Meesho,M1056,Electronics,Andhra Pradesh,1500,3
2024-02-17,Meesho,M6107,Home Decor,Jharkhand,2664,4
2024-02-17,Meesho,M3649,Home Decor,West Bengal,4105,5
2024-02-17,Meesho,M4992,Clothes,West Bengal,3445,5
2024-02-18,Meesho,M1115,Clothes,West Bengal,521,1
2024-02-18,Meesho,M7715,Clothes,Chhattisgarh,2185,5
2024-02-18,Meesho,M6134,Electronics,Andhra Pradesh,2871,3
2024-02-18,Meesho,M2353,Accessories,Kerala,2195,5
2024-02-18,Meesho,M3988,Electronics,Uttarakhand,441,3
2024-02-18,Meesho,M5870,Clothes,Odisha,3388,4
2024-02-18,Meesho,M5528,Clothes,Kerala,640,5
2024-02-18,Meesho,M5763,Grocery,Assam,1440,5
2024-02-18,Meesho,M6945,Clothes,Andhra Pradesh,2108,4
2024-02-18,Meesho,M9446,Accessories,Kerala,844,2
2024-02-18,Meesho,M2733,Electronics,Uttar Pradesh,714,3
2024-02-18,Meesho,M2749,Clothes,Haryana,1245,5
2024-02-18,Meesho,M7753,Clothes,Chhattisgarh,1508,4
2024-02-18,Meesho,M6566,Home Decor,Haryana,1839,3
2024-02-18,Meesho,M3214,Grocery,Delhi,2205,3
2024-02-18,Meesho,M4688,Home Decor,Rajasthan,1815,5
2024-02-18,Meesho,M2417,Grocery,Chhattisgarh,917,1
2024-02-18,Meesho,M6030,Clothes,Haryana,369,1
2024-02-18,Meesho,M8989,Electronics,Uttarakhand,868,4
2024-02-18,Meesho,M7517,Grocery,Delhi,2072,4
2024-02-18,Meesho,M7061,Electronics,Maharashtra,1508,2
2024-02-18,Meesho,M3908,Home Decor,Karnataka,1736,4
2024-02-18,Meesho,M9145,Accessories,Uttarakhand,710,5
2024-02-18,Meesho,M1688,Clothes,Haryana,390,2
2024-02-18,Meesho,M4432,Clothes,Andhra Pradesh,2235,5
2024-02-18,Meesho,M7308,Accessories,Telangana,1671,3
2024-02-18,Meesho,M1602,Home Decor,West Bengal,1324,4
2024-02-18,Meesho,M1057,Clothes,Haryana,2982,3
2024-02-18,Meesho,M6514,Accessories,Chhattisgarh,3740,5
2024-02-18,Meesho,M7154,Accessories,Tamil Nadu,1808,2
2024-02-18,Meesho,M3117,Clothes,Tamil Nadu,1020,5
2024-02-18,Meesho,M5828,Home Decor,Karnataka,1352,2
2024-02-18,Meesho,M7867,Clothes,Haryana,1886,2
2024-02-18,Meesho,M6514,Grocery,Uttar Pradesh,388,1
2024-02-19,Meesho,M3724,Home Decor,Assam,670,1
2024-02-19,Meesho,M5768,Grocery,Gujarat,1140,4
2024-02-19,Meesho,M1301,Clothes,Tamil Nadu,1335,3
2024-02-19,Meesho,M5873,Clothes,Chhattisgarh,705,5
2024-02-19,Meesho,M5922,Electronics,Odisha,846,2
2024-02-19,Meesho,M6187,Electronics,Andhra Pradesh,2862,3
2024-02-19,Meesho,M3963,Home Decor,Kerala,285,1
2024-02-19,Meesho,M6872,Home Decor,Jharkhand,1245,3
2024-02-19,Meesho,M8178,Home Decor,Andhra Pradesh,1484,2
2024-02-19,Meesho,M1372,Accessories,Uttar Pradesh,1080,2
2024-02-19,Meesho,M4240,Accessories,Tamil Nadu,528,2
2024-02-19,Meesho,M2881,Home Decor,Andhra Pradesh,3796,4
2024-02-19,Meesho,M7398,Grocery,Uttar Pradesh,948,1
2024-02-19,Meesho,M1813,Electronics,Punjab,2862,3
2024-02-19,Meesho,M1000,Clothes,Uttarakhand,1287,3
2024-02-19,Meesho,M4190,Grocery,Assam,2097,3
2024-02-19,Meesho,M4066,Clothes,Uttarakhand,240,2
2024-02-19,Meesho,M5864,Grocery,Delhi,959,1
2024-02-19,Meesho,M5223,Grocery,Assam,3260,5
2024-02-19,Meesho,M6808,Clothes,Tamil Nadu,411,1
2024-02-19,Meesho,M3159,Accessories,Tamil Nadu,2955,5
2024-02-19,Meesho,M9893,Grocery,West Bengal,1870,5
2024-02-19,Meesho,M5750,Clothes,Haryana,1364,2
2024-02-19,Meesho,M8063,Grocery,Chhattisgarh,722,1
2024-02-19,Meesho,M6729,Accessories,Haryana,800,2
2024-02-19,Meesho,M4519,Clothes,West Bengal,2255,5
2024-02-19,Meesho,M7584,Grocery,Chhattisgarh,2775,5
2024-02-19,Meesho,M6279,Electronics,Assam,334,2
2024-02-19,Meesho,M5662,Accessories,Telangana,1995,5
2024-02-19,Meesho,M3435,Accessories,Delhi,942,2
2024-02-19,Meesho,M7402,Accessories,Bihar,424,2
2024-02-19,Meesho,M5397,Electronics,Tamil Nadu,1696,4
2024-02-19,Meesho,M2959,Grocery,Rajasthan,3765,5
2024-02-19,Meesho,M1172,Accessories,Jharkhand,1341,3
2024-02-19,Meesho,M5172,Home Decor,Kerala,1956,4
2024-02-19,Meesho,M4219,Home Decor,Uttarakhand,2433,3
2024-02-19,Meesho,M2394,Clothes,Madhya Pradesh,964,1
2024-02-20,Meesho,M8354,Clothes,Karnataka,434,1
2024-02-20,Meesho,M9397,Grocery,Maharashtra,860,1
2024-02-20,Meesho,M2027,Grocery,Jharkhand,854,1
2024-02-20,Meesho,M9763,Home Decor,Rajasthan,761,1
2024-02-20,Meesho,M9316,Electronics,Chhattisgarh,3676,4
2024-02-20,Meesho,M7003,Electronics,Madhya Pradesh,361,1
2024-02-20,Meesho,M4256,Grocery,Bihar,4555,5
2024-02-20,Meesho,M4683,Clothes,Uttar Pradesh,3184,4
2024-02-20,Meesho,M1009,Home Decor,Telangana,2172,4
2024-02-20,Meesho,M5639,Electronics,Jharkhand,358,2
2024-02-20,Meesho,M5914,Clothes,Gujarat,1896,4
2024-02-20,Meesho,M3229,Home Decor,Kerala,1180,2
2024-02-20,Meesho,M4336,Home Decor,Haryana,362,2
2024-02-20,Meesho,M7816,Electronics,Haryana,2595,5
2024-02-20,Meesho,M7919,Grocery,Maharashtra,596,1
2024-02-20,Meesho,M5031,Grocery,Andhra Pradesh,4200,5
2024-02-20,Meesho,M1768,Accessories,Rajasthan,4720,5
2024-02-20,Meesho,M1059,Clothes,Assam,406,1
2024-02-20,Meesho,M6934,Accessories,Assam,166,1
2024-02-20,Meesho,M5588,Clothes,Odisha,3325,5
2024-02-20,Meesho,M1741,Home Decor,Uttarakhand,1689,3
2024-02-20,Meesho,M7409,Clothes,Punjab,2274,3
2024-02-20,Meesho,M6147,Electronics,Andhra Pradesh,3176,4
2024-02-20,Meesho,M1215,Electronics,Punjab,1860,3
2024-02-20,Meesho,M2245,Home Decor,Haryana,3044,4
2024-02-20,Meesho,M7461,Grocery,Punjab,943,1
2024-02-20,Meesho,M8813,Accessories,Tamil Nadu,2256,3
2024-02-20,Meesho,M3000,Home Decor,Tamil Nadu,2756,4
2024-02-21,Meesho,M2059,Home Decor,Rajasthan,2784,3
2024-02-21,Meesho,M6417,Accessories,Delhi,2100,3
2024-02-21,Meesho,M1999,Clothes,Odisha,897,3
2024-02-21,Meesho,M6159,Accessories,Uttarakhand,2435,5
2024-02-21,Meesho,M9239,Clothes,Rajasthan,1806,2
2024-02-21,Meesho,M5546,Grocery,Telangana,2220,3
2024-02-21,Meesho,M1773,Home Decor,Andhra Pradesh,690,3
2024-02-21,Meesho,M2045,Grocery,Assam,604,1
2024-02-21,Meesho,M9861,Home Decor,Telangana,1316,2
2024-02-21,Meesho,M8216,Grocery,Odisha,3470,5
2024-02-21,Meesho,M1498,Grocery,Uttar Pradesh,868,4
2024-02-21,Meesho,M6936,Clothes,Uttarakhand,1720,5
2024-02-21,Meesho,M7517,Electronics,Kerala,651,1
2024-02-21,Meesho,M6589,Accessories,Rajasthan,1216,2
2024-02-21,Meesho,M1267,Grocery,Jharkhand,880,2
2024-02-21,Meesho,M8908,Home Decor,Assam,3656,4
2024-02-21,Meesho,M9037,Home Decor,Uttar Pradesh,1856,2
2024-02-21,Meesho,M5169,Accessories,Odisha,590,2
2024-02-21,Meesho,M7898,Electronics,Madhya Pradesh,622,2
2024-02-21,Meesho,M3334,Grocery,Delhi,3655,5
2024-02-21,Meesho,M7666,Clothes,Jharkhand,479,1
2024-02-21,Meesho,M4616,Home Decor,Delhi,290,2
2024-02-21,Meesho,M4329,Home Decor,Punjab,968,2
2024-02-21,Meesho,M5792,Accessories,Punjab,812,2
2024-02-21,Meesho,M6001,Electronics,Haryana,887,1
2024-02-21,Meesho,M8995,Electronics,Tamil Nadu,2058,3
2024-02-21,Meesho,M6738,Electronics,Kerala,672,1
2024-02-21,Meesho,M3206,Electronics,Telangana,438,1
2024-02-21,Meesho,M1456,Home Decor,Andhra Pradesh,427,1
2024-02-21,Meesho,M5267,Electronics,Tamil Nadu,1770,5
2024-02-21,Meesho,M8147,Home Decor,Maharashtra,905,1
2024-02-21,Meesho,M8163,Electronics,Bihar,1592,4
2024-02-21,Meesho,M8867,Accessories,Gujarat,1235,5
2024-02-21,Meesho,M4238,Grocery,Kerala,333,1
2024-02-21,Meesho,M3723,Electronics,Kerala,2105,5
2024-02-21,Meesho,M9515,Clothes,Maharashtra,996,2
2024-02-21,Meesho,M7514,Electronics,Uttar Pradesh,2020,5
2024-02-22,Meesho,M6513,Clothes,Bihar,3512,4
2024-02-22,Meesho,M5477,Clothes,Maharashtra,2630,5
2024-02-22,Meesho,M3040,Accessories,Andhra Pradesh,1746,2
2024-02-22,Meesho,M7186,Grocery,Telangana,822,2
2024-02-22,Meesho,M9811,Grocery,Karnataka,2688,4
2024-02-22,Meesho,M7591,Clothes,Chhattisgarh,249,1
2024-02-22,Meesho,M2965,Clothes,Uttarakhand,876,3
2024-02-22,Meesho,M9223,Clothes,Karnataka,1512,3
2024-02-22,Meesho,M4274,Grocery,Tamil Nadu,3068,4
2024-02-22,Meesho,M3612,Clothes,Telangana,855,3
2024-02-22,Meesho,M4646,Home Decor,Haryana,4435,5
2024-02-22,Meesho,M6255,Accessories,Chhattisgarh,459,3
2024-02-22,Meesho,M8388,Home Decor,Chhattisgarh,1824,3
2024-02-22,Meesho,M8291,Clothes,Uttar Pradesh,234,2
2024-02-22,Meesho,M1678,Grocery,Kerala,1040,2
2024-02-22,Meesho,M9589,Clothes,Bihar,3490,5
2024-02-22,Meesho,M8667,Clothes,Uttar Pradesh,520,5
2024-02-22,Meesho,M8034,Electronics,Haryana,2880,4
2024-02-22,Meesho,M5471,Clothes,Rajasthan,406,2
2024-02-22,Meesho,M3022,Grocery,Gujarat,4530,5
2024-02-22,Meesho,M9768,Clothes,Tamil Nadu,1306,2
2024-02-22,Meesho,M2753,Home Decor,Andhra Pradesh,2224,4
2024-02-22,Meesho,M7613,Accessories,Karnataka,384,3
2024-02-22,Meesho,M7245,Home Decor,Punjab,2880,3
2024-02-22,Meesho,M8268,Electronics,Chhattisgarh,2836,4
2024-02-22,Meesho,M4701,Clothes,Jharkhand,1590,3
2024-02-22,Meesho,M1847,Grocery,Kerala,2232,4
2024-02-22,Meesho,M6403,Clothes,West Bengal,211,1
2024-02-22,Meesho,M5553,Clothes,Telangana,3505,5
2024-02-22,Meesho,M3119,Clothes,Chhattisgarh,824,4
2024-02-22,Meesho,M7655,Accessories,Assam,976,2
2024-02-22,Meesho,M1927,Home Decor,Uttarakhand,822,1
2024-02-22,Meesho,M8047,Electronics,Gujarat,114,1
2024-02-22,Meesho,M6384,Accessories,Chhattisgarh,970,1
2024-02-22,Meesho,M6528,Clothes,West Bengal,2805,5
2024-02-23,Meesho,M6891,Home Decor,Assam,1912,4
2024-02-23,Meesho,M2036,Home Decor,Uttarakhand,3105,5
2024-02-23,Meesho,M8903,Electronics,Punjab,1534,2
2024-02-23,Meesho,M1560,Grocery,Bihar,3130,5
2024-02-23,Meesho,M8483,Home Decor,Odisha,459,1
2024-02-23,Meesho,M6710,Accessories,Karnataka,1172,2
2024-02-23,Meesho,M3254,Accessories,West Bengal,336,3
2024-02-23,Meesho,M4862,Clothes,Kerala,448,2
2024-02-23,Meesho,M4667,Electronics,Odisha,528,3
2024-02-23,Meesho,M9397,Electronics,Bihar,4170,5
2024-02-23,Meesho,M1517,Electronics,West Bengal,1612,2
2024-02-23,Meesho,M2417,Grocery,Punjab,3965,5
2024-02-23,Meesho,M8369,Grocery,Tamil Nadu,1179,3
2024-02-23,Meesho,M6555,Grocery,Andhra Pradesh,610,1
2024-02-23,Meesho,M9784,Electronics,Bihar,1896,3
2024-02-23,Meesho,M9507,Grocery,Assam,4475,5
2024-02-23,Meesho,M6236,Home Decor,Kerala,423,1
2024-02-23,Meesho,M5223,Electronics,Andhra Pradesh,612,3
2024-02-23,Meesho,M4836,Grocery,Telangana,378,2
2024-02-23,Meesho,M8890,Clothes,Karnataka,1628,2
2024-02-23,Meesho,M7586,Electronics,Chhattisgarh,1592,4
2024-02-23,Meesho,M2766,Electronics,Assam,3710,5
2024-02-23,Meesho,M8212,Home Decor,West Bengal,3324,4
2024-02-23,Meesho,M6187,Grocery,Punjab,1086,2
2024-02-23,Meesho,M2905,Clothes,Andhra Pradesh,354,2
2024-02-23,Meesho,M5350,Clothes,Chhattisgarh,1378,2
2024-02-23,Meesho,M3781,Grocery,Andhra Pradesh,176,1
2024-02-23,Meesho,M3262,Accessories,Gujarat,1425,3
2024-02-23,Meesho,M2191,Home Decor,Karnataka,1460,4
2024-02-23,Meesho,M1352,Clothes,Andhra Pradesh,1804,4
2024-02-23,Meesho,M5582,Clothes,Andhra Pradesh,854,2
2024-02-24,Meesho,M3194,Clothes,Rajasthan,2685,3
2024-02-24,Meesho,M2406,Clothes,Assam,2260,5
2024-02-24,Meesho,M4581,Clothes,Delhi,452,4
2024-02-24,Meesho,M8620,Home Decor,Andhra Pradesh,1444,2
2024-02-24,Meesho,M6063,Grocery,Uttar Pradesh,2105,5
2024-02-24,Meesho,M1242,Grocery,Maharashtra,1050,3
2024-02-24,Meesho,M2018,Home Decor,Andhra Pradesh,2187,3
2024-02-24,Meesho,M5013,Grocery,Telangana,442,2
2024-02-24,Meesho,M2659,Grocery,Maharashtra,2364,3
2024-02-24,Meesho,M4997,Clothes,Kerala,2495,5
2024-02-24,Meesho,M5218,Clothes,Haryana,462,1
2024-02-24,Meesho,M1572,Clothes,Assam,410,2
2024-02-24,Meesho,M4024,Accessories,Rajasthan,481,1
2024-02-24,Meesho,M8351,Electronics,Telangana,1010,2
2024-02-24,Meesho,M7177,Grocery,West Bengal,1528,4
2024-02-24,Meesho,M2291,Electronics,Bihar,1985,5
2024-02-24,Meesho,M7680,Home Decor,Andhra Pradesh,1290,2
2024-02-24,Meesho,M7732,Clothes,Uttar Pradesh,392,1
2024-02-24,Meesho,M1381,Home Decor,Uttar Pradesh,657,3
2024-02-24,Meesho,M2154,Clothes,Chhattisgarh,954,3
2024-02-24,Meesho,M9822,Clothes,Uttar Pradesh,3968,4
2024-02-24,Meesho,M6710,Accessories,Maharashtra,1836,3
2024-02-24,Meesho,M7421,Home Decor,Assam,945,3
2024-02-24,Meesho,M3800,Clothes,Delhi,1070,2
2024-02-24,Meesho,M1883,Grocery,Karnataka,1592,2
2024-02-24,Meesho,M6682,Clothes,Bihar,4910,5
2024-02-24,Meesho,M9480,Home Decor,Uttar Pradesh,423,3
2024-02-24,Meesho,M7836,Grocery,Kerala,513,3
2024-02-24,Meesho,M4649,Accessories,Maharashtra,2901,3
2024-02-24,Meesho,M7969,Electronics,Jharkhand,2690,5
2024-02-24,Meesho,M4344,Accessories,Rajasthan,438,3
2024-02-24,Meesho,M9158,Clothes,Chhattisgarh,2343,3
2024-02-24,Meesho,M6399,Grocery,West Bengal,2324,4
2024-02-24,Meesho,M7269,Home Decor,Uttar Pradesh,672,3
2024-02-24,Meesho,M4937,Grocery,Maharashtra,604,4
2024-02-25,Meesho,M6538,Grocery,Telangana,784,1
2024-02-25,Meesho,M5161,Electronics,Telangana,1514,2
2024-02-25,Meesho,M9692,Electronics,Assam,3120,4
2024-02-25,Meesho,M3850,Clothes,Haryana,696,4
2024-02-25,Meesho,M7002,Grocery,Chhattisgarh,2286,3
2024-02-25,Meesho,M8717,Grocery,Maharashtra,1288,4
2024-02-25,Meesho,M5993,Electronics,Tamil Nadu,1248,4
2024-02-25,Meesho,M3678,Home Decor,Rajasthan,3872,4
2024-02-25,Meesho,M3555,Home Decor,Gujarat,1689,3
2024-02-25,Meesho,M7060,Home Decor,Delhi,499,1
2024-02-25,Meesho,M4294,Home Decor,Chhattisgarh,365,1
2024-02-25,Meesho,M9371,Electronics,Karnataka,1776,3
2024-02-25,Meesho,M1559,Clothes,Chhattisgarh,1540,2
2024-02-25,Meesho,M6114,Clothes,Kerala,503,1
2024-02-25,Meesho,M7427,Home Decor,Uttar Pradesh,3116,4
2024-02-25,Meesho,M1575,Grocery,Haryana,684,4
2024-02-25,Meesho,M9919,Clothes,Odisha,155,1
2024-02-25,Meesho,M2173,Electronics,Delhi,2943,3
2024-02-25,Meesho,M5339,Grocery,Bihar,220,1
2024-02-25,Meesho,M8663,Home Decor,Maharashtra,3176,4
2024-02-25,Meesho,M5668,Grocery,Delhi,2769,3
2024-02-26,Meesho,M3823,Grocery,Karnataka,1190,5
2024-02-26,Meesho,M2099,Accessories,Haryana,2592,4
2024-02-26,Meesho,M2825,Electronics,Chhattisgarh,2577,3
2024-02-26,Meesho,M9883,Clothes,Uttar Pradesh,778,1
2024-02-26,Meesho,M5430,Electronics,Tamil Nadu,459,1
2024-02-26,Meesho,M4523,Electronics,Maharashtra,1220,2
2024-02-26,Meesho,M8896,Grocery,Uttar Pradesh,3435,5
2024-02-26,Meesho,M5589,Clothes,West Bengal,2928,3
2024-02-26,Meesho,M9137,Grocery,Gujarat,920,1
2024-02-26,Meesho,M2501,Accessories,Andhra Pradesh,940,4
2024-02-26,Meesho,M9434,Grocery,Haryana,837,1
2024-02-26,Meesho,M8331,Accessories,Gujarat,735,3
2024-02-26,Meesho,M4109,Home Decor,Chhattisgarh,3665,5
2024-02-26,Meesho,M4936,Electronics,Uttar Pradesh,290,1
2024-02-26,Meesho,M3880,Clothes,Madhya Pradesh,1364,4
2024-02-26,Meesho,M3752,Clothes,Haryana,1990,2
2024-02-26,Meesho,M7892,Grocery,Haryana,1400,4
2024-02-26,Meesho,M9836,Accessories,Jharkhand,682,1
2024-02-26,Meesho,M4567,Accessories,Punjab,526,1
2024-02-26,Meesho,M1114,Grocery,Telangana,1668,2
2024-02-26,Meesho,M2730,Home Decor,Delhi,2515,5
2024-02-26,Meesho,M9184,Electronics,Delhi,891,1
2024-02-27,Meesho,M2303,Accessories,Telangana,127,1
2024-02-27,Meesho,M3413,Accessories,Haryana,1230,2
2024-02-27,Meesho,M1724,Electronics,Maharashtra,1982,2
2024-02-27,Meesho,M7410,Clothes,Tamil Nadu,975,1
2024-02-27,Meesho,M5972,Accessories,Gujarat,4460,5
2024-02-27,Meesho,M2987,Grocery,Chhattisgarh,772,4
2024-02-27,Meesho,M3250,Home Decor,Gujarat,229,1
2024-02-27,Meesho,M1144,Home Decor,Bihar,3825,5
2024-02-27,Meesho,M6185,Clothes,Telangana,1239,3
2024-02-27,Meesho,M6784,Clothes,West Bengal,1410,2
2024-02-27,Meesho,M2190,Clothes,Telangana,1096,4
2024-02-27,Meesho,M2854,Grocery,Madhya Pradesh,920,4
2024-02-27,Meesho,M2568,Grocery,Uttar Pradesh,440,2
2024-02-27,Meesho,M2823,Electronics,Bihar,3720,5
2024-02-27,Meesho,M3338,Electronics,Andhra Pradesh,2000,2
2024-02-27,Meesho,M5099,Electronics,Uttar Pradesh,2028,3
2024-02-27,Meesho,M4755,Clothes,Tamil Nadu,173,1
2024-02-27,Meesho,M7769,Grocery,Uttarakhand,816,2
2024-02-27,Meesho,M6453,Clothes,Telangana,2276,4
2024-02-27,Meesho,M6163,Accessories,West Bengal,1058,2
2024-02-27,Meesho,M4174,Grocery,West Bengal,832,4
2024-02-28,Meesho,M2770,Accessories,Haryana,2410,5
2024-02-28,Meesho,M2208,Home Decor,Assam,1512,4
2024-02-28,Meesho,M7140,Grocery,Jharkhand,2961,3
2024-02-28,Meesho,M7862,Electronics,Punjab,904,2
2024-02-28,Meesho,M9885,Grocery,Andhra Pradesh,1401,3
2024-02-28,Meesho,M4513,Electronics,Delhi,2799,3
2024-02-28,Meesho,M5662,Clothes,Bihar,662,1
2024-02-28,Meesho,M3960,Clothes,Karnataka,1320,3
2024-02-28,Meesho,M8158,Electronics,Rajasthan,2230,5
2024-02-28,Meesho,M7277,Accessories,Jharkhand,2932,4
2024-02-28,Meesho,M2752,Accessories,Karnataka,644,2
2024-02-28,Meesho,M6578,Grocery,Delhi,1208,2
2024-02-28,Meesho,M2648,Accessories,Maharashtra,596,1
2024-02-28,Meesho,M9632,Accessories,Madhya Pradesh,2200,4
2024-02-28,Meesho,M1689,Accessories,Assam,179,1
2024-02-28,Meesho,M6502,Grocery,Tamil Nadu,756,2
2024-02-28,Meesho,M7987,Grocery,Bihar,1568,2
2024-02-28,Meesho,M6119,Accessories,Assam,2280,4
2024-02-28,Meesho,M1688,Accessories,Uttar Pradesh,2454,3
2024-02-28,Meesho,M3285,Clothes,Bihar,984,4
2024-02-28,Meesho,M6039,Electronics,Chhattisgarh,2340,3
2024-02-28,Meesho,M5778,Clothes,Maharashtra,792,2
2024-02-28,Meesho,M6549,Electronics,Tamil Nadu,2950,5
2024-02-28,Meesho,M7086,Grocery,West Bengal,1864,2
2024-02-28,Meesho,M4871,Accessories,Madhya Pradesh,2980,5
2024-02-28,Meesho,M1688,Home Decor,Karnataka,1758,2
2024-02-28,Meesho,M8034,Accessories,Maharashtra,474,1
2024-02-28,Meesho,M3382,Electronics,Bihar,1848,2
2024-02-28,Meesho,M6845,Home Decor,Andhra Pradesh,1936,4
2024-02-28,Meesho,M2825,Home Decor,Gujarat,4455,5
2024-02-28,Meesho,M8767,Home Decor,Jharkhand,905,1
2024-02-28,Meesho,M3075,Home Decor,Punjab,768,3
2024-02-28,Meesho,M9463,Grocery,Telangana,648,4
2024-02-28,Meesho,M6175,Electronics,Madhya Pradesh,1672,4
2024-02-28,Meesho,M1379,Clothes,Chhattisgarh,1962,3
2024-02-28,Meesho,M3335,Home Decor,Bihar,520,5
2024-02-28,Meesho,M7617,Home Decor,Chhattisgarh,404,2
2024-02-28,Meesho,M1338,Clothes,Uttarakhand,398,2
2024-02-28,Meesho,M6051,Electronics,Gujarat,480,1
2024-02-29,Meesho,M7400,Grocery,Maharashtra,2260,4
2024-02-29,Meesho,M3359,Accessories,Bihar,1371,3
2024-02-29,Meesho,M9840,Accessories,Delhi,1692,3
2024-02-29,Meesho,M6428,Electronics,Bihar,1827,3
2024-02-29,Meesho,M4863,Clothes,Kerala,2562,3
2024-02-29,Meesho,M5917,Home Decor,Uttar Pradesh,2466,3
2024-02-29,Meesho,M3823,Accessories,Delhi,186,1
2024-02-29,Meesho,M2739,Electronics,Jharkhand,2035,5
2024-02-29,Meesho,M3185,Accessories,Haryana,605,1
2024-02-29,Meesho,M1252,Electronics,Uttar Pradesh,1756,4
2024-02-29,Meesho,M5040,Accessories,Haryana,2104,4
2024-02-29,Meesho,M6653,Accessories,Karnataka,107,1
2024-02-29,Meesho,M4654,Grocery,West Bengal,1731,3
2024-02-29,Meesho,M6450,Electronics,Bihar,4010,5
2024-02-29,Meesho,M6756,Clothes,Punjab,444,2
2024-02-29,Meesho,M3955,Electronics,Uttarakhand,3932,4
2024-02-29,Meesho,M8331,Clothes,Uttarakhand,1558,2
2024-02-29,Meesho,M1025,Accessories,Odisha,3332,4
2024-02-29,Meesho,M7146,Electronics,Assam,3072,4
2024-02-29,Meesho,M2690,Accessories,Karnataka,1596,2
2024-02-29,Meesho,M1898,Grocery,Madhya Pradesh,1332,2
2024-02-29,Meesho,M8367,Accessories,Andhra Pradesh,852,4
2024-03-01,Meesho,M9255,Home Decor,Tamil Nadu,551,1
2024-03-01,Meesho,M7134,Grocery,Jharkhand,1146,2
2024-03-01,Meesho,M4263,Accessories,Karnataka,2270,5
2024-03-01,Meesho,M2115,Home Decor,Kerala,2830,5
2024-03-01,Meesho,M9868,Accessories,Telangana,768,4
2024-03-01,Meesho,M2014,Accessories,West Bengal,810,3
2024-03-01,Meesho,M6613,Home Decor,Karnataka,1806,3
2024-03-01,Meesho,M5065,Electronics,Tamil Nadu,2380,4
2024-03-01,Meesho,M3236,Accessories,Maharashtra,1070,2
2024-03-01,Meesho,M3510,Clothes,Haryana,2790,5
2024-03-01,Meesho,M5610,Grocery,Delhi,906,1
2024-03-01,Meesho,M5317,Grocery,Delhi,575,1
2024-03-01,Meesho,M8504,Electronics,West Bengal,4540,5
2024-03-01,Meesho,M5813,Home Decor,Assam,539,1
2024-03-01,Meesho,M6631,Home Decor,Delhi,532,2
2024-03-01,Meesho,M5722,Home Decor,Odisha,2392,4
2024-03-01,Meesho,M5554,Grocery,Gujarat,929,1
2024-03-01,Meesho,M9159,Accessories,Telangana,2064,4
2024-03-01,Meesho,M9165,Clothes,Uttar Pradesh,180,1
2024-03-01,Meesho,M2652,Electronics,Rajasthan,1036,4
2024-03-01,Meesho,M9963,Grocery,Rajasthan,721,1
2024-03-01,Meesho,M2226,Accessories,Maharashtra,849,3
2024-03-02,Meesho,M7108,Clothes,Gujarat,1608,3
2024-03-02,Meesho,M4145,Grocery,Karnataka,1080,2
2024-03-02,Meesho,M8340,Accessories,Karnataka,299,1
2024-03-02,Meesho,M6843,Grocery,Assam,1890,3
2024-03-02,Meesho,M1501,Clothes,Andhra Pradesh,2988,3
2024-03-02,Meesho,M7727,Grocery,Assam,4810,5
2024-03-02,Meesho,M6370,Grocery,Andhra Pradesh,384,1
2024-03-02,Meesho,M3841,Home Decor,Uttar Pradesh,792,4
2024-03-02,Meesho,M4507,Electronics,Delhi,2695,5
2024-03-02,Meesho,M1216,Grocery,Maharashtra,530,1
2024-03-02,Meesho,M1754,Home Decor,Gujarat,916,2
2024-03-02,Meesho,M6999,Grocery,Rajasthan,972,1
2024-03-02,Meesho,M1507,Accessories,Rajasthan,1965,3
2024-03-02,Meesho,M6829,Electronics,Karnataka,1344,4
2024-03-02,Meesho,M3827,Grocery,Delhi,1660,2
2024-03-02,Meesho,M9335,Accessories,Uttar Pradesh,1702,2
2024-03-02,Meesho,M3590,Electronics,Chhattisgarh,905,5
2024-03-02,Meesho,M5143,Clothes,Assam,891,1
2024-03-02,Meesho,M1833,Home Decor,Maharashtra,1302,2
2024-03-02,Meesho,M6726,Electronics,Andhra Pradesh,3012,4
2024-03-02,Meesho,M6024,Grocery,Haryana,2892,4
2024-03-02,Meesho,M9275,Grocery,Odisha,780,4
2024-03-03,Meesho,M9880,Grocery,West Bengal,3080,5
2024-03-03,Meesho,M2142,Grocery,Kerala,1917,3
2024-03-03,Meesho,M6460,Home Decor,Karnataka,426,2
2024-03-03,Meesho,M7308,Home Decor,Bihar,154,1
2024-03-03,Meesho,M8717,Accessories,Chhattisgarh,1646,2
2024-03-03,Meesho,M9302,Clothes,West Bengal,521,1
2024-03-03,Meesho,M6240,Accessories,Rajasthan,2375,5
2024-03-03,Meesho,M3607,Clothes,Kerala,976,2
2024-03-03,Meesho,M8203,Accessories,Madhya Pradesh,2015,5
2024-03-03,Meesho,M6597,Home Decor,Bihar,702,2
2024-03-03,Meesho,M1107,Clothes,Karnataka,3720,5
2024-03-03,Meesho,M6073,Home Decor,Uttar Pradesh,819,1
2024-03-03,Meesho,M1221,Accessories,Jharkhand,3835,5
2024-03-03,Meesho,M3325,Home Decor,Gujarat,2735,5
2024-03-03,Meesho,M9375,Grocery,Gujarat,666,1
2024-03-03,Meesho,M8965,Electronics,Maharashtra,1375,5
2024-03-03,Meesho,M2729,Grocery,Andhra Pradesh,1978,2
2024-03-03,Meesho,M1889,Accessories,Madhya Pradesh,2664,3
2024-03-03,Meesho,M6674,Accessories,Maharashtra,611,1
2024-03-03,Meesho,M6141,Grocery,Punjab,4870,5
2024-03-04,Meesho,M9215,Electronics,Uttarakhand,1701,3
2024-03-04,Meesho,M7902,Accessories,West Bengal,1914,3
2024-03-04,Meesho,M1454,Grocery,Assam,1416,3
2024-03-04,Meesho,M1750,Home Decor,Tamil Nadu,1046,2
2024-03-04,Meesho,M8671,Clothes,Odisha,501,3
2024-03-04,Meesho,M2174,Accessories,Madhya Pradesh,3780,5
2024-03-04,Meesho,M9121,Home Decor,Chhattisgarh,2661,3
2024-03-04,Meesho,M1945,Electronics,Chhattisgarh,1574,2
2024-03-04,Meesho,M7405,Electronics,Uttarakhand,2130,5
2024-03-04,Meesho,M9857,Home Decor,Uttarakhand,1114,2
2024-03-04,Meesho,M5531,Electronics,Bihar,2100,5
2024-03-04,Meesho,M3826,Electronics,Punjab,368,1
2024-03-04,Meesho,M6383,Clothes,Rajasthan,224,1
2024-03-04,Meesho,M2405,Grocery,Madhya Pradesh,2571,3
2024-03-04,Meesho,M2655,Home Decor,Uttarakhand,852,3
2024-03-04,Meesho,M9809,Home Decor,Tamil Nadu,2133,3
2024-03-04,Meesho,M1476,Electronics,Uttarakhand,4385,5
2024-03-04,Meesho,M5588,Clothes,Karnataka,388,1
2024-03-04,Meesho,M4592,Grocery,Telangana,500,2
2024-03-04,Meesho,M7403,Accessories,Jharkhand,1104,4
2024-03-04,Meesho,M9945,Accessories,Kerala,1808,2
2024-03-04,Meesho,M1161,Grocery,Kerala,113,1
2024-03-04,Meesho,M3493,Clothes,Uttar Pradesh,543,1
2024-03-04,Meesho,M5377,Home Decor,Karnataka,2622,3
2024-03-04,Meesho,M8517,Grocery,Assam,2995,5
2024-03-04,Meesho,M3807,Accessories,Rajasthan,2043,3
2024-03-04,Meesho,M4553,Electronics,Punjab,517,1
2024-03-04,Meesho,M8583,Accessories,Uttarakhand,201,1
2024-03-04,Meesho,M6273,Grocery,Andhra Pradesh,628,2
2024-03-04,Meesho,M2767,Grocery,Jharkhand,1230,5
2024-03-04,Meesho,M8262,Clothes,Madhya Pradesh,900,1
2024-03-04,Meesho,M7350,Grocery,Uttar Pradesh,1982,2
2024-03-04,Meesho,M7617,Grocery,Kerala,672,4
2024-03-04,Meesho,M1232,Clothes,Chhattisgarh,4000,5
2024-03-05,Meesho,M6303,Home Decor,Tamil Nadu,884,4
2024-03-05,Meesho,M3349,Accessories,Assam,1000,5
2024-03-05,Meesho,M1531,Accessories,Uttar Pradesh,1098,2
2024-03-05,Meesho,M8432,Home Decor,Haryana,283,1
2024-03-05,Meesho,M6764,Clothes,Telangana,735,3
2024-03-05,Meesho,M1966,Home Decor,Odisha,3660,4
2024-03-05,Meesho,M1302,Grocery,Tamil Nadu,3024,4
2024-03-05,Meesho,M2530,Grocery,Andhra Pradesh,329,1
2024-03-05,Meesho,M8251,Home Decor,Uttar Pradesh,2624,4
2024-03-05,Meesho,M6944,Grocery,Rajasthan,553,1
2024-03-05,Meesho,M2491,Electronics,Gujarat,626,2
2024-03-05,Meesho,M7066,Clothes,Telangana,2220,5
2024-03-05,Meesho,M6399,Grocery,Odisha,660,2
2024-03-05,Meesho,M5357,Clothes,Madhya Pradesh,3312,4
2024-03-05,Meesho,M2537,Accessories,Assam,360,1
2024-03-05,Meesho,M5704,Accessories,Telangana,722,1
2024-03-05,Meesho,M4860,Home Decor,Haryana,1714,2
2024-03-05,Meesho,M1186,Grocery,Assam,484,1
2024-03-05,Meesho,M2324,Grocery,Chhattisgarh,1080,4
2024-03-05,Meesho,M5825,Grocery,West Bengal,1780,4
2024-03-05,Meesho,M5023,Clothes,Gujarat,1162,2
2024-03-06,Meesho,M5889,Grocery,Andhra Pradesh,3400,5
2024-03-06,Meesho,M1241,Accessories,Karnataka,650,2
2024-03-06,Meesho,M4977,Electronics,Maharashtra,2040,4
2024-03-06,Meesho,M1666,Grocery,Bihar,1150,2
2024-03-06,Meesho,M9664,Electronics,Uttar Pradesh,3715,5
2024-03-06,Meesho,M8651,Clothes,Andhra Pradesh,496,1
2024-03-06,Meesho,M3366,Clothes,Assam,2988,3
2024-03-06,Meesho,M8617,Accessories,Andhra Pradesh,660,3
2024-03-06,Meesho,M3980,Clothes,Andhra Pradesh,4560,5
2024-03-06,Meesho,M5073,Clothes,Maharashtra,1775,5
2024-03-06,Meesho,M4821,Accessories,Uttarakhand,3265,5
2024-03-06,Meesho,M6483,Clothes,Rajasthan,729,3
2024-03-06,Meesho,M1999,Home Decor,West Bengal,1000,5
2024-03-06,Meesho,M4483,Accessories,West Bengal,976,4
2024-03-06,Meesho,M2722,Electronics,Uttarakhand,1642,2
2024-03-06,Meesho,M4910,Electronics,Rajasthan,908,1
2024-03-06,Meesho,M1480,Home Decor,Kerala,1504,2
2024-03-06,Meesho,M8137,Grocery,Bihar,2355,5
2024-03-06,Meesho,M4437,Clothes,Karnataka,3236,4
2024-03-06,Meesho,M6065,Electronics,Tamil Nadu,1290,2
2024-03-07,Meesho,M8313,Home Decor,Punjab,2196,3
2024-03-07,Meesho,M5174,Home Decor,Karnataka,1580,2
2024-03-07,Meesho,M9523,Grocery,Telangana,315,1
2024-03-07,Meesho,M9296,Clothes,Maharashtra,636,1
2024-03-07,Meesho,M2123,Accessories,Bihar,847,1
2024-03-07,Meesho,M7907,Electronics,Gujarat,1608,3
2024-03-07,Meesho,M5810,Electronics,Assam,400,4
2024-03-07,Meesho,M3466,Clothes,Madhya Pradesh,1989,3
2024-03-07,Meesho,M7430,Clothes,Delhi,612,4
2024-03-07,Meesho,M3120,Electronics,Odisha,1758,3
2024-03-07,Meesho,M2390,Clothes,Delhi,3660,4
2024-03-07,Meesho,M6080,Electronics,Andhra Pradesh,1665,5
2024-03-07,Meesho,M9337,Grocery,Delhi,296,2
2024-03-07,Meesho,M6456,Electronics,Gujarat,499,1
2024-03-07,Meesho,M2971,Electronics,Madhya Pradesh,3125,5
2024-03-07,Meesho,M3483,Electronics,Karnataka,326,1
2024-03-07,Meesho,M3478,Grocery,Punjab,1922,2
2024-03-07,Meesho,M5100,Grocery,Gujarat,1978,2
2024-03-07,Meesho,M7077,Electronics,Chhattisgarh,3760,4
2024-03-07,Meesho,M7100,Grocery,Gujarat,1780,5
2024-03-07,Meesho,M8570,Clothes,Andhra Pradesh,2416,4
2024-03-07,Meesho,M3830,Clothes,Tamil Nadu,648,3
2024-03-07,Meesho,M4617,Clothes,Delhi,4285,5
2024-03-07,Meesho,M2959,Clothes,Rajasthan,2931,3
2024-03-07,Meesho,M7683,Electronics,Bihar,4090,5
2024-03-07,Meesho,M1646,Accessories,Maharashtra,423,1
2024-03-07,Meesho,M4498,Electronics,Andhra Pradesh,549,3
2024-03-07,Meesho,M2868,Electronics,Telangana,3815,5
2024-03-07,Meesho,M9099,Grocery,Karnataka,1496,4
2024-03-07,Meesho,M9998,Accessories,Delhi,680,5
2024-03-07,Meesho,M7536,Accessories,Odisha,686,2
2024-03-08,Meesho,M3702,Clothes,Telangana,3836,4
2024-03-08,Meesho,M3291,Electronics,Gujarat,1955,5
2024-03-08,Meesho,M1318,Home Decor,Uttarakhand,1434,3
2024-03-08,Meesho,M5461,Grocery,Maharashtra,200,1
2024-03-08,Meesho,M1640,Clothes,Gujarat,927,1
2024-03-08,Meesho,M7352,Clothes,Odisha,2950,5
2024-03-08,Meesho,M9738,Grocery,Odisha,291,1
2024-03-08,Meesho,M6978,Clothes,Gujarat,2108,4
2024-03-08,Meesho,M4651,Electronics,Uttarakhand,813,3
2024-03-08,Meesho,M4078,Clothes,Kerala,675,5
2024-03-08,Meesho,M6119,Grocery,Haryana,1380,3
2024-03-08,Meesho,M4592,Grocery,West Bengal,2655,3
2024-03-08,Meesho,M9892,Home Decor,Tamil Nadu,1185,3
2024-03-08,Meesho,M9529,Clothes,Gujarat,1944,4
2024-03-08,Meesho,M5899,Electronics,Gujarat,217,1
2024-03-08,Meesho,M4150,Home Decor,Telangana,362,1
2024-03-08,Meesho,M1122,Clothes,Maharashtra,2668,4
2024-03-08,Meesho,M4912,Grocery,Jharkhand,2216,4
2024-03-08,Meesho,M6918,Accessories,Rajasthan,4590,5
2024-03-08,Meesho,M2860,Clothes,Assam,420,2
2024-03-08,Meesho,M2455,Accessories,Assam,313,1
2024-03-08,Meesho,M6172,Accessories,Madhya Pradesh,1495,5
2024-03-08,Meesho,M5949,Home Decor,Kerala,2142,3
2024-03-08,Meesho,M2395,Clothes,Tamil Nadu,4715,5
2024-03-08,Meesho,M2697,Home Decor,Delhi,505,1
2024-03-08,Meesho,M1608,Grocery,Karnataka,2224,4
2024-03-08,Meesho,M1708,Accessories,Chhattisgarh,4415,5
2024-03-08,Meesho,M8615,Accessories,Rajasthan,807,3
2024-03-08,Meesho,M5909,Accessories,Andhra Pradesh,556,1
2024-03-08,Meesho,M3660,Home Decor,Uttarakhand,2840,5
2024-03-08,Meesho,M6940,Electronics,Karnataka,1964,2
2024-03-08,Meesho,M9499,Clothes,Uttar Pradesh,3360,4
2024-03-09,Meesho,M3742,Grocery,Kerala,2135,5
2024-03-09,Meesho,M7419,Grocery,Punjab,613,1
2024-03-09,Meesho,M1155,Home Decor,Delhi,3110,5
2024-03-09,Meesho,M1222,Accessories,Maharashtra,2205,5
2024-03-09,Meesho,M3064,Home Decor,Tamil Nadu,1870,2
2024-03-09,Meesho,M5980,Accessories,Gujarat,411,3
2024-03-09,Meesho,M5037,Clothes,Odisha,1092,3
2024-03-09,Meesho,M7414,Grocery,Odisha,1502,2
2024-03-09,Meesho,M7290,Grocery,Maharashtra,4050,5
2024-03-09,Meesho,M9711,Grocery,Haryana,2928,4
2024-03-09,Meesho,M2709,Home Decor,Andhra Pradesh,3248,4
2024-03-09,Meesho,M4004,Accessories,Bihar,467,1
2024-03-09,Meesho,M9974,Accessories,Andhra Pradesh,1456,2
2024-03-09,Meesho,M7734,Clothes,Jharkhand,4155,5
2024-03-09,Meesho,M3163,Grocery,Punjab,1653,3
2024-03-09,Meesho,M7768,Electronics,Punjab,979,1
2024-03-09,Meesho,M4154,Home Decor,Karnataka,2705,5
2024-03-09,Meesho,M3092,Clothes,Tamil Nadu,1284,3
2024-03-09,Meesho,M7998,Accessories,Odisha,570,5
2024-03-09,Meesho,M8774,Electronics,Punjab,2516,4
2024-03-10,Meesho,M2554,Grocery,Madhya Pradesh,3225,5
2024-03-10,Meesho,M6544,Accessories,Punjab,630,3
2024-03-10,Meesho,M5104,Grocery,Bihar,2721,3
2024-03-10,Meesho,M3122,Electronics,Punjab,1308,3
2024-03-10,Meesho,M5505,Clothes,Assam,2682,3
2024-03-10,Meesho,M1268,Accessories,Madhya Pradesh,4940,5
2024-03-10,Meesho,M2556,Accessories,Punjab,1950,2
2024-03-10,Meesho,M3456,Electronics,Tamil Nadu,1815,3
2024-03-10,Meesho,M6818,Grocery,Jharkhand,1720,5
2024-03-10,Meesho,M2467,Clothes,Telangana,975,1
2024-03-10,Meesho,M1356,Clothes,Andhra Pradesh,814,1
2024-03-10,Meesho,M5261,Home Decor,Maharashtra,422,1
2024-03-10,Meesho,M4191,Clothes,Telangana,1940,2
2024-03-10,Meesho,M5808,Clothes,Assam,4740,5
2024-03-10,Meesho,M5428,Grocery,Telangana,1116,4
2024-03-10,Meesho,M2109,Home Decor,Karnataka,582,3
2024-03-10,Meesho,M2782,Clothes,Uttarakhand,4335,5
2024-03-10,Meesho,M2895,Home Decor,Kerala,2949,3
2024-03-10,Meesho,M7123,Grocery,Karnataka,1137,3
2024-03-10,Meesho,M6415,Home Decor,Bihar,1438,2
2024-03-10,Meesho,M7950,Electronics,Karnataka,2680,4
2024-03-10,Meesho,M3980,Clothes,Madhya Pradesh,713,1
2024-03-10,Meesho,M2156,Home Decor,Rajasthan,601,1
2024-03-10,Meesho,M4293,Electronics,Odisha,3410,5
2024-03-10,Meesho,M4592,Clothes,Karnataka,422,1
2024-03-10,Meesho,M1994,Accessories,Uttar Pradesh,351,3
2024-03-10,Meesho,M1802,Electronics,Karnataka,378,3
2024-03-10,Meesho,M4318,Accessories,Madhya Pradesh,2520,3
2024-03-10,Meesho,M1353,Home Decor,Uttar Pradesh,2568,3
2024-03-10,Meesho,M2447,Grocery,West Bengal,1456,4
2024-03-10,Meesho,M1333,Accessories,Uttar Pradesh,3132,4
2024-03-10,Meesho,M5317,Grocery,Tamil Nadu,1505,5
2024-03-10,Meesho,M1830,Clothes,Madhya Pradesh,1252,2
2024-03-10,Meesho,M1299,Accessories,Madhya Pradesh,2235,5
2024-03-10,Meesho,M3167,Accessories,Punjab,3540,5
2024-03-10,Meesho,M1556,Electronics,Haryana,1772,2
2024-03-11,Meesho,M1925,Home Decor,Haryana,282,2
2024-03-11,Meesho,M4810,Clothes,Gujarat,1280,4
2024-03-11,Meesho,M2428,Accessories,Madhya Pradesh,2472,3
2024-03-11,Meesho,M9731,Home Decor,Gujarat,825,3
2024-03-11,Meesho,M2923,Electronics,Karnataka,3730,5
2024-03-11,Meesho,M8002,Clothes,Kerala,3244,4
2024-03-11,Meesho,M8406,Home Decor,West Bengal,266,1
2024-03-11,Meesho,M7674,Electronics,Delhi,1475,5
2024-03-11,Meesho,M9752,Clothes,Chhattisgarh,1040,5
2024-03-11,Meesho,M3010,Accessories,Rajasthan,2364,4
2024-03-11,Meesho,M7317,Home Decor,Chhattisgarh,3075,5
2024-03-11,Meesho,M6194,Grocery,Karnataka,2355,5
2024-03-11,Meesho,M6985,Home Decor,Assam,3260,5
2024-03-11,Meesho,M4786,Accessories,West Bengal,1122,2
2024-03-11,Meesho,M9671,Electronics,Kerala,755,5
2024-03-11,Meesho,M3623,Electronics,Karnataka,744,4
2024-03-11,Meesho,M1097,Home Decor,West Bengal,1836,3
2024-03-11,Meesho,M8698,Electronics,Bihar,466,1
2024-03-11,Meesho,M8072,Home Decor,Rajasthan,3716,4
2024-03-11,Meesho,M8139,Clothes,West Bengal,1893,3
2024-03-11,Meesho,M5750,Clothes,Gujarat,1620,2
2024-03-11,Meesho,M8338,Accessories,Odisha,982,2
2024-03-11,Meesho,M5726,Home Decor,Odisha,1456,2
2024-03-11,Meesho,M1116,Accessories,Punjab,2300,4
2024-03-11,Meesho,M3098,Grocery,Delhi,662,1
2024-03-11,Meesho,M1451,Clothes,Jharkhand,846,3
2024-03-11,Meesho,M3361,Accessories,Haryana,490,2
2024-03-11,Meesho,M6349,Accessories,Haryana,1008,3
2024-03-11,Meesho,M1206,Accessories,Uttar Pradesh,2135,5
2024-03-11,Meesho,M2108,Clothes,Haryana,258,2
2024-03-11,Meesho,M1549,Electronics,Odisha,402,3
2024-03-12,Meesho,M5925,Accessories,Kerala,945,3
2024-03-12,Meesho,M3193,Electronics,Kerala,2035,5
2024-03-12,Meesho,M3286,Grocery,Uttarakhand,3388,4
2024-03-12,Meesho,M3732,Grocery,Tamil Nadu,1514,2
2024-03-12,Meesho,M6942,Electronics,Punjab,4865,5
2024-03-12,Meesho,M1773,Electronics,Madhya Pradesh,4630,5
2024-03-12,Meesho,M8851,Home Decor,Delhi,2290,5
2024-03-12,Meesho,M6687,Clothes,Uttar Pradesh,2015,5
2024-03-12,Meesho,M2810,Accessories,Kerala,3190,5
2024-03-12,Meesho,M4216,Clothes,Jharkhand,1708,4
2024-03-12,Meesho,M3286,Accessories,Haryana,880,1
2024-03-12,Meesho,M3049,Accessories,Uttar Pradesh,1235,5
2024-03-12,Meesho,M4231,Clothes,Karnataka,746,1
2024-03-12,Meesho,M2234,Accessories,Haryana,3548,4
2024-03-12,Meesho,M9952,Accessories,Andhra Pradesh,792,1
2024-03-12,Meesho,M6349,Clothes,Bihar,4850,5
2024-03-12,Meesho,M6481,Accessories,Uttar Pradesh,831,1
2024-03-12,Meesho,M7500,Home Decor,Haryana,1628,4
2024-03-12,Meesho,M3531,Accessories,Karnataka,2304,4
2024-03-12,Meesho,M4417,Electronics,Jharkhand,1096,4
2024-03-12,Meesho,M1993,Electronics,Karnataka,495,1
2024-03-12,Meesho,M9389,Electronics,Kerala,2265,3
2024-03-12,Meesho,M2372,Clothes,Maharashtra,2238,3
2024-03-12,Meesho,M3264,Grocery,Telangana,879,3
2024-03-13,Meesho,M1347,Grocery,West Bengal,3432,4
2024-03-13,Meesho,M3456,Electronics,Maharashtra,164,1
2024-03-13,Meesho,M3213,Home Decor,Uttarakhand,498,3
2024-03-13,Meesho,M8955,Accessories,Karnataka,2660,4
2024-03-13,Meesho,M7504,Grocery,Maharashtra,2605,5
2024-03-13,Meesho,M2833,Grocery,Bihar,1380,3
2024-03-13,Meesho,M7054,Home Decor,Telangana,766,2
2024-03-13,Meesho,M4976,Home Decor,Odisha,622,1
2024-03-13,Meesho,M9653,Accessories,Kerala,4260,5
2024-03-13,Meesho,M5570,Accessories,Rajasthan,1374,3
2024-03-13,Meesho,M1009,Home Decor,Tamil Nadu,565,5
2024-03-13,Meesho,M6490,Clothes,Delhi,1084,2
2024-03-13,Meesho,M1895,Accessories,Telangana,456,2
2024-03-13,Meesho,M8744,Electronics,Odisha,235,1
2024-03-13,Meesho,M7006,Electronics,Delhi,688,2
2024-03-13,Meesho,M7928,Clothes,Karnataka,442,2
2024-03-13,Meesho,M4291,Clothes,Delhi,478,2
2024-03-13,Meesho,M7776,Electronics,Odisha,1821,3
2024-03-13,Meesho,M5633,Home Decor,Jharkhand,1376,4
2024-03-13,Meesho,M9121,Clothes,Uttarakhand,405,3
2024-03-13,Meesho,M9144,Home Decor,Haryana,1596,2
2024-03-13,Meesho,M4766,Home Decor,Chhattisgarh,3570,5
2024-03-13,Meesho,M6752,Electronics,Gujarat,113,1
2024-03-13,Meesho,M4774,Home Decor,Andhra Pradesh,1198,2
2024-03-13,Meesho,M7601,Clothes,Assam,1304,2
2024-03-13,Meesho,M4807,Grocery,Delhi,907,1
2024-03-13,Meesho,M1674,Grocery,Uttarakhand,2340,4
2024-03-13,Meesho,M3440,Home Decor,Andhra Pradesh,1562,2
2024-03-13,Meesho,M7946,Accessories,Chhattisgarh,1890,3
2024-03-13,Meesho,M1048,Grocery,Telangana,2010,3
2024-03-13,Meesho,M6410,Accessories,Tamil Nadu,1068,3
2024-03-13,Meesho,M2230,Home Decor,Karnataka,559,1
2024-03-13,Meesho,M9751,Home Decor,Punjab,157,1
2024-03-13,Meesho,M4450,Electronics,Madhya Pradesh,2388,4
2024-03-13,Meesho,M4481,Accessories,Tamil Nadu,2104,4
2024-03-13,Meesho,M6172,Electronics,Rajasthan,2325,3
2024-03-13,Meesho,M3457,Grocery,Uttarakhand,678,3
2024-03-13,Meesho,M6905,Home Decor,Uttarakhand,2132,4
2024-03-13,Meesho,M8983,Electronics,Bihar,509,1
2024-03-14,Meesho,M2897,Grocery,Karnataka,397,1
2024-03-14,Meesho,M4722,Grocery,Punjab,1330,2
2024-03-14,Meesho,M7005,Home Decor,Uttarakhand,834,3
2024-03-14,Meesho,M3403,Home Decor,Gujarat,771,1
2024-03-14,Meesho,M6035,Electronics,Andhra Pradesh,523,1
2024-03-14,Meesho,M7296,Grocery,Gujarat,2648,4
2024-03-14,Meesho,M3449,Clothes,Maharashtra,322,2
2024-03-14,Meesho,M7342,Grocery,Telangana,3496,4
2024-03-14,Meesho,M1115,Accessories,Delhi,926,1
2024-03-14,Meesho,M7257,Grocery,West Bengal,1028,2
2024-03-14,Meesho,M3287,Electronics,Jharkhand,1160,4
2024-03-14,Meesho,M1436,Electronics,Delhi,152,1
2024-03-14,Meesho,M4932,Home Decor,Delhi,845,5
2024-03-14,Meesho,M7676,Home Decor,Delhi,1998,2
2024-03-14,Meesho,M2796,Electronics,Madhya Pradesh,4585,5
2024-03-14,Meesho,M2837,Accessories,Maharashtra,486,3
2024-03-14,Meesho,M4997,Home Decor,Madhya Pradesh,1682,2
2024-03-14,Meesho,M3422,Electronics,Madhya Pradesh,3360,5
2024-03-14,Meesho,M4881,Home Decor,Bihar,1454,2
2024-03-14,Meesho,M6802,Grocery,Andhra Pradesh,2510,5
2024-03-14,Meesho,M8308,Electronics,Rajasthan,902,2
2024-03-14,Meesho,M1014,Home Decor,Maharashtra,2760,4
2024-03-14,Meesho,M4228,Clothes,Bihar,2475,5
2024-03-15,Meesho,M2356,Grocery,Karnataka,516,3
2024-03-15,Meesho,M6033,Accessories,Maharashtra,2445,3
2024-03-15,Meesho,M3552,Accessories,Gujarat,1405,5
2024-03-15,Meesho,M2927,Clothes,Telangana,1773,3
2024-03-15,Meesho,M9297,Grocery,Madhya Pradesh,1312,4
2024-03-15,Meesho,M4741,Clothes,Chhattisgarh,612,4
2024-03-15,Meesho,M7685,Accessories,Rajasthan,1740,2
2024-03-15,Meesho,M1173,Grocery,Punjab,702,1
2024-03-15,Meesho,M2038,Accessories,Haryana,966,1
2024-03-15,Meesho,M7702,Clothes,Rajasthan,2268,3
2024-03-15,Meesho,M7532,Electronics,Gujarat,4835,5
2024-03-15,Meesho,M8347,Home Decor,Uttar Pradesh,762,1
2024-03-15,Meesho,M3852,Accessories,Odisha,2565,3
2024-03-15,Meesho,M4526,Grocery,Karnataka,2876,4
2024-03-15,Meesho,M6978,Home Decor,Andhra Pradesh,3532,4
2024-03-15,Meesho,M4429,Grocery,Tamil Nadu,2080,5
2024-03-15,Meesho,M7200,Clothes,Tamil Nadu,894,1
2024-03-15,Meesho,M2636,Home Decor,Delhi,504,1
2024-03-15,Meesho,M7241,Accessories,Rajasthan,4280,5
2024-03-15,Meesho,M1055,Accessories,Karnataka,1465,5
2024-03-15,Meesho,M3863,Clothes,Delhi,487,1
2024-03-15,Meesho,M4526,Accessories,Punjab,1055,5
2024-03-15,Meesho,M3345,Home Decor,West Bengal,1754,2
2024-03-15,Meesho,M7819,Home Decor,Gujarat,264,2
2024-03-15,Meesho,M4786,Grocery,Bihar,3970,5
2024-03-15,Meesho,M7396,Clothes,Assam,710,2
2024-03-15,Meesho,M9899,Accessories,West Bengal,1389,3
2024-03-15,Meesho,M2031,Accessories,Telangana,520,2
2024-03-15,Meesho,M5150,Grocery,Gujarat,860,5
2024-03-15,Meesho,M9057,Clothes,Rajasthan,3092,4
2024-03-15,Meesho,M6971,Home Decor,Odisha,2856,4
2024-03-15,Meesho,M1293,Clothes,Karnataka,336,3
2024-03-15,Meesho,M3457,Accessories,Rajasthan,1330,2
2024-03-15,Meesho,M2766,Grocery,Assam,1731,3
2024-03-15,Meesho,M7896,Electronics,Gujarat,987,3
2024-03-15,Meesho,M7409,Electronics,West Bengal,627,3
2024-03-15,Meesho,M2404,Home Decor,Jharkhand,1722,3
2024-03-15,Meesho,M3391,Accessories,Tamil Nadu,1047,3
2024-03-15,Meesho,M8207,Home Decor,Assam,3012,4
2024-03-16,Meesho,M9510,Accessories,Gujarat,2780,4
2024-03-16,Meesho,M3488,Clothes,Haryana,1695,5
2024-03-16,Meesho,M9667,Clothes,Karnataka,2184,3
2024-03-16,Meesho,M6089,Home Decor,Tamil Nadu,632,4
2024-03-16,Meesho,M3022,Grocery,Maharashtra,1128,4
2024-03-16,Meesho,M7903,Electronics,Karnataka,3220,4
2024-03-16,Meesho,M7251,Electronics,Andhra Pradesh,1020,5
2024-03-16,Meesho,M6830,Accessories,Andhra Pradesh,700,1
2024-03-16,Meesho,M8831,Grocery,Chhattisgarh,868,4
2024-03-16,Meesho,M2391,Home Decor,Uttarakhand,997,1
2024-03-16,Meesho,M4029,Electronics,Tamil Nadu,199,1
2024-03-16,Meesho,M2871,Clothes,Madhya Pradesh,1488,2
2024-03-16,Meesho,M3738,Accessories,Assam,615,3
2024-03-16,Meesho,M9456,Electronics,Andhra Pradesh,618,2
2024-03-16,Meesho,M5357,Home Decor,Chhattisgarh,1315,5
2024-03-16,Meesho,M7523,Electronics,Jharkhand,1094,2
2024-03-16,Meesho,M1950,Home Decor,Punjab,1710,2
2024-03-16,Meesho,M1719,Clothes,Jharkhand,756,3
2024-03-16,Meesho,M6392,Grocery,Uttarakhand,732,4
2024-03-16,Meesho,M6286,Accessories,West Bengal,682,1
2024-03-16,Meesho,M6654,Clothes,Telangana,719,1
2024-03-16,Meesho,M7482,Electronics,Chhattisgarh,1174,2
2024-03-16,Meesho,M3705,Electronics,Odisha,675,1
2024-03-16,Meesho,M4085,Accessories,Delhi,1620,5
2024-03-16,Meesho,M7843,Home Decor,Maharashtra,454,1
2024-03-16,Meesho,M4154,Electronics,Chhattisgarh,3580,4
2024-03-16,Meesho,M3164,Clothes,Telangana,2445,3
2024-03-16,Meesho,M8923,Grocery,Bihar,783,3
2024-03-16,Meesho,M4180,Grocery,Uttar Pradesh,1895,5
2024-03-16,Meesho,M8504,Home Decor,Kerala,618,2
2024-03-17,Meesho,M9417,Accessories,Delhi,2340,3
2024-03-17,Meesho,M3120,Clothes,Jharkhand,1166,2
2024-03-17,Meesho,M3777,Electronics,Telangana,446,2
2024-03-17,Meesho,M8929,Grocery,Haryana,2112,3
2024-03-17,Meesho,M2069,Grocery,Chhattisgarh,748,2
2024-03-17,Meesho,M7738,Home Decor,Uttarakhand,2010,3
2024-03-17,Meesho,M8122,Clothes,Uttar Pradesh,438,3
2024-03-17,Meesho,M7033,Clothes,Maharashtra,3004,4
2024-03-17,Meesho,M4988,Grocery,Jharkhand,1530,5
2024-03-17,Meesho,M5844,Home Decor,Uttar Pradesh,3668,4
2024-03-17,Meesho,M3238,Accessories,Assam,979,1
2024-03-17,Meesho,M4275,Clothes,Maharashtra,1821,3
2024-03-17,Meesho,M5656,Accessories,Odisha,3528,4
2024-03-17,Meesho,M5334,Electronics,Assam,687,3
2024-03-17,Meesho,M4221,Electronics,Tamil Nadu,432,2
2024-03-17,Meesho,M2184,Grocery,Kerala,2490,3
2024-03-17,Meesho,M8530,Accessories,Gujarat,1556,4
2024-03-17,Meesho,M6012,Electronics,Kerala,272,1
2024-03-17,Meesho,M5686,Grocery,Karnataka,2601,3
2024-03-17,Meesho,M5539,Electronics,Karnataka,3468,4
2024-03-17,Meesho,M7563,Electronics,Uttar Pradesh,2120,5
2024-03-17,Meesho,M6863,Electronics,Chhattisgarh,3732,4
2024-03-17,Meesho,M1409,Grocery,West Bengal,344,2
2024-03-17,Meesho,M4785,Accessories,Chhattisgarh,457,1
2024-03-17,Meesho,M6263,Home Decor,Jharkhand,2415,5
2024-03-18,Meesho,M8874,Accessories,Maharashtra,620,2
2024-03-18,Meesho,M9541,Accessories,Kerala,1708,2
2024-03-18,Meesho,M8416,Accessories,Kerala,2480,4
2024-03-18,Meesho,M7842,Clothes,Andhra Pradesh,556,4
2024-03-18,Meesho,M6538,Home Decor,Delhi,1692,2
2024-03-18,Meesho,M6537,Clothes,Madhya Pradesh,891,3
2024-03-18,Meesho,M3523,Home Decor,Andhra Pradesh,808,1
2024-03-18,Meesho,M3753,Grocery,Uttarakhand,2277,3
2024-03-18,Meesho,M3180,Grocery,Odisha,2700,4
2024-03-18,Meesho,M3616,Clothes,Delhi,1042,2
2024-03-18,Meesho,M5488,Electronics,Uttarakhand,1425,5
2024-03-18,Meesho,M3630,Accessories,Bihar,1910,2
2024-03-18,Meesho,M4183,Grocery,Delhi,2644,4
2024-03-18,Meesho,M3113,Clothes,Karnataka,3432,4
2024-03-18,Meesho,M8038,Grocery,Andhra Pradesh,2211,3
2024-03-18,Meesho,M7517,Clothes,Punjab,2073,3
2024-03-18,Meesho,M8831,Grocery,Uttar Pradesh,574,2
2024-03-18,Meesho,M5017,Home Decor,Uttarakhand,1137,3
2024-03-18,Meesho,M6695,Accessories,Haryana,1324,4
2024-03-18,Meesho,M5956,Home Decor,Andhra Pradesh,2264,4
2024-03-19,Meesho,M9518,Grocery,Tamil Nadu,1704,2
2024-03-19,Meesho,M4538,Grocery,Chhattisgarh,918,3
2024-03-19,Meesho,M2828,Home Decor,Uttar Pradesh,2325,3
2024-03-19,Meesho,M6853,Grocery,Punjab,1638,3
2024-03-19,Meesho,M8478,Home Decor,Delhi,1760,2
2024-03-19,Meesho,M1611,Accessories,Kerala,3860,4
2024-03-19,Meesho,M3373,Electronics,Madhya Pradesh,2630,5
2024-03-19,Meesho,M7539,Accessories,Punjab,613,1
2024-03-19,Meesho,M9717,Clothes,Telangana,127,1
2024-03-19,Meesho,M2200,Home Decor,Punjab,3268,4
2024-03-19,Meesho,M9516,Clothes,Chhattisgarh,3856,4
2024-03-19,Meesho,M7044,Electronics,Rajasthan,873,1
2024-03-19,Meesho,M2865,Electronics,Chhattisgarh,1248,3
2024-03-19,Meesho,M6784,Home Decor,Gujarat,2745,3
2024-03-19,Meesho,M4183,Accessories,Madhya Pradesh,1584,3
2024-03-19,Meesho,M5654,Accessories,Uttarakhand,1804,4
2024-03-19,Meesho,M8371,Accessories,Odisha,928,4
2024-03-19,Meesho,M6353,Electronics,Chhattisgarh,2274,3
2024-03-19,Meesho,M5304,Electronics,Delhi,2802,3
2024-03-19,Meesho,M5396,Home Decor,Haryana,748,4
2024-03-19,Meesho,M9842,Electronics,Andhra Pradesh,407,1
2024-03-19,Meesho,M7057,Accessories,Odisha,3784,4
2024-03-19,Meesho,M5858,Electronics,Chhattisgarh,810,2
2024-03-20,Meesho,M5900,Accessories,Bihar,1404,4
2024-03-20,Meesho,M4252,Home Decor,Gujarat,1066,2
2024-03-20,Meesho,M3530,Electronics,Madhya Pradesh,2700,5
2024-03-20,Meesho,M9631,Home Decor,Assam,1364,4
2024-03-20,Meesho,M4181,Electronics,Delhi,995,5
2024-03-20,Meesho,M7791,Home Decor,Andhra Pradesh,592,2
2024-03-20,Meesho,M8755,Electronics,Delhi,1725,3
2024-03-20,Meesho,M2264,Grocery,Odisha,3550,5
2024-03-20,Meesho,M5341,Electronics,Karnataka,3108,4
2024-03-20,Meesho,M9531,Home Decor,Haryana,1869,3
2024-03-20,Meesho,M3477,Electronics,Uttarakhand,4530,5
2024-03-20,Meesho,M7824,Accessories,Haryana,468,3
2024-03-20,Meesho,M2046,Clothes,Gujarat,4680,5
2024-03-20,Meesho,M4874,Clothes,Assam,366,2
2024-03-20,Meesho,M1297,Home Decor,Chhattisgarh,685,5
2024-03-20,Meesho,M1081,Clothes,Andhra Pradesh,2985,5
2024-03-20,Meesho,M6437,Grocery,Bihar,3820,4
2024-03-20,Meesho,M4596,Home Decor,Chhattisgarh,3190,5
2024-03-20,Meesho,M1911,Home Decor,Tamil Nadu,4890,5
2024-03-20,Meesho,M4194,Grocery,Jharkhand,706,1
2024-03-20,Meesho,M6752,Accessories,Assam,2808,3
2024-03-20,Meesho,M5210,Electronics,Karnataka,571,1
2024-03-20,Meesho,M8915,Clothes,Odisha,897,1
2024-03-20,Meesho,M7343,Clothes,Odisha,664,4
2024-03-20,Meesho,M4441,Home Decor,Jharkhand,896,4
2024-03-20,Meesho,M2425,Accessories,Odisha,1890,2
2024-03-20,Meesho,M5994,Home Decor,Tamil Nadu,2390,5
2024-03-20,Meesho,M5437,Grocery,Punjab,2967,3
2024-03-21,Meesho,M2561,Grocery,Tamil Nadu,1090,2
2024-03-21,Meesho,M3406,Accessories,Karnataka,656,4
2024-03-21,Meesho,M8392,Clothes,Rajasthan,2256,3
2024-03-21,Meesho,M1123,Grocery,Odisha,2550,5
2024-03-21,Meesho,M2209,Clothes,Bihar,1809,3
2024-03-21,Meesho,M6181,Home Decor,Chhattisgarh,2995,5
2024-03-21,Meesho,M4172,Home Decor,Tamil Nadu,404,1
2024-03-21,Meesho,M8703,Clothes,Bihar,4985,5
2024-03-21,Meesho,M7333,Accessories,Kerala,1230,5
2024-03-21,Meesho,M7624,Clothes,Kerala,2445,5
2024-03-21,Meesho,M8991,Home Decor,Delhi,2862,3
2024-03-21,Meesho,M6335,Grocery,West Bengal,4825,5
2024-03-21,Meesho,M5200,Clothes,Odisha,1315,5
2024-03-21,Meesho,M8192,Grocery,Maharashtra,412,4
2024-03-21,Meesho,M9848,Grocery,Rajasthan,2676,4
2024-03-21,Meesho,M5557,Clothes,Tamil Nadu,1502,2
2024-03-21,Meesho,M5466,Accessories,Chhattisgarh,780,1
2024-03-21,Meesho,M3360,Accessories,Rajasthan,1415,5
2024-03-21,Meesho,M8495,Electronics,Gujarat,2628,4
2024-03-21,Meesho,M4968,Accessories,Punjab,872,4
2024-03-21,Meesho,M4519,Clothes,Gujarat,2045,5
2024-03-21,Meesho,M1115,Electronics,Telangana,1710,5
2024-03-21,Meesho,M4083,Accessories,Bihar,1294,2
2024-03-21,Meesho,M2270,Electronics,Rajasthan,984,1
2024-03-21,Meesho,M8901,Grocery,Punjab,777,3
2024-03-21,Meesho,M8959,Electronics,Karnataka,975,1
2024-03-21,Meesho,M4693,Electronics,Kerala,254,2
2024-03-21,Meesho,M1635,Home Decor,Kerala,986,2
2024-03-21,Meesho,M5231,Clothes,West Bengal,662,2
2024-03-21,Meesho,M2266,Clothes,Uttarakhand,2348,4
2024-03-21,Meesho,M2054,Accessories,Gujarat,579,3
2024-03-21,Meesho,M6237,Grocery,Punjab,339,3
2024-03-21,Meesho,M3713,Electronics,Punjab,1375,5
2024-03-21,Meesho,M1225,Accessories,Delhi,1290,2
2024-03-21,Meesho,M9191,Home Decor,Bihar,315,1
2024-03-21,Meesho,M9341,Electronics,Karnataka,224,1
2024-03-21,Meesho,M5725,Home Decor,Andhra Pradesh,3005,5
2024-03-22,Meesho,M5455,Clothes,Haryana,678,2
2024-03-22,Meesho,M3943,Accessories,Madhya Pradesh,562,1
2024-03-22,Meesho,M4724,Home Decor,Haryana,260,1
2024-03-22,Meesho,M3591,Grocery,Assam,221,1
2024-03-22,Meesho,M4611,Clothes,Punjab,131,1
2024-03-22,Meesho,M2077,Accessories,Tamil Nadu,2079,3
2024-03-22,Meesho,M3644,Home Decor,Haryana,3960,5
2024-03-22,Meesho,M9281,Electronics,Odisha,1923,3
2024-03-22,Meesho,M5774,Accessories,Gujarat,3084,4
2024-03-22,Meesho,M3511,Accessories,Chhattisgarh,746,1
2024-03-22,Meesho,M7784,Grocery,Madhya Pradesh,636,2
2024-03-22,Meesho,M3547,Home Decor,Odisha,1532,2
2024-03-22,Meesho,M2053,Home Decor,Tamil Nadu,560,1
2024-03-22,Meesho,M7670,Electronics,Punjab,1744,2
2024-03-22,Meesho,M3266,Accessories,Punjab,3400,5
2024-03-22,Meesho,M5667,Accessories,Jharkhand,2768,4
2024-03-22,Meesho,M1521,Electronics,Andhra Pradesh,1595,5
2024-03-22,Meesho,M1649,Home Decor,Delhi,797,1
2024-03-22,Meesho,M4870,Electronics,Rajasthan,1670,2
2024-03-22,Meesho,M7068,Clothes,Tamil Nadu,3535,5
2024-03-22,Meesho,M5624,Clothes,Madhya Pradesh,1044,4
2024-03-22,Meesho,M5887,Grocery,Maharashtra,910,5
2024-03-22,Meesho,M8433,Electronics,Uttarakhand,4390,5
2024-03-22,Meesho,M5930,Home Decor,Tamil Nadu,840,5
2024-03-22,Meesho,M2745,Clothes,Haryana,1680,2
2024-03-22,Meesho,M4828,Clothes,Odisha,2270,5
2024-03-22,Meesho,M1551,Clothes,Karnataka,2025,3
2024-03-22,Meesho,M1627,Accessories,Andhra Pradesh,519,1
2024-03-22,Meesho,M4585,Home Decor,Bihar,1506,2
2024-03-23,Meesho,M1950,Home Decor,Karnataka,3610,5
2024-03-23,Meesho,M5379,Grocery,Gujarat,3280,4
2024-03-23,Meesho,M7059,Accessories,Tamil Nadu,2877,3
2024-03-23,Meesho,M8692,Grocery,Telangana,573,1
2024-03-23,Meesho,M4551,Clothes,Kerala,1460,2
2024-03-23,Meesho,M1912,Electronics,Maharashtra,464,2
2024-03-23,Meesho,M2326,Clothes,Andhra Pradesh,1062,3
2024-03-23,Meesho,M6659,Accessories,Odisha,2030,5
2024-03-23,Meesho,M3223,Accessories,Tamil Nadu,1272,2
2024-03-23,Meesho,M6251,Electronics,West Bengal,596,4
2024-03-23,Meesho,M7266,Home Decor,Tamil Nadu,4975,5
2024-03-23,Meesho,M8951,Electronics,Assam,777,3
2024-03-23,Meesho,M3595,Clothes,Odisha,692,2
2024-03-23,Meesho,M9991,Electronics,Jharkhand,2340,4
2024-03-23,Meesho,M2751,Electronics,Haryana,4240,5
2024-03-23,Meesho,M7927,Clothes,Kerala,1062,3
2024-03-23,Meesho,M2112,Electronics,West Bengal,2949,3
2024-03-23,Meesho,M2842,Electronics,Punjab,1548,4
2024-03-23,Meesho,M9295,Clothes,Gujarat,3396,4
2024-03-23,Meesho,M4526,Clothes,Kerala,792,3
2024-03-23,Meesho,M9899,Accessories,Rajasthan,3945,5
2024-03-23,Meesho,M7472,Grocery,Odisha,982,1
2024-03-23,Meesho,M2366,Clothes,Gujarat,1035,3
2024-03-23,Meesho,M1730,Home Decor,Uttar Pradesh,720,3
2024-03-23,Meesho,M7429,Accessories,Odisha,1824,2
2024-03-23,Meesho,M2394,Home Decor,Karnataka,4810,5
2024-03-23,Meesho,M7405,Clothes,Jharkhand,216,1
2024-03-23,Meesho,M3659,Clothes,Andhra Pradesh,4440,5
2024-03-23,Meesho,M1372,Electronics,Delhi,129,1
2024-03-23,Meesho,M6184,Clothes,Uttarakhand,476,1
2024-03-23,Meesho,M3558,Grocery,Tamil Nadu,2350,5
2024-03-23,Meesho,M5722,Home Decor,Delhi,586,2
2024-03-23,Meesho,M2976,Electronics,Bihar,1869,3
2024-03-24,Meesho,M5998,Grocery,Tamil Nadu,4285,5
2024-03-24,Meesho,M7722,Clothes,Chhattisgarh,1388,4
2024-03-24,Meesho,M5603,Home Decor,Gujarat,1194,2
2024-03-24,Meesho,M8078,Clothes,Tamil Nadu,605,5
2024-03-24,Meesho,M7628,Home Decor,Karnataka,960,3
2024-03-24,Meesho,M4407,Grocery,Odisha,528,4
2024-03-24,Meesho,M2729,Home Decor,Tamil Nadu,714,2
2024-03-24,Meesho,M6568,Grocery,West Bengal,4485,5
2024-03-24,Meesho,M9919,Grocery,Madhya Pradesh,429,1
2024-03-24,Meesho,M2206,Accessories,Maharashtra,792,3
2024-03-24,Meesho,M6424,Electronics,Uttar Pradesh,1256,2
2024-03-24,Meesho,M2685,Clothes,Jharkhand,803,1
2024-03-24,Meesho,M6162,Home Decor,Uttarakhand,546,1
2024-03-24,Meesho,M3831,Grocery,Odisha,610,1
2024-03-24,Meesho,M5087,Home Decor,Haryana,535,1
2024-03-24,Meesho,M8529,Clothes,Rajasthan,2169,3
2024-03-24,Meesho,M1670,Home Decor,West Bengal,516,4
2024-03-24,Meesho,M7248,Accessories,Haryana,1544,2
2024-03-24,Meesho,M5014,Grocery,Uttar Pradesh,197,1
2024-03-24,Meesho,M4318,Grocery,Bihar,1176,4
2024-03-24,Meesho,M2896,Electronics,Haryana,597,3
2024-03-24,Meesho,M6981,Accessories,Haryana,154,1
2024-03-24,Meesho,M4323,Grocery,Bihar,1602,3
2024-03-24,Meesho,M9999,Accessories,Gujarat,1280,5
2024-03-24,Meesho,M7265,Clothes,Telangana,673,1
2024-03-24,Meesho,M6303,Clothes,Odisha,752,2
2024-03-24,Meesho,M5426,Accessories,Maharashtra,1356,2
2024-03-24,Meesho,M2870,Clothes,Madhya Pradesh,373,1
2024-03-24,Meesho,M6433,Home Decor,Kerala,752,4
2024-03-24,Meesho,M7233,Electronics,Chhattisgarh,1956,3
2024-03-24,Meesho,M1268,Home Decor,Karnataka,222,1
2024-03-24,Meesho,M6844,Accessories,Delhi,2349,3
2024-03-24,Meesho,M6132,Home Decor,Punjab,519,1
2024-03-24,Meesho,M7044,Grocery,Telangana,1256,2
2024-03-24,Meesho,M6699,Home Decor,Rajasthan,538,1
2024-03-24,Meesho,M2567,Grocery,Gujarat,1775,5
2024-03-24,Meesho,M8848,Accessories,Odisha,945,3
2024-03-24,Meesho,M2095,Electronics,Delhi,2280,3
2024-03-24,Meesho,M5988,Accessories,Assam,1560,4
2024-03-25,Meesho,M8199,Home Decor,Haryana,876,1
2024-03-25,Meesho,M3087,Clothes,Telangana,4040,5
2024-03-25,Meesho,M6767,Accessories,Maharashtra,1032,3
2024-03-25,Meesho,M1050,Electronics,West Bengal,3690,5
2024-03-25,Meesho,M8420,Home Decor,Gujarat,2421,3
2024-03-25,Meesho,M5830,Accessories,Kerala,247,1
2024-03-25,Meesho,M3303,Electronics,Haryana,2814,3
2024-03-25,Meesho,M7051,Electronics,Rajasthan,2385,5
2024-03-25,Meesho,M7851,Home Decor,Jharkhand,1494,2
2024-03-25,Meesho,M9871,Grocery,West Bengal,2739,3
2024-03-25,Meesho,M4166,Home Decor,Andhra Pradesh,558,1
2024-03-25,Meesho,M2054,Home Decor,Rajasthan,2390,5
2024-03-25,Meesho,M8230,Accessories,Uttarakhand,290,2
2024-03-25,Meesho,M4593,Home Decor,Punjab,3316,4
2024-03-25,Meesho,M6495,Electronics,Kerala,464,2
2024-03-25,Meesho,M2858,Home Decor,Punjab,2120,4
2024-03-25,Meesho,M4945,Grocery,Uttarakhand,376,1
2024-03-25,Meesho,M3850,Electronics,Tamil Nadu,2742,3
2024-03-25,Meesho,M3529,Grocery,Haryana,1190,5
2024-03-25,Meesho,M7616,Grocery,Gujarat,710,5
2024-03-25,Meesho,M9730,Accessories,Punjab,2570,5
2024-03-25,Meesho,M9816,Home Decor,Telangana,2345,5
2024-03-25,Meesho,M5645,Home Decor,Telangana,1712,2
2024-03-25,Meesho,M4456,Home Decor,Rajasthan,1500,5
2024-03-25,Meesho,M8089,Accessories,Odisha,3728,4
2024-03-26,Meesho,M9556,Accessories,Uttar Pradesh,984,4
2024-03-26,Meesho,M5534,Electronics,Jharkhand,816,1
2024-03-26,Meesho,M3429,Home Decor,Uttarakhand,798,2
2024-03-26,Meesho,M9975,Electronics,Odisha,3048,4
2024-03-26,Meesho,M5077,Electronics,Uttar Pradesh,184,1
2024-03-26,Meesho,M2101,Accessories,Odisha,3636,4
2024-03-26,Meesho,M1736,Electronics,Andhra Pradesh,630,3
2024-03-26,Meesho,M5629,Clothes,Gujarat,100,1
2024-03-26,Meesho,M7996,Grocery,Uttar Pradesh,612,1
2024-03-26,Meesho,M6791,Home Decor,Chhattisgarh,881,1
2024-03-26,Meesho,M8759,Clothes,Haryana,700,2
2024-03-26,Meesho,M7351,Accessories,Madhya Pradesh,2252,4
2024-03-26,Meesho,M8411,Clothes,West Bengal,2825,5
2024-03-26,Meesho,M6669,Grocery,Chhattisgarh,4475,5
2024-03-26,Meesho,M3675,Accessories,Gujarat,606,2
2024-03-26,Meesho,M8588,Grocery,Kerala,601,1
2024-03-26,Meesho,M8592,Home Decor,Karnataka,2505,3
2024-03-26,Meesho,M9109,Clothes,Uttarakhand,986,1
2024-03-26,Meesho,M2820,Accessories,Maharashtra,897,3
2024-03-26,Meesho,M3079,Home Decor,Haryana,1554,3
2024-03-26,Meesho,M3839,Grocery,Gujarat,650,1
2024-03-26,Meesho,M1484,Accessories,Punjab,912,3
2024-03-26,Meesho,M9298,Accessories,Telangana,4080,5
2024-03-27,Meesho,M9412,Electronics,Chhattisgarh,3568,4
2024-03-27,Meesho,M5476,Clothes,Tamil Nadu,2460,5
2024-03-27,Meesho,M5365,Accessories,Jharkhand,2128,4
2024-03-27,Meesho,M2790,Electronics,Uttarakhand,2199,3
2024-03-27,Meesho,M6446,Accessories,Uttar Pradesh,209,1
2024-03-27,Meesho,M8863,Clothes,Jharkhand,1745,5
2024-03-27,Meesho,M9773,Accessories,Rajasthan,812,2
2024-03-27,Meesho,M8850,Clothes,Tamil Nadu,3810,5
2024-03-27,Meesho,M1624,Accessories,Punjab,945,3
2024-03-27,Meesho,M6582,Electronics,Odisha,1756,2
2024-03-27,Meesho,M8953,Accessories,Rajasthan,339,3
2024-03-27,Meesho,M7206,Home Decor,Karnataka,1904,2
2024-03-27,Meesho,M7003,Grocery,Telangana,932,2
2024-03-27,Meesho,M1017,Electronics,West Bengal,1848,3
2024-03-27,Meesho,M5331,Grocery,Bihar,585,5
2024-03-27,Meesho,M7532,Home Decor,Uttar Pradesh,557,1
2024-03-27,Meesho,M1109,Accessories,Kerala,862,2
2024-03-27,Meesho,M6857,Home Decor,Delhi,736,1
2024-03-27,Meesho,M3552,Accessories,Telangana,960,4
2024-03-27,Meesho,M9804,Accessories,Bihar,3324,4
2024-03-27,Meesho,M4797,Home Decor,Punjab,3880,4
2024-03-27,Meesho,M1535,Grocery,Haryana,378,3
2024-03-27,Meesho,M3511,Clothes,Kerala,2271,3
2024-03-27,Meesho,M6229,Clothes,Kerala,3290,5
2024-03-27,Meesho,M5720,Accessories,West Bengal,432,1
2024-03-27,Meesho,M3050,Electronics,Andhra Pradesh,696,4
2024-03-27,Meesho,M7013,Accessories,Uttar Pradesh,490,2
2024-03-27,Meesho,M4149,Grocery,Odisha,343,1
2024-03-27,Meesho,M9460,Clothes,Karnataka,1380,3
2024-03-27,Meesho,M2797,Home Decor,Chhattisgarh,3700,5
2024-03-27,Meesho,M3027,Home Decor,Uttarakhand,378,2
2024-03-27,Meesho,M6170,Grocery,West Bengal,4480,5
2024-03-27,Meesho,M6870,Home Decor,Jharkhand,1672,2
2024-03-27,Meesho,M9881,Accessories,Kerala,1982,2
2024-03-27,Meesho,M7234,Grocery,Jharkhand,2814,3
2024-03-27,Meesho,M9074,Grocery,Andhra Pradesh,1955,5
2024-03-27,Meesho,M3715,Grocery,West Bengal,3870,5
2024-03-27,Meesho,M2410,Electronics,Andhra Pradesh,2469,3
2024-03-27,Meesho,M3972,Electronics,Madhya Pradesh,792,1
2024-03-27,Meesho,M1447,Grocery,Punjab,4310,5
2024-03-28,Meesho,M1104,Electronics,Maharashtra,957,3
2024-03-28,Meesho,M7149,Accessories,Karnataka,1850,5
2024-03-28,Meesho,M6622,Accessories,Maharashtra,128,1
2024-03-28,Meesho,M9904,Accessories,Chhattisgarh,2448,3
2024-03-28,Meesho,M4458,Electronics,Uttarakhand,3565,5
2024-03-28,Meesho,M3262,Accessories,Assam,1302,3
2024-03-28,Meesho,M9826,Clothes,Uttarakhand,726,1
2024-03-28,Meesho,M1009,Clothes,Punjab,1118,2
2024-03-28,Meesho,M8870,Grocery,West Bengal,960,4
2024-03-28,Meesho,M2018,Grocery,Rajasthan,1150,5
2024-03-28,Meesho,M5802,Electronics,Andhra Pradesh,4270,5
2024-03-28,Meesho,M6005,Clothes,West Bengal,1473,3
2024-03-28,Meesho,M1672,Clothes,Jharkhand,1048,4
2024-03-28,Meesho,M6644,Grocery,Delhi,610,2
2024-03-28,Meesho,M1031,Grocery,Telangana,1166,2
2024-03-28,Meesho,M6550,Home Decor,Madhya Pradesh,1255,5
2024-03-28,Meesho,M4099,Electronics,Kerala,534,2
2024-03-28,Meesho,M6294,Home Decor,West Bengal,1248,2
2024-03-28,Meesho,M4951,Grocery,Bihar,2271,3
2024-03-28,Meesho,M9242,Accessories,Jharkhand,200,2
2024-03-28,Meesho,M3304,Clothes,Assam,3816,4
2024-03-29,Meesho,M5097,Electronics,Chhattisgarh,2112,4
2024-03-29,Meesho,M8302,Accessories,Rajasthan,2068,4
2024-03-29,Meesho,M8348,Electronics,Kerala,489,3
2024-03-29,Meesho,M5518,Clothes,Andhra Pradesh,1630,5
2024-03-29,Meesho,M9742,Home Decor,Telangana,602,1
2024-03-29,Meesho,M8733,Home Decor,Bihar,145,1
2024-03-29,Meesho,M2968,Accessories,Haryana,524,4
2024-03-29,Meesho,M6772,Grocery,Punjab,3340,5
2024-03-29,Meesho,M8892,Home Decor,Delhi,4365,5
2024-03-29,Meesho,M6638,Accessories,Odisha,143,1
2024-03-29,Meesho,M6078,Grocery,Maharashtra,431,1
2024-03-29,Meesho,M4983,Clothes,Andhra Pradesh,1964,4
2024-03-29,Meesho,M8286,Electronics,Haryana,1232,4
2024-03-29,Meesho,M3105,Clothes,Rajasthan,4535,5
2024-03-29,Meesho,M1017,Electronics,Maharashtra,1742,2
2024-03-29,Meesho,M5185,Grocery,Kerala,1611,3
2024-03-29,Meesho,M1908,Accessories,Punjab,1704,4
2024-03-29,Meesho,M4648,Clothes,Telangana,2730,5
2024-03-29,Meesho,M2297,Electronics,Tamil Nadu,2520,4
2024-03-29,Meesho,M5047,Electronics,Rajasthan,1071,3
2024-03-29,Meesho,M6323,Grocery,Andhra Pradesh,382,1
2024-03-29,Meesho,M7050,Electronics,Madhya Pradesh,2811,3
2024-03-29,Meesho,M7598,Clothes,Gujarat,429,3
2024-03-29,Meesho,M6483,Accessories,Chhattisgarh,2916,4
2024-03-29,Meesho,M5324,Clothes,Gujarat,3140,4
2024-03-29,Meesho,M5804,Clothes,Kerala,230,2
2024-03-29,Meesho,M6287,Accessories,Karnataka,1140,5
2024-03-29,Meesho,M9935,Electronics,Punjab,237,1
2024-03-29,Meesho,M1493,Home Decor,Maharashtra,2770,5
2024-03-29,Meesho,M8175,Electronics,Madhya Pradesh,1410,3
2024-03-29,Meesho,M1411,Clothes,Maharashtra,3708,4
2024-03-29,Meesho,M5550,Electronics,Rajasthan,1306,2
2024-03-30,Meesho,M6791,Home Decor,Delhi,207,1
2024-03-30,Meesho,M6341,Accessories,Tamil Nadu,1116,3
2024-03-30,Meesho,M6203,Grocery,Odisha,844,4
2024-03-30,Meesho,M9263,Home Decor,Kerala,792,3
2024-03-30,Meesho,M3299,Electronics,Assam,447,3
2024-03-30,Meesho,M1945,Grocery,Madhya Pradesh,4870,5
2024-03-30,Meesho,M2318,Home Decor,Kerala,223,1
2024-03-30,Meesho,M4575,Grocery,Delhi,3464,4
2024-03-30,Meesho,M3929,Clothes,Haryana,850,2
2024-03-30,Meesho,M8540,Grocery,Odisha,476,2
2024-03-30,Meesho,M1182,Electronics,Jharkhand,1264,4
2024-03-30,Meesho,M4147,Clothes,Telangana,2870,5
2024-03-30,Meesho,M7744,Clothes,Punjab,1812,3
2024-03-30,Meesho,M5571,Home Decor,Bihar,1948,2
2024-03-30,Meesho,M6470,Electronics,Maharashtra,1440,3
2024-03-30,Meesho,M2313,Grocery,Uttarakhand,1750,5
2024-03-30,Meesho,M4074,Home Decor,Assam,3830,5
2024-03-30,Meesho,M8464,Accessories,Bihar,4395,5
2024-03-30,Meesho,M4572,Home Decor,Punjab,2915,5
2024-03-30,Meesho,M1042,Clothes,Rajasthan,900,5
2024-03-30,Meesho,M7236,Electronics,Gujarat,234,2
2024-03-30,Meesho,M5644,Electronics,Telangana,856,4
2024-03-30,Meesho,M7891,Home Decor,Odisha,3092,4
2024-03-30,Meesho,M7001,Clothes,Rajasthan,3850,5
2024-03-30,Meesho,M8386,Grocery,Jharkhand,656,1
2024-03-30,Meesho,M6711,Electronics,Bihar,2256,4
2024-03-30,Meesho,M3967,Grocery,Chhattisgarh,4590,5
2024-03-30,Meesho,M9274,Accessories,West Bengal,932,1
2024-03-30,Meesho,M9769,Clothes,Assam,834,2
2024-03-30,Meesho,M4097,Accessories,Tamil Nadu,3965,5
2024-03-30,Meesho,M4172,Accessories,Punjab,1674,2
2024-03-30,Meesho,M6905,Accessories,Haryana,3840,4
2024-03-30,Meesho,M3520,Grocery,Telangana,1614,2
2024-03-30,Meesho,M5371,Clothes,West Bengal,466,2
2024-03-30,Meesho,M6431,Grocery,Karnataka,707,1
2024-03-30,Meesho,M6773,Accessories,Karnataka,588,4
2024-03-31,Meesho,M8485,Electronics,Jharkhand,1338,2
2024-03-31,Meesho,M8403,Electronics,West Bengal,914,1
2024-03-31,Meesho,M2451,Clothes,Odisha,1226,2
2024-03-31,Meesho,M1109,Electronics,Uttar Pradesh,930,1
2024-03-31,Meesho,M4690,Electronics,Delhi,274,1
2024-03-31,Meesho,M1215,Grocery,Gujarat,1330,2
2024-03-31,Meesho,M2821,Home Decor,Rajasthan,1246,2
2024-03-31,Meesho,M9169,Home Decor,Haryana,1515,3
2024-03-31,Meesho,M1198,Clothes,Assam,4420,5
2024-03-31,Meesho,M6653,Home Decor,West Bengal,515,1
2024-03-31,Meesho,M5574,Home Decor,Punjab,3516,4
2024-03-31,Meesho,M7135,Home Decor,Haryana,2964,3
2024-03-31,Meesho,M8596,Grocery,Kerala,3770,5
2024-03-31,Meesho,M6846,Electronics,Punjab,896,1
2024-03-31,Meesho,M2130,Electronics,Jharkhand,144,1
2024-03-31,Meesho,M1769,Clothes,Telangana,833,1
2024-03-31,Meesho,M6348,Clothes,Bihar,2019,3
2024-03-31,Meesho,M1385,Grocery,Madhya Pradesh,1360,2
2024-03-31,Meesho,M4521,Electronics,Gujarat,2312,4
2024-03-31,Meesho,M6466,Grocery,Maharashtra,447,1
2024-03-31,Meesho,M2352,Clothes,Gujarat,1880,4
2024-03-31,Meesho,M5103,Grocery,Madhya Pradesh,3284,4
2024-03-31,Meesho,M8938,Electronics,Jharkhand,1812,3
2024-03-31,Meesho,M5617,Clothes,Haryana,605,1
2024-03-31,Meesho,M2094,Grocery,Punjab,977,1
2024-03-31,Meesho,M1993,Grocery,Uttar Pradesh,2625,3
2024-03-31,Meesho,M6248,Accessories,Tamil Nadu,3564,4
